{"optimizer": "adam", "epochs": 7, "batch_size": 195, "conv1_weight_decay": 1.2936634205642333e-06, "conv2_weight_decay": 1.3661617789728727e-07, "conv3_weight_decay": 7.616059546753045e-06, "dense1_weight_decay": 1.243997087113052e-06, "dense2_weight_decay": 5.140851780530408e-06, "1cycle_initial_lr_pct": 0.026412411260669948, "1cycle_final_lr_pct": 4.768794585893297e-05, "1cycle_pct_warmup": 0.3859854659158736, "1cycle_max_lr": 2.9670950038931996, "conv1_channels": 4, "conv2_channels": 13, "conv3_channels": 54, "dense1_units": 7}