{"optimizer": "sgd", "nesterov": false, "epochs": 57, "batch_size": 1277, "conv1_weight_decay": 1.353017578452442e-06, "conv2_weight_decay": 2.7089669617620617e-05, "conv3_weight_decay": 1.416362882970592e-07, "dense1_weight_decay": 0.01706698214408673, "dense2_weight_decay": 3.2783631037191127e-07, "1cycle_initial_lr_pct": 0.012988339870789059, "1cycle_final_lr_pct": 0.00025592824912426564, "1cycle_pct_warmup": 0.04113369056383031, "1cycle_max_lr": 1.6179583145758287, "1cycle_momentum_max_damping_factor": 0.9127535660868926, "1cycle_momentum_min_damping_factor_pct": 0.496725132773286, "conv1_channels": 17, "conv2_channels": 17, "conv3_channels": 32, "dense1_units": 24}