{"accuracy": 0.10100000351667404, "loss": 2.343702793121338, "training_time": 12.263575792312622}