{"accuracy": 0.11349999904632568, "loss": 2.302403450012207, "training_time": 30.412732124328613}