{"optimizer": "adam", "epochs": 46, "batch_size": 1787, "conv1_weight_decay": 0.02409252383523437, "conv2_weight_decay": 0.08695108236293832, "conv3_weight_decay": 2.3344718103355509e-07, "dense1_weight_decay": 0.0004572753429002354, "dense2_weight_decay": 6.402617762724202e-05, "1cycle_initial_lr_pct": 0.257368376150183, "1cycle_final_lr_pct": 6.486402758371664e-05, "1cycle_pct_warmup": 0.2940586790814996, "1cycle_max_lr": 0.40036425539874343, "conv1_channels": 24, "conv2_channels": 7, "conv3_channels": 24, "dense1_units": 85}