{"optimizer": "sgd", "nesterov": true, "epochs": 3, "batch_size": 239, "conv1_weight_decay": 0.010918340827719648, "conv2_weight_decay": 0.004071056074534571, "conv3_weight_decay": 4.667787368860841e-06, "dense1_weight_decay": 3.1549199128433346e-05, "dense2_weight_decay": 2.5093166188104947e-06, "1cycle_initial_lr_pct": 0.34120494776714316, "1cycle_final_lr_pct": 0.0002261431598531323, "1cycle_pct_warmup": 0.011483541738793911, "1cycle_max_lr": 0.045200117778972274, "1cycle_momentum_max_damping_factor": 0.19736825153848742, "1cycle_momentum_min_damping_factor_pct": 0.13644158712184154, "conv1_channels": 10, "conv2_channels": 88, "conv3_channels": 27, "dense1_units": 41}