{"accuracy": 0.11349999904632568, "loss": 2.3031818866729736, "training_time": 41.9140248298645}