{"accuracy": 0.9824000000953674, "loss": 0.10735556483268738, "training_time": 6.605050563812256}