{"optimizer": "sgd", "nesterov": true, "epochs": 40, "batch_size": 3327, "conv1_weight_decay": 4.5372811623834884e-05, "conv2_weight_decay": 0.07845616506382357, "conv3_weight_decay": 3.6415678518198927e-06, "dense1_weight_decay": 0.008603191317336148, "dense2_weight_decay": 0.005097598125874694, "1cycle_initial_lr_pct": 0.019745004989904183, "1cycle_final_lr_pct": 0.0013292198252923548, "1cycle_pct_warmup": 0.3558885915949941, "1cycle_max_lr": 0.6557892039777259, "1cycle_max_momentum": 0.9766023109090515, "1cycle_min_momentum_pct": 0.689446959644556, "conv1_channels": 9, "conv2_channels": 30, "conv3_channels": 90, "dense1_units": 11}