{"optimizer": "adam", "epochs": 3, "batch_size": 92, "conv1_weight_decay": 7.790613074630945e-05, "conv2_weight_decay": 0.003699991221568941, "conv3_weight_decay": 4.2666903701536456e-05, "dense1_weight_decay": 1.5714246081525866e-06, "dense2_weight_decay": 0.00037097635766764015, "1cycle_initial_lr_pct": 0.02246776170895638, "1cycle_final_lr_pct": 0.004999356824915617, "1cycle_pct_warmup": 0.026366059980242613, "1cycle_max_lr": 1.002768826222355, "1cycle_beta1_max_damping_factor": 0.012682762517782704, "1cycle_beta1_min_damping_factor_pct": 0.5456241763278353, "beta2_damping_factor": 0.0001314089516967859, "conv1_channels": 22, "conv2_channels": 12, "conv3_channels": 33, "dense1_units": 11}