{"accuracy": 0.11349999904632568, "loss": 2.400231122970581, "training_time": 10.260741710662842}