{"accuracy": 0.11349999904632568, "loss": 2.3024163246154785, "training_time": 21.40950322151184}