{"optimizer": "adam", "epochs": 3, "batch_size": 2024, "conv1_weight_decay": 0.0002093986209971588, "conv2_weight_decay": 0.003765648820866584, "conv3_weight_decay": 0.0007064712863703285, "dense1_weight_decay": 4.7204091188275e-06, "dense2_weight_decay": 6.976673394874918e-06, "1cycle_initial_lr_pct": 0.047338521996008576, "1cycle_final_lr_pct": 0.0014663115687821942, "1cycle_pct_warmup": 0.2096343748550862, "1cycle_max_lr": 0.050647122960024604, "conv1_channels": 18, "conv2_channels": 117, "conv3_channels": 83, "dense1_units": 79}