{"optimizer": "sgd", "nesterov": false, "epochs": 15, "batch_size": 217, "conv1_weight_decay": 0.00029016445553278243, "conv2_weight_decay": 0.09394562036479673, "conv3_weight_decay": 0.29481232407794933, "dense1_weight_decay": 0.0017471446807097234, "dense2_weight_decay": 5.519629267508629e-07, "1cycle_initial_lr_pct": 0.04016440484617746, "1cycle_final_lr_pct": 0.006914529606201989, "1cycle_pct_warmup": 0.09068948837471437, "1cycle_max_lr": 0.19327194058538802, "1cycle_momentum_max_damping_factor": 0.6305486547711858, "1cycle_momentum_min_damping_factor_pct": 0.33274861958156665, "conv1_channels": 11, "conv2_channels": 46, "conv3_channels": 31, "dense1_units": 24}