{"accuracy": 0.9276999831199646, "loss": 0.40098920464515686, "training_time": 21.28507971763611}