{"accuracy": 0.984499990940094, "loss": 0.20454435050487518, "training_time": 11.218486547470093}