{"optimizer": "sgd", "nesterov": false, "epochs": 10, "batch_size": 388, "conv1_weight_decay": 0.0003929363845686369, "conv2_weight_decay": 0.18474500719569867, "conv3_weight_decay": 0.021059848897751914, "dense1_weight_decay": 4.333931883975311e-06, "dense2_weight_decay": 0.0008525395659709962, "1cycle_initial_lr_pct": 0.2724253918457021, "1cycle_final_lr_pct": 0.00012583134428862216, "1cycle_pct_warmup": 0.25446596735157073, "1cycle_max_lr": 0.04075471248609103, "1cycle_max_momentum": 0.4832939156527631, "1cycle_min_momentum_pct": 0.6617034543305635, "conv1_channels": 7, "conv2_channels": 22, "conv3_channels": 94, "dense1_units": 98}