{"optimizer": "adam", "epochs": 40, "batch_size": 18, "conv1_weight_decay": 0.00018399714107095768, "conv2_weight_decay": 0.0023129410628806636, "conv3_weight_decay": 0.003155442198247687, "dense1_weight_decay": 0.0015823207557576643, "dense2_weight_decay": 0.0012082193779162644, "1cycle_initial_lr_pct": 0.3304434593535968, "1cycle_final_lr_pct": 0.0005295589854649208, "1cycle_pct_warmup": 0.08221124593892747, "1cycle_max_lr": 0.3105032388404965, "1cycle_beta1_max_damping_factor": 0.01735003187501329, "1cycle_beta1_min_damping_factor_pct": 0.43256985213852056, "beta2_damping_factor": 0.0001421197410895029, "conv1_channels": 9, "conv2_channels": 30, "conv3_channels": 231, "dense1_units": 154}