{"accuracy": 0.9595000147819519, "loss": 0.3018077611923218, "training_time": 12.300921201705933}