{"optimizer": "sgd", "nesterov": false, "epochs": 30, "batch_size": 146, "conv1_weight_decay": 1.7026248259669213e-05, "conv2_weight_decay": 0.017860516361160036, "conv3_weight_decay": 0.0011745874165275216, "dense1_weight_decay": 0.00021236836754130785, "dense2_weight_decay": 0.0034352613616170534, "1cycle_initial_lr_pct": 0.07694515004681715, "1cycle_final_lr_pct": 0.0015881673160332468, "1cycle_pct_warmup": 0.2475092578586191, "1cycle_max_lr": 1.1831106443094535, "1cycle_max_momentum": 0.802270557954535, "1cycle_min_momentum_pct": 0.9281546138226986, "conv1_channels": 36, "conv2_channels": 7, "conv3_channels": 136, "dense1_units": 70}