{"optimizer": "adam", "epochs": 2, "batch_size": 1914, "conv1_weight_decay": 1.551296798656228e-05, "conv2_weight_decay": 0.00021163778112893755, "conv3_weight_decay": 0.02748087284271607, "dense1_weight_decay": 8.067392464935755e-05, "dense2_weight_decay": 0.0002684731050493278, "1cycle_initial_lr_pct": 0.07031156139411575, "1cycle_final_lr_pct": 0.006214267453879625, "1cycle_pct_warmup": 0.08351892148666887, "1cycle_max_lr": 2.6925556533795083, "1cycle_beta1_max_damping_factor": 0.00687965886977783, "1cycle_beta1_min_damping_factor_pct": 0.9736135816608342, "beta2_damping_factor": 0.0032561373004789634, "conv1_channels": 9, "conv2_channels": 34, "conv3_channels": 137, "dense1_units": 21}