{"optimizer": "sgd", "nesterov": false, "epochs": 19, "batch_size": 1243, "conv1_weight_decay": 0.04458657247422223, "conv2_weight_decay": 0.0064576976751107, "conv3_weight_decay": 0.128667565627374, "dense1_weight_decay": 0.0009592557872090768, "dense2_weight_decay": 0.009773901572536166, "1cycle_initial_lr_pct": 0.12147143928021756, "1cycle_final_lr_pct": 0.0012688312198769521, "1cycle_pct_warmup": 0.08555264289340887, "1cycle_max_lr": 0.05818049513721789, "1cycle_momentum_max_damping_factor": 0.014912494246644035, "1cycle_momentum_min_damping_factor_pct": 0.17353305780534237, "conv1_channels": 56, "conv2_channels": 10, "conv3_channels": 30, "dense1_units": 10}