{"optimizer": "adam", "epochs": 2, "batch_size": 181, "conv1_weight_decay": 0.01484627826065001, "conv2_weight_decay": 0.0693568388228204, "conv3_weight_decay": 0.0004944758709997957, "dense1_weight_decay": 3.52876763855242e-05, "dense2_weight_decay": 0.1822491833789045, "1cycle_initial_lr_pct": 0.10463702519798725, "1cycle_final_lr_pct": 0.003544543502842876, "1cycle_pct_warmup": 0.24518741596490146, "1cycle_max_lr": 0.3481853725335756, "conv1_channels": 27, "conv2_channels": 31, "conv3_channels": 21, "dense1_units": 36}