{"accuracy": 0.11349999904632568, "loss": 2.3021669387817383, "training_time": 6.298131465911865}