{"accuracy": 0.11349999904632568, "loss": 3.4485182762145996, "training_time": 19.34843635559082}