{"optimizer": "adam", "epochs": 15, "batch_size": 1996, "conv1_weight_decay": 2.7222563034456894e-06, "conv2_weight_decay": 2.108181530002648e-06, "conv3_weight_decay": 8.819608069678505e-05, "dense1_weight_decay": 8.085363007567288e-06, "dense2_weight_decay": 0.09312066034064506, "1cycle_initial_lr_pct": 0.15667145281239753, "1cycle_final_lr_pct": 0.0009195431421356539, "1cycle_pct_warmup": 0.2925625870325519, "1cycle_max_lr": 0.1024901153875407, "1cycle_beta1_max_damping_factor": 0.14833720221536983, "1cycle_beta1_min_damping_factor_pct": 0.2404848800507592, "beta2_damping_factor": 0.0001513711328836242, "conv1_channels": 24, "conv2_channels": 55, "conv3_channels": 83, "dense1_units": 173}