{"optimizer": "sgd", "nesterov": true, "epochs": 3, "batch_size": 144, "conv1_weight_decay": 2.8799130941120968e-06, "conv2_weight_decay": 1.2653919249603604e-05, "conv3_weight_decay": 1.4800842138407463e-06, "dense1_weight_decay": 0.0016497674945325728, "dense2_weight_decay": 0.025158047106500273, "1cycle_initial_lr_pct": 0.1492733408458605, "1cycle_final_lr_pct": 0.005607253067138261, "1cycle_pct_warmup": 0.10069448232650756, "1cycle_max_lr": 0.017133319111511794, "1cycle_max_momentum": 0.2121498196464032, "1cycle_min_momentum_pct": 0.8500221027061343, "conv1_channels": 4, "conv2_channels": 105, "conv3_channels": 98, "dense1_units": 12}