{"accuracy": 0.11349999904632568, "loss": 2.7508463859558105, "training_time": 13.180104970932007}