{"accuracy": 0.9221000075340271, "loss": 0.43721118569374084, "training_time": 9.163785696029663}