{"optimizer": "sgd", "nesterov": false, "epochs": 13, "batch_size": 88, "conv1_weight_decay": 4.140021141615914e-07, "conv2_weight_decay": 0.003455374753857743, "conv3_weight_decay": 0.0007527425910229299, "dense1_weight_decay": 1.9469816717941107e-07, "dense2_weight_decay": 6.481193215215691e-05, "1cycle_initial_lr_pct": 0.03254010301286818, "1cycle_final_lr_pct": 4.6841881300269234e-05, "1cycle_pct_warmup": 0.4236866473313421, "1cycle_max_lr": 0.07836341807782016, "1cycle_max_momentum": 0.4849939318047837, "1cycle_min_momentum_pct": 0.7292763888835907, "conv1_channels": 7, "conv2_channels": 13, "conv3_channels": 15, "dense1_units": 13}