{"optimizer": "adam", "epochs": 7, "batch_size": 3228, "conv1_weight_decay": 1.9640715063326373e-07, "conv2_weight_decay": 0.08305738248837773, "conv3_weight_decay": 0.28076219363211596, "dense1_weight_decay": 0.1255992658761369, "dense2_weight_decay": 2.445454950374788e-06, "1cycle_initial_lr_pct": 0.03505147701644365, "1cycle_final_lr_pct": 0.00016601519108381022, "1cycle_pct_warmup": 0.031016203255607985, "1cycle_max_lr": 0.013779598073983334, "1cycle_beta1_max_damping_factor": 0.01939441462273209, "1cycle_beta1_min_damping_factor_pct": 0.5997462504407411, "beta2_damping_factor": 0.2939438575553122, "conv1_channels": 26, "conv2_channels": 54, "conv3_channels": 15, "dense1_units": 19}