{"accuracy": 0.9090999960899353, "loss": 1.9522689580917358, "training_time": 8.213296175003052}