{"accuracy": 0.9883999824523926, "loss": 0.060547877103090286, "training_time": 37.95775270462036}