{"optimizer": "sgd", "nesterov": false, "epochs": 6, "batch_size": 27, "conv1_weight_decay": 0.2816144836081348, "conv2_weight_decay": 1.521687448276226e-06, "conv3_weight_decay": 0.0023583710881192985, "dense1_weight_decay": 0.1965941055061578, "dense2_weight_decay": 0.017776849725372593, "1cycle_initial_lr_pct": 0.0702345331048759, "1cycle_final_lr_pct": 0.001068265442926538, "1cycle_pct_warmup": 0.2585926188249141, "1cycle_max_lr": 1.764451117172231, "1cycle_max_momentum": 0.2920525315795094, "1cycle_min_momentum_pct": 0.3106317790225148, "conv1_channels": 27, "conv2_channels": 9, "conv3_channels": 248, "dense1_units": 46}