{"optimizer": "adam", "epochs": 34, "batch_size": 453, "conv1_weight_decay": 0.20372077012635564, "conv2_weight_decay": 2.5952876141745168e-05, "conv3_weight_decay": 0.04440552234424795, "dense1_weight_decay": 1.8417692668746448e-07, "dense2_weight_decay": 0.281604438835586, "1cycle_initial_lr_pct": 0.07821677248235107, "1cycle_final_lr_pct": 0.0045725394591962345, "1cycle_pct_warmup": 0.013347314787729492, "1cycle_max_lr": 1.9271173329258966, "1cycle_beta1_max_damping_factor": 0.0002983648744093791, "1cycle_beta1_min_damping_factor_pct": 0.8411383269820552, "beta2_damping_factor": 0.002358064330206146, "conv1_channels": 13, "conv2_channels": 29, "conv3_channels": 17, "dense1_units": 26}