{"optimizer": "adam", "epochs": 2, "batch_size": 866, "conv1_weight_decay": 8.028823784200473e-06, "conv2_weight_decay": 0.0006776311165523749, "conv3_weight_decay": 0.07873449902201161, "dense1_weight_decay": 0.1590326471247552, "dense2_weight_decay": 0.009120986378609142, "1cycle_initial_lr_pct": 0.05615390554214023, "1cycle_final_lr_pct": 0.001937293086783155, "1cycle_pct_warmup": 0.01338283551929498, "1cycle_max_lr": 0.08817391236841887, "1cycle_beta1_max_damping_factor": 0.3439505306518493, "1cycle_beta1_min_damping_factor_pct": 0.34194561732056167, "beta2_damping_factor": 0.1360550087153469, "conv1_channels": 12, "conv2_channels": 52, "conv3_channels": 159, "dense1_units": 40}