{"optimizer": "sgd", "nesterov": true, "epochs": 37, "batch_size": 59, "conv1_weight_decay": 6.348428135074358e-06, "conv2_weight_decay": 0.03407337758349484, "conv3_weight_decay": 0.0004034254702131981, "dense1_weight_decay": 2.0199978927800342e-07, "dense2_weight_decay": 0.16838970195163183, "1cycle_initial_lr_pct": 0.05623157642431749, "1cycle_final_lr_pct": 0.002951259024208688, "1cycle_pct_warmup": 0.25678107902407643, "1cycle_max_lr": 0.018480918091315475, "1cycle_max_momentum": 0.5448531871508807, "1cycle_min_momentum_pct": 0.6562746148556471, "conv1_channels": 4, "conv2_channels": 15, "conv3_channels": 24, "dense1_units": 62}