{"accuracy": 0.11349999904632568, "loss": 2.3013134002685547, "training_time": 4.515845537185669}