{"optimizer": "sgd", "nesterov": false, "epochs": 43, "batch_size": 1153, "conv1_weight_decay": 0.00035505579168930706, "conv2_weight_decay": 0.0007219380831477092, "conv3_weight_decay": 0.001554323533575558, "dense1_weight_decay": 0.00010364714024705929, "dense2_weight_decay": 0.003991418361019235, "1cycle_initial_lr_pct": 0.10173913407777292, "1cycle_final_lr_pct": 8.495479979851974e-05, "1cycle_pct_warmup": 0.010759559046971961, "1cycle_max_lr": 2.1512514637870352, "1cycle_momentum_max_damping_factor": 0.028924293686365125, "1cycle_momentum_min_damping_factor_pct": 0.6547648363440587, "conv1_channels": 11, "conv2_channels": 85, "conv3_channels": 37, "dense1_units": 23}