{"optimizer": "adam", "epochs": 10, "batch_size": 232, "conv1_weight_decay": 0.00024032594043078706, "conv2_weight_decay": 0.022944958152582313, "conv3_weight_decay": 0.010999692788572565, "dense1_weight_decay": 0.0002383423580346594, "dense2_weight_decay": 0.00017943342911321913, "1cycle_initial_lr_pct": 0.1209546651603011, "1cycle_final_lr_pct": 0.000219915586121544, "1cycle_pct_warmup": 0.3114398244675249, "1cycle_max_lr": 1.5729431985907003, "conv1_channels": 6, "conv2_channels": 48, "conv3_channels": 155, "dense1_units": 57}