{"accuracy": 0.10279999673366547, "loss": 2.354461908340454, "training_time": 15.316535472869873}