{"accuracy": 0.10279999673366547, "loss": 2.30374813079834, "training_time": 29.705366849899292}