{"optimizer": "adam", "epochs": 38, "batch_size": 230, "conv1_weight_decay": 4.518822379628384e-06, "conv2_weight_decay": 4.579867305928402e-05, "conv3_weight_decay": 0.10076539050685963, "dense1_weight_decay": 0.0005930004596745904, "dense2_weight_decay": 1.0662873392677283e-05, "1cycle_initial_lr_pct": 0.19963245606571925, "1cycle_final_lr_pct": 0.00012705961957399753, "1cycle_pct_warmup": 0.13343592216017855, "1cycle_max_lr": 7.647603108650063, "1cycle_beta1_max_damping_factor": 0.11820122585729588, "1cycle_beta1_min_damping_factor_pct": 0.12636005616076518, "beta2_damping_factor": 0.3386046011774009, "conv1_channels": 21, "conv2_channels": 12, "conv3_channels": 167, "dense1_units": 87}