{"optimizer": "sgd", "nesterov": false, "epochs": 6, "batch_size": 1922, "conv1_weight_decay": 6.9499800674608284e-06, "conv2_weight_decay": 1.6456493560130148e-07, "conv3_weight_decay": 0.0003248900544061358, "dense1_weight_decay": 6.373238124928235e-05, "dense2_weight_decay": 1.0205832145537026e-07, "1cycle_initial_lr_pct": 0.40726506880552255, "1cycle_final_lr_pct": 0.0001817652530081211, "1cycle_pct_warmup": 0.14008722963742912, "1cycle_max_lr": 6.780098698738146, "1cycle_max_momentum": 0.6891767995468341, "1cycle_min_momentum_pct": 0.8255204847082496, "conv1_channels": 6, "conv2_channels": 46, "conv3_channels": 17, "dense1_units": 10}