{"optimizer": "adam", "epochs": 27, "batch_size": 77, "conv1_weight_decay": 0.0005180130727686563, "conv2_weight_decay": 0.1534535885857434, "conv3_weight_decay": 0.13934895823162421, "dense1_weight_decay": 8.199780051904415e-06, "dense2_weight_decay": 7.855711987901436e-07, "1cycle_initial_lr_pct": 0.2010093389102913, "1cycle_final_lr_pct": 4.0675927028237275e-05, "1cycle_pct_warmup": 0.03859980561595229, "1cycle_max_lr": 2.9473571875514306, "1cycle_beta1_max_damping_factor": 0.000245331322937984, "1cycle_beta1_min_damping_factor_pct": 0.20046244539348726, "beta2_damping_factor": 0.03635572942367895, "conv1_channels": 4, "conv2_channels": 48, "conv3_channels": 36, "dense1_units": 83}