{"optimizer": "sgd", "nesterov": true, "epochs": 4, "batch_size": 2570, "conv1_weight_decay": 0.0007289582272147302, "conv2_weight_decay": 0.002171336410889144, "conv3_weight_decay": 0.00045592843908258255, "dense1_weight_decay": 0.001587648167656973, "dense2_weight_decay": 9.410536476906725e-05, "1cycle_initial_lr_pct": 0.4032466999733225, "1cycle_final_lr_pct": 0.0004857523792055317, "1cycle_pct_warmup": 0.37909095210023225, "1cycle_max_lr": 1.2789366190058655, "1cycle_max_momentum": 0.6081245854399167, "1cycle_min_momentum_pct": 0.16474803071469069, "conv1_channels": 21, "conv2_channels": 70, "conv3_channels": 33, "dense1_units": 194}