{"optimizer": "sgd", "nesterov": false, "epochs": 11, "batch_size": 3988, "conv1_weight_decay": 4.5345695128824e-06, "conv2_weight_decay": 4.5381751094928786e-06, "conv3_weight_decay": 0.06766247263380165, "dense1_weight_decay": 1.5079734390448608e-07, "dense2_weight_decay": 0.002226207692112024, "1cycle_initial_lr_pct": 0.2085178419526945, "1cycle_final_lr_pct": 0.00036824374226600835, "1cycle_pct_warmup": 0.010736786723136903, "1cycle_max_lr": 8.652990031924222, "1cycle_max_momentum": 0.087485002754163, "1cycle_min_momentum_pct": 0.08408841118216515, "conv1_channels": 4, "conv2_channels": 17, "conv3_channels": 17, "dense1_units": 37}