{"optimizer": "adam", "epochs": 42, "batch_size": 126, "conv1_weight_decay": 1.026538827140069e-05, "conv2_weight_decay": 8.732886019270657e-07, "conv3_weight_decay": 0.0004858101171602012, "dense1_weight_decay": 0.24480951977796256, "dense2_weight_decay": 0.0004835168432793739, "1cycle_initial_lr_pct": 0.4742329752529007, "1cycle_final_lr_pct": 5.2113928019725174e-05, "1cycle_pct_warmup": 0.31503780283382865, "1cycle_max_lr": 9.395353548270197, "1cycle_beta1_max_damping_factor": 0.16835952974975515, "1cycle_beta1_min_damping_factor_pct": 0.3167842446373267, "beta2_damping_factor": 0.4957823549369222, "conv1_channels": 57, "conv2_channels": 83, "conv3_channels": 54, "dense1_units": 230}