{"optimizer": "sgd", "nesterov": false, "epochs": 9, "batch_size": 264, "conv1_weight_decay": 0.018770601898925425, "conv2_weight_decay": 0.000817171686333032, "conv3_weight_decay": 1.775345378898457e-05, "dense1_weight_decay": 2.140513514034683e-05, "dense2_weight_decay": 5.718249628246124e-07, "1cycle_initial_lr_pct": 0.013721568748570228, "1cycle_final_lr_pct": 0.005803371916340371, "1cycle_pct_warmup": 0.03203798442685633, "1cycle_max_lr": 0.03442646080757096, "1cycle_momentum_max_damping_factor": 0.00022095182614908452, "1cycle_momentum_min_damping_factor_pct": 0.31982302234393334, "conv1_channels": 6, "conv2_channels": 31, "conv3_channels": 191, "dense1_units": 9}