{"optimizer": "adam", "epochs": 13, "batch_size": 17, "conv1_weight_decay": 0.009532845415703789, "conv2_weight_decay": 0.019915315658244986, "conv3_weight_decay": 3.040701514969895e-07, "dense1_weight_decay": 0.0030634622484577282, "dense2_weight_decay": 6.81010177901707e-06, "1cycle_initial_lr_pct": 0.026748122923658024, "1cycle_final_lr_pct": 0.0012655800542877074, "1cycle_pct_warmup": 0.4353665861859918, "1cycle_max_lr": 0.25111589444692956, "conv1_channels": 42, "conv2_channels": 108, "conv3_channels": 63, "dense1_units": 115}