{"optimizer": "sgd", "nesterov": false, "epochs": 6, "batch_size": 305, "conv1_weight_decay": 1.141539048489512e-05, "conv2_weight_decay": 0.00041563643138011516, "conv3_weight_decay": 0.06016803901718389, "dense1_weight_decay": 4.3111318245728673e-07, "dense2_weight_decay": 0.214271816490158, "1cycle_initial_lr_pct": 0.4553268253914892, "1cycle_final_lr_pct": 0.0002062079031991008, "1cycle_pct_warmup": 0.28507203152063587, "1cycle_max_lr": 0.8448471414758714, "1cycle_momentum_max_damping_factor": 0.3253013139022791, "1cycle_momentum_min_damping_factor_pct": 0.28080336685936486, "conv1_channels": 6, "conv2_channels": 48, "conv3_channels": 95, "dense1_units": 51}