{"optimizer": "adam", "epochs": 17, "batch_size": 18, "conv1_weight_decay": 2.232505424930394e-05, "conv2_weight_decay": 0.009691116567250978, "conv3_weight_decay": 0.00024922364218729555, "dense1_weight_decay": 0.07519011806311561, "dense2_weight_decay": 0.013931078545340076, "1cycle_initial_lr_pct": 0.21406751438220506, "1cycle_final_lr_pct": 5.794087440145687e-05, "1cycle_pct_warmup": 0.08744858099147677, "1cycle_max_lr": 0.4666758478255236, "conv1_channels": 4, "conv2_channels": 31, "conv3_channels": 223, "dense1_units": 142}