{"accuracy": 0.11349999904632568, "loss": 2.3015778064727783, "training_time": 8.330184698104858}