{"optimizer": "sgd", "nesterov": true, "epochs": 3, "batch_size": 485, "conv1_weight_decay": 0.00016409477424542918, "conv2_weight_decay": 0.0001777169593306589, "conv3_weight_decay": 8.378768505725935e-05, "dense1_weight_decay": 0.2611951236083657, "dense2_weight_decay": 0.000770572045080533, "1cycle_initial_lr_pct": 0.046016596602064586, "1cycle_final_lr_pct": 0.00188067618339855, "1cycle_pct_warmup": 0.1527567241948246, "1cycle_max_lr": 0.1553453550656214, "1cycle_momentum_max_damping_factor": 0.003706751242106917, "1cycle_momentum_min_damping_factor_pct": 0.5660148153759916, "conv1_channels": 27, "conv2_channels": 32, "conv3_channels": 186, "dense1_units": 66}