{"optimizer": "adam", "epochs": 42, "batch_size": 31, "conv1_weight_decay": 3.117856406250758e-05, "conv2_weight_decay": 0.014959544650968224, "conv3_weight_decay": 1.0631606828940553e-06, "dense1_weight_decay": 1.482326549691643e-07, "dense2_weight_decay": 0.0012409792583759826, "1cycle_initial_lr_pct": 0.04435166902143827, "1cycle_final_lr_pct": 0.003027614948895544, "1cycle_pct_warmup": 0.17545980790629984, "1cycle_max_lr": 0.013429906018642851, "conv1_channels": 6, "conv2_channels": 62, "conv3_channels": 156, "dense1_units": 17}