{"optimizer": "sgd", "nesterov": false, "epochs": 18, "batch_size": 2556, "conv1_weight_decay": 0.12187121342864213, "conv2_weight_decay": 6.091772902537756e-07, "conv3_weight_decay": 0.00047572183664431396, "dense1_weight_decay": 1.6109870702581518e-07, "dense2_weight_decay": 4.9343309823797345e-06, "1cycle_initial_lr_pct": 0.2398184157459567, "1cycle_final_lr_pct": 0.00019621111285849272, "1cycle_pct_warmup": 0.011910351061696656, "1cycle_max_lr": 1.1994422848931132, "1cycle_momentum_max_damping_factor": 0.10966022765256347, "1cycle_momentum_min_damping_factor_pct": 0.14155327559726785, "conv1_channels": 11, "conv2_channels": 48, "conv3_channels": 130, "dense1_units": 166}