{"optimizer": "adam", "epochs": 2, "batch_size": 103, "conv1_weight_decay": 0.1460323119552936, "conv2_weight_decay": 6.000355838150515e-05, "conv3_weight_decay": 0.06822213043419592, "dense1_weight_decay": 0.21332547614215222, "dense2_weight_decay": 5.410576276345912e-07, "1cycle_initial_lr_pct": 0.48917057111313683, "1cycle_final_lr_pct": 4.149496171286316e-05, "1cycle_pct_warmup": 0.29726217812858524, "1cycle_max_lr": 2.3431745887127633, "conv1_channels": 11, "conv2_channels": 34, "conv3_channels": 138, "dense1_units": 56}