{"optimizer": "sgd", "nesterov": false, "epochs": 2, "batch_size": 188, "conv1_weight_decay": 0.04785528323363256, "conv2_weight_decay": 0.004808985920386699, "conv3_weight_decay": 1.7543262633543732e-05, "dense1_weight_decay": 1.568792797145171e-07, "dense2_weight_decay": 1.9153426634456274e-07, "1cycle_initial_lr_pct": 0.12225700783852143, "1cycle_final_lr_pct": 0.007985495100667019, "1cycle_pct_warmup": 0.46904882294125855, "1cycle_max_lr": 0.11594861535391619, "1cycle_max_momentum": 0.7324575270585716, "1cycle_min_momentum_pct": 0.8991880603134632, "conv1_channels": 22, "conv2_channels": 24, "conv3_channels": 214, "dense1_units": 106}