{"optimizer": "adam", "epochs": 24, "batch_size": 1261, "conv1_weight_decay": 0.06229186544358249, "conv2_weight_decay": 0.06268283142780044, "conv3_weight_decay": 3.83205847292483e-07, "dense1_weight_decay": 0.24153068800248656, "dense2_weight_decay": 1.794638483852587e-05, "1cycle_initial_lr_pct": 0.10528095010778016, "1cycle_final_lr_pct": 0.0006901402868447711, "1cycle_pct_warmup": 0.047015368091437415, "1cycle_max_lr": 0.020051772070807248, "1cycle_beta1_max_damping_factor": 0.0002785757493476009, "1cycle_beta1_min_damping_factor_pct": 0.47371936870204623, "beta2_damping_factor": 0.0009288757767332897, "conv1_channels": 9, "conv2_channels": 74, "conv3_channels": 95, "dense1_units": 94}