{"accuracy": 0.9782000184059143, "loss": 0.12835454940795898, "training_time": 11.116025686264038}