{"accuracy": 0.9751999974250793, "loss": 1.6243780851364136, "training_time": 18.664939880371094}