{"optimizer": "adam", "epochs": 15, "batch_size": 30, "conv1_weight_decay": 0.00023212716087886906, "conv2_weight_decay": 1.5513367961600182e-06, "conv3_weight_decay": 0.12378052735081221, "dense1_weight_decay": 7.117339541344553e-06, "dense2_weight_decay": 3.420943814765236e-07, "1cycle_initial_lr_pct": 0.4423100917244872, "1cycle_final_lr_pct": 4.282728215479171e-05, "1cycle_pct_warmup": 0.4555036923568696, "1cycle_max_lr": 3.1519717009376502, "conv1_channels": 24, "conv2_channels": 122, "conv3_channels": 119, "dense1_units": 21}