{"optimizer": "sgd", "nesterov": true, "epochs": 10, "batch_size": 504, "conv1_weight_decay": 0.0003669628804166557, "conv2_weight_decay": 2.4306609696166174e-05, "conv3_weight_decay": 0.00026097978658055194, "dense1_weight_decay": 0.0025568814995665786, "dense2_weight_decay": 6.940813723161956e-06, "1cycle_initial_lr_pct": 0.21395960520671603, "1cycle_final_lr_pct": 0.0001860356284636653, "1cycle_pct_warmup": 0.045127654209545745, "1cycle_max_lr": 4.320241790340981, "1cycle_momentum_max_damping_factor": 0.00019129676174296336, "1cycle_momentum_min_damping_factor_pct": 0.20493354299699545, "conv1_channels": 37, "conv2_channels": 83, "conv3_channels": 83, "dense1_units": 161}