{"optimizer": "adam", "epochs": 19, "batch_size": 175, "conv1_weight_decay": 6.496466727917528e-05, "conv2_weight_decay": 3.890502592417811e-05, "conv3_weight_decay": 0.0001266692201467739, "dense1_weight_decay": 7.516188408345071e-05, "dense2_weight_decay": 2.0091900354185284e-06, "1cycle_initial_lr_pct": 0.05259674168956488, "1cycle_final_lr_pct": 0.0041721893877778304, "1cycle_pct_warmup": 0.19041275229232094, "1cycle_max_lr": 0.019541785996762276, "1cycle_beta1_max_damping_factor": 0.272668419033138, "1cycle_beta1_min_damping_factor_pct": 0.44306973195234006, "beta2_damping_factor": 0.10494452332943353, "conv1_channels": 4, "conv2_channels": 9, "conv3_channels": 90, "dense1_units": 74}