{"optimizer": "sgd", "nesterov": true, "epochs": 2, "batch_size": 1285, "conv1_weight_decay": 9.979173354766236e-05, "conv2_weight_decay": 1.0639433381307968e-07, "conv3_weight_decay": 8.32737413820083e-07, "dense1_weight_decay": 0.00017480048932603387, "dense2_weight_decay": 5.054164949643311e-05, "1cycle_initial_lr_pct": 0.0520558529395351, "1cycle_final_lr_pct": 0.0011438162309518744, "1cycle_pct_warmup": 0.12856697655282914, "1cycle_max_lr": 0.11779038421145566, "1cycle_max_momentum": 0.4722083415320143, "1cycle_min_momentum_pct": 0.17725540325045586, "conv1_channels": 4, "conv2_channels": 24, "conv3_channels": 24, "dense1_units": 232}