{"accuracy": 0.8945000171661377, "loss": 0.3897455036640167, "training_time": 5.999316215515137}