{"accuracy": 0.9887999892234802, "loss": 0.05408157408237457, "training_time": 27.508002281188965}