{"optimizer": "adam", "epochs": 34, "batch_size": 1567, "conv1_weight_decay": 5.289248835961997e-05, "conv2_weight_decay": 2.991645173101467e-07, "conv3_weight_decay": 6.727077096527739e-07, "dense1_weight_decay": 0.0011952731873957005, "dense2_weight_decay": 0.0008365719774967366, "1cycle_initial_lr_pct": 0.13132502586948552, "1cycle_final_lr_pct": 6.545268804623209e-05, "1cycle_pct_warmup": 0.0362706376464686, "1cycle_max_lr": 3.1536313374176173, "1cycle_beta1_max_damping_factor": 0.0005264003548515851, "1cycle_beta1_min_damping_factor_pct": 0.5703379523499724, "beta2_damping_factor": 0.01998510020876442, "conv1_channels": 6, "conv2_channels": 29, "conv3_channels": 221, "dense1_units": 77}