{"optimizer": "sgd", "nesterov": true, "epochs": 6, "batch_size": 174, "conv1_weight_decay": 6.957237800360263e-05, "conv2_weight_decay": 3.826713953479247e-05, "conv3_weight_decay": 0.0001294866245342344, "dense1_weight_decay": 6.43641614947449e-06, "dense2_weight_decay": 0.0013016222740244647, "1cycle_initial_lr_pct": 0.1307531010678832, "1cycle_final_lr_pct": 0.00030831302385145987, "1cycle_pct_warmup": 0.3942565618734807, "1cycle_max_lr": 4.796319904566823, "1cycle_max_momentum": 0.12904804962258787, "1cycle_min_momentum_pct": 0.2827570177614689, "conv1_channels": 23, "conv2_channels": 13, "conv3_channels": 53, "dense1_units": 110}