{"accuracy": 0.11349999904632568, "loss": 2.302959680557251, "training_time": 12.24570107460022}