{"accuracy": 0.0957999974489212, "loss": 20.0, "training_time": 19.361558198928833}