{"optimizer": "adam", "epochs": 26, "batch_size": 34, "conv1_weight_decay": 1.2195242965890762e-06, "conv2_weight_decay": 0.0001296304787510484, "conv3_weight_decay": 0.0017726878281369993, "dense1_weight_decay": 0.0006760596732843437, "dense2_weight_decay": 1.60641240522795e-05, "1cycle_initial_lr_pct": 0.1383714910063415, "1cycle_final_lr_pct": 0.00015738307992320822, "1cycle_pct_warmup": 0.07721865935251117, "1cycle_max_lr": 1.057537525734871, "conv1_channels": 7, "conv2_channels": 22, "conv3_channels": 190, "dense1_units": 149}