{"optimizer": "sgd", "nesterov": false, "epochs": 2, "batch_size": 603, "conv1_weight_decay": 1.4198291619825444e-06, "conv2_weight_decay": 1.6419011056019677e-07, "conv3_weight_decay": 0.018926949693170225, "dense1_weight_decay": 3.825787882920352e-05, "dense2_weight_decay": 2.1402097542006325e-07, "1cycle_initial_lr_pct": 0.13475685548647104, "1cycle_final_lr_pct": 0.00011535815989582033, "1cycle_pct_warmup": 0.25722868317012215, "1cycle_max_lr": 0.45652697912885215, "1cycle_momentum_max_damping_factor": 0.0994982053917221, "1cycle_momentum_min_damping_factor_pct": 0.329315283209985, "conv1_channels": 6, "conv2_channels": 79, "conv3_channels": 29, "dense1_units": 7}