{"accuracy": 0.11349999904632568, "loss": 2.344411849975586, "training_time": 4.427360773086548}