{"optimizer": "adam", "epochs": 6, "batch_size": 121, "conv1_weight_decay": 6.983037745828459e-07, "conv2_weight_decay": 0.0004962393967208256, "conv3_weight_decay": 1.9662743119952805e-06, "dense1_weight_decay": 0.009659333277131152, "dense2_weight_decay": 0.2661266138854555, "1cycle_initial_lr_pct": 0.02130236683752659, "1cycle_final_lr_pct": 0.00035589137350189965, "1cycle_pct_warmup": 0.16588702577322662, "1cycle_max_lr": 0.01843550516564416, "1cycle_beta1_max_damping_factor": 0.006011233210346815, "1cycle_beta1_min_damping_factor_pct": 0.12948358834756366, "beta2_damping_factor": 0.017640280833328553, "conv1_channels": 4, "conv2_channels": 92, "conv3_channels": 26, "dense1_units": 24}