{"optimizer": "sgd", "nesterov": true, "epochs": 11, "batch_size": 3903, "conv1_weight_decay": 6.826203134091287e-07, "conv2_weight_decay": 0.041322712907218125, "conv3_weight_decay": 4.524783458332957e-05, "dense1_weight_decay": 7.576540525634408e-07, "dense2_weight_decay": 0.016205089697165855, "1cycle_initial_lr_pct": 0.016038677389199566, "1cycle_final_lr_pct": 6.906543679496693e-05, "1cycle_pct_warmup": 0.16903698868118228, "1cycle_max_lr": 0.11138104239338098, "1cycle_max_momentum": 0.926969705551397, "1cycle_min_momentum_pct": 0.13095613848417997, "conv1_channels": 36, "conv2_channels": 46, "conv3_channels": 48, "dense1_units": 223}