{"accuracy": 0.9835000038146973, "loss": 0.1961440145969391, "training_time": 14.127638816833496}