{"accuracy": 0.934499979019165, "loss": 0.5043895840644836, "training_time": 21.423015356063843}