{"optimizer": "adam", "epochs": 48, "batch_size": 22, "conv1_weight_decay": 0.00037393065840381304, "conv2_weight_decay": 0.06026069447482385, "conv3_weight_decay": 6.020484640575015e-06, "dense1_weight_decay": 1.0893221816180052e-05, "dense2_weight_decay": 4.065503713000949e-06, "1cycle_initial_lr_pct": 0.028932121778906843, "1cycle_final_lr_pct": 7.930298677048784e-05, "1cycle_pct_warmup": 0.12024005553685128, "1cycle_max_lr": 1.9314038623849428, "conv1_channels": 11, "conv2_channels": 12, "conv3_channels": 34, "dense1_units": 13}