{"optimizer": "sgd", "nesterov": false, "epochs": 3, "batch_size": 336, "conv1_weight_decay": 0.00021200862699755887, "conv2_weight_decay": 0.005790110559816038, "conv3_weight_decay": 2.0359703997613837e-07, "dense1_weight_decay": 0.004101853831970941, "dense2_weight_decay": 5.743286557494091e-05, "1cycle_initial_lr_pct": 0.014482781528565233, "1cycle_final_lr_pct": 0.0003799817873727837, "1cycle_pct_warmup": 0.2015608895062217, "1cycle_max_lr": 1.3837970211928734, "1cycle_momentum_max_damping_factor": 0.00010214291220213455, "1cycle_momentum_min_damping_factor_pct": 0.26628115766958677, "conv1_channels": 26, "conv2_channels": 59, "conv3_channels": 74, "dense1_units": 22}