{"accuracy": 0.09799999743700027, "loss": 20.0, "training_time": 6.5691657066345215}