{"optimizer": "sgd", "nesterov": true, "epochs": 10, "batch_size": 971, "conv1_weight_decay": 0.0013446520582328237, "conv2_weight_decay": 0.28837409792755947, "conv3_weight_decay": 0.0705385223587375, "dense1_weight_decay": 3.1986115077842747e-06, "dense2_weight_decay": 0.017344865933947802, "1cycle_initial_lr_pct": 0.10832460786473579, "1cycle_final_lr_pct": 0.0012301892607300708, "1cycle_pct_warmup": 0.3340446092120352, "1cycle_max_lr": 0.12884518355674485, "1cycle_momentum_max_damping_factor": 0.002694196945392722, "1cycle_momentum_min_damping_factor_pct": 0.2132291033670317, "conv1_channels": 10, "conv2_channels": 26, "conv3_channels": 44, "dense1_units": 10}