{"optimizer": "adam", "epochs": 13, "batch_size": 57, "conv1_weight_decay": 0.005313946870287473, "conv2_weight_decay": 0.0014205903346338202, "conv3_weight_decay": 0.00022309726016468277, "dense1_weight_decay": 0.028557104034667068, "dense2_weight_decay": 0.2763015409263423, "1cycle_initial_lr_pct": 0.11573575727047396, "1cycle_final_lr_pct": 0.003718374030433237, "1cycle_pct_warmup": 0.017740079313516618, "1cycle_max_lr": 0.010490905872601809, "conv1_channels": 13, "conv2_channels": 7, "conv3_channels": 46, "dense1_units": 79}