{"accuracy": 0.11349999904632568, "loss": 2.811248540878296, "training_time": 7.660658359527588}