{"optimizer": "sgd", "nesterov": true, "epochs": 15, "batch_size": 46, "conv1_weight_decay": 4.585023711346933e-07, "conv2_weight_decay": 0.0012349544727343923, "conv3_weight_decay": 1.014305771019559e-07, "dense1_weight_decay": 2.13240407188781e-07, "dense2_weight_decay": 0.00011320980926787318, "1cycle_initial_lr_pct": 0.0960084042143208, "1cycle_final_lr_pct": 9.25815745055745e-05, "1cycle_pct_warmup": 0.2671635035394465, "1cycle_max_lr": 0.01772100109245174, "1cycle_momentum_max_damping_factor": 0.05555698964447216, "1cycle_momentum_min_damping_factor_pct": 0.3181372634029159, "conv1_channels": 4, "conv2_channels": 52, "conv3_channels": 137, "dense1_units": 72}