{"optimizer": "adam", "epochs": 3, "batch_size": 655, "conv1_weight_decay": 2.2586268342484621e-07, "conv2_weight_decay": 0.24406805514766708, "conv3_weight_decay": 1.053878695668023e-05, "dense1_weight_decay": 0.26581412123597814, "dense2_weight_decay": 8.75719600099982e-07, "1cycle_initial_lr_pct": 0.09038783619168768, "1cycle_final_lr_pct": 0.00020538601338047826, "1cycle_pct_warmup": 0.07398556065745651, "1cycle_max_lr": 0.13413501023420724, "conv1_channels": 15, "conv2_channels": 77, "conv3_channels": 17, "dense1_units": 186}