{"accuracy": 0.11349999904632568, "loss": 2.304104804992676, "training_time": 11.232049703598022}