{"optimizer": "adam", "epochs": 4, "batch_size": 422, "conv1_weight_decay": 0.0005681018911781259, "conv2_weight_decay": 4.983290674912487e-05, "conv3_weight_decay": 1.0530049726930123e-07, "dense1_weight_decay": 0.024448006982511695, "dense2_weight_decay": 9.723683764483069e-07, "1cycle_initial_lr_pct": 0.08798650348076584, "1cycle_final_lr_pct": 0.004941289320453952, "1cycle_pct_warmup": 0.14384175345301628, "1cycle_max_lr": 13.311557258629941, "conv1_channels": 27, "conv2_channels": 23, "conv3_channels": 68, "dense1_units": 213}