{"optimizer": "sgd", "nesterov": false, "epochs": 31, "batch_size": 22, "conv1_weight_decay": 0.0008145410479218813, "conv2_weight_decay": 4.6815932189031903e-07, "conv3_weight_decay": 8.131697810903803e-06, "dense1_weight_decay": 2.64146258794497e-06, "dense2_weight_decay": 0.00013013397468979816, "1cycle_initial_lr_pct": 0.08107106141534387, "1cycle_final_lr_pct": 0.000892919497704201, "1cycle_pct_warmup": 0.1465198716980238, "1cycle_max_lr": 18.262707480756994, "1cycle_momentum_max_damping_factor": 0.0207209675771333, "1cycle_momentum_min_damping_factor_pct": 0.715139874121362, "conv1_channels": 4, "conv2_channels": 101, "conv3_channels": 29, "dense1_units": 239}