{"accuracy": 0.10320000350475311, "loss": 20.0, "training_time": 11.185970783233643}