{"optimizer": "sgd", "nesterov": true, "epochs": 10, "batch_size": 2587, "conv1_weight_decay": 5.845869644532962e-05, "conv2_weight_decay": 9.734713866695375e-05, "conv3_weight_decay": 0.011009453303401143, "dense1_weight_decay": 3.0174581078253636e-05, "dense2_weight_decay": 0.2974172506589847, "1cycle_initial_lr_pct": 0.09237790193169564, "1cycle_final_lr_pct": 0.00299477220019997, "1cycle_pct_warmup": 0.08692438507852271, "1cycle_max_lr": 3.2867944990561755, "1cycle_momentum_max_damping_factor": 0.00011147534458900438, "1cycle_momentum_min_damping_factor_pct": 0.4204153235645866, "conv1_channels": 46, "conv2_channels": 70, "conv3_channels": 197, "dense1_units": 15}