{"optimizer": "adam", "epochs": 13, "batch_size": 103, "conv1_weight_decay": 9.505330503684236e-05, "conv2_weight_decay": 2.9915609037285087e-07, "conv3_weight_decay": 0.002890634437150571, "dense1_weight_decay": 0.0004429703989147402, "dense2_weight_decay": 0.016391310332970623, "1cycle_initial_lr_pct": 0.09520934525085674, "1cycle_final_lr_pct": 0.0006289151297675, "1cycle_pct_warmup": 0.2469936949852854, "1cycle_max_lr": 4.402009307776802, "conv1_channels": 4, "conv2_channels": 13, "conv3_channels": 149, "dense1_units": 31}