{"accuracy": 0.11349999904632568, "loss": 2.3042545318603516, "training_time": 33.80174231529236}