{"accuracy": 0.0957999974489212, "loss": 20.0, "training_time": 16.911070108413696}