{"optimizer": "sgd", "nesterov": true, "epochs": 48, "batch_size": 169, "conv1_weight_decay": 0.0016407092304183497, "conv2_weight_decay": 0.05667710304003712, "conv3_weight_decay": 4.365075452243724e-05, "dense1_weight_decay": 5.0015790992404246e-06, "dense2_weight_decay": 0.00016297754188522438, "1cycle_initial_lr_pct": 0.41425298030492463, "1cycle_final_lr_pct": 4.328673922923145e-05, "1cycle_pct_warmup": 0.4498145286963488, "1cycle_max_lr": 1.5886025250787297, "1cycle_momentum_max_damping_factor": 0.007379496475744008, "1cycle_momentum_min_damping_factor_pct": 0.16526249949872746, "conv1_channels": 32, "conv2_channels": 36, "conv3_channels": 59, "dense1_units": 21}