{"optimizer": "adam", "epochs": 9, "batch_size": 1242, "conv1_weight_decay": 0.0060602460733345945, "conv2_weight_decay": 0.006149758963528519, "conv3_weight_decay": 2.399776409722692e-06, "dense1_weight_decay": 0.0023611081509287007, "dense2_weight_decay": 7.401879334827169e-07, "1cycle_initial_lr_pct": 0.24561201528313514, "1cycle_final_lr_pct": 0.0005205743678205057, "1cycle_pct_warmup": 0.05267200789414346, "1cycle_max_lr": 2.829501995255852, "conv1_channels": 29, "conv2_channels": 13, "conv3_channels": 119, "dense1_units": 19}