{"optimizer": "adam", "epochs": 21, "batch_size": 52, "conv1_weight_decay": 1.105554736372313e-07, "conv2_weight_decay": 3.978736137844966e-07, "conv3_weight_decay": 0.21859206461961525, "dense1_weight_decay": 0.0004719852990610721, "dense2_weight_decay": 0.001327064564527968, "1cycle_initial_lr_pct": 0.39429044668278185, "1cycle_final_lr_pct": 0.0025307938103751727, "1cycle_pct_warmup": 0.3948755156077423, "1cycle_max_lr": 1.027403953142284, "1cycle_beta1_max_damping_factor": 0.05601150924845267, "1cycle_beta1_min_damping_factor_pct": 0.2159681504162012, "beta2_damping_factor": 0.1541397657652026, "conv1_channels": 9, "conv2_channels": 15, "conv3_channels": 17, "dense1_units": 46}