{"optimizer": "sgd", "nesterov": true, "epochs": 2, "batch_size": 707, "conv1_weight_decay": 3.9462302946312093e-07, "conv2_weight_decay": 2.891189389818101e-05, "conv3_weight_decay": 0.0009640287146455851, "dense1_weight_decay": 4.713279816479985e-05, "dense2_weight_decay": 0.0007622496647557963, "1cycle_initial_lr_pct": 0.2975898095414639, "1cycle_final_lr_pct": 0.0007274711666938671, "1cycle_pct_warmup": 0.062110554911196235, "1cycle_max_lr": 0.6092054680918321, "1cycle_max_momentum": 0.2779074757617898, "1cycle_min_momentum_pct": 0.7574009904637933, "conv1_channels": 13, "conv2_channels": 79, "conv3_channels": 26, "dense1_units": 70}