{"accuracy": 0.1143999993801117, "loss": 2.367807626724243, "training_time": 6.0044944286346436}