{"optimizer": "adam", "epochs": 4, "batch_size": 37, "conv1_weight_decay": 8.100715446924764e-06, "conv2_weight_decay": 0.07204911910907974, "conv3_weight_decay": 1.1183505080137598e-06, "dense1_weight_decay": 0.0033187929794222526, "dense2_weight_decay": 1.7480940617541789e-06, "1cycle_initial_lr_pct": 0.06732456072658187, "1cycle_final_lr_pct": 4.634864364493254e-05, "1cycle_pct_warmup": 0.2251709554437548, "1cycle_max_lr": 0.03930671010908534, "conv1_channels": 26, "conv2_channels": 54, "conv3_channels": 68, "dense1_units": 24}