{"optimizer": "sgd", "nesterov": true, "epochs": 13, "batch_size": 578, "conv1_weight_decay": 5.151295963226492e-06, "conv2_weight_decay": 0.007054422802797035, "conv3_weight_decay": 7.667494520926882e-05, "dense1_weight_decay": 2.6176553160516193e-05, "dense2_weight_decay": 2.9095699154689904e-05, "1cycle_initial_lr_pct": 0.07643302461950575, "1cycle_final_lr_pct": 0.00017333258482538617, "1cycle_pct_warmup": 0.07350221448415704, "1cycle_max_lr": 0.30086749289536546, "1cycle_momentum_max_damping_factor": 0.0001340656580033299, "1cycle_momentum_min_damping_factor_pct": 0.5001007120124898, "conv1_channels": 37, "conv2_channels": 103, "conv3_channels": 49, "dense1_units": 83}