{"accuracy": 0.11349999904632568, "loss": 13.607431411743164, "training_time": 20.602556228637695}