{"accuracy": 0.9775999784469604, "loss": 0.12203151732683182, "training_time": 27.698596715927124}