{"optimizer": "sgd", "nesterov": false, "epochs": 3, "batch_size": 197, "conv1_weight_decay": 0.02603411260323583, "conv2_weight_decay": 0.00013659683396512762, "conv3_weight_decay": 4.28900455109103e-06, "dense1_weight_decay": 0.12490655325995757, "dense2_weight_decay": 7.957723004382582e-06, "1cycle_initial_lr_pct": 0.2039251620489033, "1cycle_final_lr_pct": 4.230264432349468e-05, "1cycle_pct_warmup": 0.1335460287053138, "1cycle_max_lr": 1.5813608683707607, "1cycle_max_momentum": 0.3841828364473768, "1cycle_min_momentum_pct": 0.1991240819916129, "conv1_channels": 7, "conv2_channels": 30, "conv3_channels": 30, "dense1_units": 17}