{"optimizer": "adam", "epochs": 11, "batch_size": 1447, "conv1_weight_decay": 0.009568126805585636, "conv2_weight_decay": 1.6051320578122932e-07, "conv3_weight_decay": 1.9930820265885888e-07, "dense1_weight_decay": 1.0396970498877252e-07, "dense2_weight_decay": 6.256308122923635e-07, "1cycle_initial_lr_pct": 0.4942234701941476, "1cycle_final_lr_pct": 0.00018472221953384313, "1cycle_pct_warmup": 0.13439601643088175, "1cycle_max_lr": 2.0965842834347805, "1cycle_beta1_max_damping_factor": 0.016639994286601574, "1cycle_beta1_min_damping_factor_pct": 0.5436646516679281, "beta2_damping_factor": 0.05948745235116489, "conv1_channels": 27, "conv2_channels": 36, "conv3_channels": 226, "dense1_units": 15}