{"accuracy": 0.11349999904632568, "loss": 2.305865526199341, "training_time": 6.9923553466796875}