{"accuracy": 0.0957999974489212, "loss": 20.0, "training_time": 11.695635080337524}