{"optimizer": "adam", "epochs": 6, "batch_size": 117, "conv1_weight_decay": 1.0305011936138852e-07, "conv2_weight_decay": 0.00016407053845549557, "conv3_weight_decay": 1.6357980147160985e-06, "dense1_weight_decay": 2.919695651976798e-06, "dense2_weight_decay": 0.005583242062031932, "1cycle_initial_lr_pct": 0.03536837558248762, "1cycle_final_lr_pct": 0.0016293417197582214, "1cycle_pct_warmup": 0.06305500527135682, "1cycle_max_lr": 2.357800254174897, "1cycle_beta1_max_damping_factor": 0.44395815588660875, "1cycle_beta1_min_damping_factor_pct": 0.1118141088262779, "beta2_damping_factor": 0.0002337105212280182, "conv1_channels": 55, "conv2_channels": 48, "conv3_channels": 62, "dense1_units": 133}