{"optimizer": "sgd", "nesterov": true, "epochs": 17, "batch_size": 3448, "conv1_weight_decay": 3.722190388082804e-07, "conv2_weight_decay": 6.120495482461213e-07, "conv3_weight_decay": 7.130088884963624e-05, "dense1_weight_decay": 0.025302018289557707, "dense2_weight_decay": 0.00038872185854361036, "1cycle_initial_lr_pct": 0.038913441798062706, "1cycle_final_lr_pct": 0.004890158463660522, "1cycle_pct_warmup": 0.49288993976078926, "1cycle_max_lr": 1.5189010330158623, "1cycle_max_momentum": 0.20518768945354968, "1cycle_min_momentum_pct": 0.9582317173480988, "conv1_channels": 4, "conv2_channels": 55, "conv3_channels": 122, "dense1_units": 37}