{"accuracy": 0.11349999904632568, "loss": 2.3145854473114014, "training_time": 21.433125972747803}