{"accuracy": 0.11349999904632568, "loss": 2.31915283203125, "training_time": 17.739037036895752}