{"optimizer": "sgd", "nesterov": false, "epochs": 2, "batch_size": 991, "conv1_weight_decay": 0.19052203149806568, "conv2_weight_decay": 7.34415172129539e-06, "conv3_weight_decay": 0.14648948806033998, "dense1_weight_decay": 4.144206623135849e-06, "dense2_weight_decay": 1.524012012798086e-07, "1cycle_initial_lr_pct": 0.17248589863295122, "1cycle_final_lr_pct": 0.0003300457725883882, "1cycle_pct_warmup": 0.23358910226263108, "1cycle_max_lr": 0.04513434276244731, "1cycle_max_momentum": 0.07485596611909569, "1cycle_min_momentum_pct": 0.16613482404500246, "conv1_channels": 4, "conv2_channels": 15, "conv3_channels": 114, "dense1_units": 97}