{"optimizer": "adam", "epochs": 19, "batch_size": 37, "conv1_weight_decay": 0.2642342798984625, "conv2_weight_decay": 1.2957251490349829e-06, "conv3_weight_decay": 0.00023412022032185043, "dense1_weight_decay": 0.034690198126706956, "dense2_weight_decay": 1.533113908932401e-05, "1cycle_initial_lr_pct": 0.19812831976605552, "1cycle_final_lr_pct": 6.0063873196142275e-05, "1cycle_pct_warmup": 0.07797505979968349, "1cycle_max_lr": 0.20924666796686514, "1cycle_beta1_max_damping_factor": 0.45197174096978976, "1cycle_beta1_min_damping_factor_pct": 0.34033233970401644, "beta2_damping_factor": 0.0001751153568796893, "conv1_channels": 7, "conv2_channels": 7, "conv3_channels": 46, "dense1_units": 24}