{"accuracy": 0.26080000400543213, "loss": 2.991406202316284, "training_time": 6.020668268203735}