{"optimizer": "adam", "epochs": 6, "batch_size": 683, "conv1_weight_decay": 0.037078074943803045, "conv2_weight_decay": 0.039215274307065194, "conv3_weight_decay": 0.00042985611189364295, "dense1_weight_decay": 5.6806976433961435e-06, "dense2_weight_decay": 0.020463722550847024, "1cycle_initial_lr_pct": 0.06878343145076739, "1cycle_final_lr_pct": 0.0004012208215856712, "1cycle_pct_warmup": 0.10285518635064363, "1cycle_max_lr": 0.2151698246226312, "conv1_channels": 37, "conv2_channels": 34, "conv3_channels": 108, "dense1_units": 11}