{"optimizer": "sgd", "nesterov": true, "epochs": 49, "batch_size": 51, "conv1_weight_decay": 0.01151453340788545, "conv2_weight_decay": 0.0005104031073015496, "conv3_weight_decay": 0.07585776894374392, "dense1_weight_decay": 0.0013880511519717288, "dense2_weight_decay": 0.11490991648762304, "1cycle_initial_lr_pct": 0.07770630579686572, "1cycle_final_lr_pct": 4.886224020944677e-05, "1cycle_pct_warmup": 0.2167235461719439, "1cycle_max_lr": 0.025964781608391774, "1cycle_momentum_max_damping_factor": 0.0017758686086160953, "1cycle_momentum_min_damping_factor_pct": 0.4160778930313208, "conv1_channels": 19, "conv2_channels": 63, "conv3_channels": 209, "dense1_units": 30}