{"accuracy": 0.11349999904632568, "loss": 2.302273988723755, "training_time": 11.213385820388794}