{"optimizer": "adam", "epochs": 36, "batch_size": 898, "conv1_weight_decay": 0.00021669024298473532, "conv2_weight_decay": 6.648946863707168e-06, "conv3_weight_decay": 0.0027853253574599513, "dense1_weight_decay": 0.00040076768713147906, "dense2_weight_decay": 0.03985028380979809, "1cycle_initial_lr_pct": 0.02745084065591902, "1cycle_final_lr_pct": 0.008052356924015926, "1cycle_pct_warmup": 0.06730302325449884, "1cycle_max_lr": 0.15931620801967786, "conv1_channels": 4, "conv2_channels": 49, "conv3_channels": 220, "dense1_units": 37}