{"optimizer": "sgd", "nesterov": true, "epochs": 2, "batch_size": 33, "conv1_weight_decay": 0.00028281030604349104, "conv2_weight_decay": 1.2134989789001995e-06, "conv3_weight_decay": 0.039192456608379174, "dense1_weight_decay": 0.00016067821884960444, "dense2_weight_decay": 0.04735440165220841, "1cycle_initial_lr_pct": 0.013548968310174181, "1cycle_final_lr_pct": 0.0007484735762838848, "1cycle_pct_warmup": 0.4299335520717773, "1cycle_max_lr": 0.022444605527234783, "1cycle_momentum_max_damping_factor": 0.008872444787048978, "1cycle_momentum_min_damping_factor_pct": 0.12694389850178328, "conv1_channels": 55, "conv2_channels": 54, "conv3_channels": 225, "dense1_units": 164}