{"accuracy": 0.51910001039505, "loss": 7.482850551605225, "training_time": 16.44813871383667}