{"optimizer": "sgd", "nesterov": true, "epochs": 2, "batch_size": 41, "conv1_weight_decay": 0.2901195862650227, "conv2_weight_decay": 0.0022765234121386742, "conv3_weight_decay": 0.00010201959960586371, "dense1_weight_decay": 0.00028972072788696314, "dense2_weight_decay": 9.665585019497779e-06, "1cycle_initial_lr_pct": 0.08873904959743499, "1cycle_final_lr_pct": 0.0008567838497102532, "1cycle_pct_warmup": 0.04669838393107057, "1cycle_max_lr": 9.48798889454422, "1cycle_max_momentum": 0.9906072762943804, "1cycle_min_momentum_pct": 0.639330318197608, "conv1_channels": 9, "conv2_channels": 12, "conv3_channels": 15, "dense1_units": 51}