{"optimizer": "adam", "epochs": 17, "batch_size": 679, "conv1_weight_decay": 0.1976579981065886, "conv2_weight_decay": 0.1253456875404654, "conv3_weight_decay": 1.0894161045363708e-06, "dense1_weight_decay": 0.00013518466758754094, "dense2_weight_decay": 4.7104628685429996e-07, "1cycle_initial_lr_pct": 0.0946534329181581, "1cycle_final_lr_pct": 0.0038317571431273423, "1cycle_pct_warmup": 0.47575682471537833, "1cycle_max_lr": 8.276172381304786, "1cycle_beta1_max_damping_factor": 0.014291972985399177, "1cycle_beta1_min_damping_factor_pct": 0.7063527413870795, "beta2_damping_factor": 0.32098251633456526, "conv1_channels": 13, "conv2_channels": 103, "conv3_channels": 115, "dense1_units": 51}