{"accuracy": 0.09799999743700027, "loss": 20.0, "training_time": 14.446645498275757}