{"optimizer": "adam", "epochs": 30, "batch_size": 410, "conv1_weight_decay": 1.865462579070166e-05, "conv2_weight_decay": 0.0017603163963691715, "conv3_weight_decay": 0.00016727776882500699, "dense1_weight_decay": 0.0035048658968435515, "dense2_weight_decay": 2.580639188361775e-05, "1cycle_initial_lr_pct": 0.3770862052231774, "1cycle_final_lr_pct": 0.0016226338188866556, "1cycle_pct_warmup": 0.03128399103790711, "1cycle_max_lr": 1.7842912036859706, "1cycle_beta1_max_damping_factor": 0.0006151802288619606, "1cycle_beta1_min_damping_factor_pct": 0.1758838890906404, "beta2_damping_factor": 0.025357344184180244, "conv1_channels": 22, "conv2_channels": 98, "conv3_channels": 19, "dense1_units": 24}