{"optimizer": "sgd", "nesterov": false, "epochs": 4, "batch_size": 23, "conv1_weight_decay": 1.0893784837818664e-05, "conv2_weight_decay": 0.19091595452369292, "conv3_weight_decay": 7.163184779726037e-07, "dense1_weight_decay": 1.544169732511141e-05, "dense2_weight_decay": 2.043869738935364e-07, "1cycle_initial_lr_pct": 0.2876455598752045, "1cycle_final_lr_pct": 0.0048076893417578585, "1cycle_pct_warmup": 0.42525251260958613, "1cycle_max_lr": 2.6441243558012064, "1cycle_max_momentum": 0.09714365493161604, "1cycle_min_momentum_pct": 0.1245680432766676, "conv1_channels": 24, "conv2_channels": 37, "conv3_channels": 43, "dense1_units": 10}