{"optimizer": "sgd", "nesterov": false, "epochs": 3, "batch_size": 3254, "conv1_weight_decay": 1.6412244608780618e-07, "conv2_weight_decay": 8.861677039620834e-05, "conv3_weight_decay": 0.0034166755146794307, "dense1_weight_decay": 0.06901387048736922, "dense2_weight_decay": 0.03736081119295893, "1cycle_initial_lr_pct": 0.24228575104701047, "1cycle_final_lr_pct": 0.006705440057872003, "1cycle_pct_warmup": 0.45359673428349195, "1cycle_max_lr": 0.06303481722530271, "1cycle_max_momentum": 0.00486762103708461, "1cycle_min_momentum_pct": 0.5175646869465709, "conv1_channels": 23, "conv2_channels": 40, "conv3_channels": 131, "dense1_units": 61}