{"optimizer": "adam", "epochs": 19, "batch_size": 95, "conv1_weight_decay": 5.234965608709085e-07, "conv2_weight_decay": 1.2392527581954732e-07, "conv3_weight_decay": 0.009862906513839123, "dense1_weight_decay": 3.7743384723337154e-07, "dense2_weight_decay": 0.05070672827528557, "1cycle_initial_lr_pct": 0.3976678814137633, "1cycle_final_lr_pct": 0.001142705891115574, "1cycle_pct_warmup": 0.05011445804179991, "1cycle_max_lr": 0.22690787547077135, "1cycle_beta1_max_damping_factor": 0.0005999038017799368, "1cycle_beta1_min_damping_factor_pct": 0.13356371822735513, "beta2_damping_factor": 0.0037507647068551232, "conv1_channels": 12, "conv2_channels": 11, "conv3_channels": 21, "dense1_units": 103}