{"accuracy": 0.5461999773979187, "loss": 7.492238998413086, "training_time": 11.164637804031372}