{"optimizer": "sgd", "nesterov": true, "epochs": 4, "batch_size": 1397, "conv1_weight_decay": 3.2546027177281425e-05, "conv2_weight_decay": 2.9368126479565787e-06, "conv3_weight_decay": 0.005610742884874382, "dense1_weight_decay": 1.9700772627464032e-07, "dense2_weight_decay": 3.788486588682899e-06, "1cycle_initial_lr_pct": 0.1741919398319828, "1cycle_final_lr_pct": 0.005111966593189247, "1cycle_pct_warmup": 0.2054170917811139, "1cycle_max_lr": 16.859362056932905, "1cycle_momentum_max_damping_factor": 0.28121979855321444, "1cycle_momentum_min_damping_factor_pct": 0.12088396516556474, "conv1_channels": 18, "conv2_channels": 13, "conv3_channels": 37, "dense1_units": 43}