{"optimizer": "adam", "epochs": 23, "batch_size": 202, "conv1_weight_decay": 0.00013741664387925787, "conv2_weight_decay": 2.035682437908593e-05, "conv3_weight_decay": 0.03893337474337648, "dense1_weight_decay": 0.20872555512953309, "dense2_weight_decay": 3.7163497724110505e-05, "1cycle_initial_lr_pct": 0.19434652752098347, "1cycle_final_lr_pct": 0.0012919576699410898, "1cycle_pct_warmup": 0.11770625183358788, "1cycle_max_lr": 14.585319888777716, "conv1_channels": 4, "conv2_channels": 70, "conv3_channels": 128, "dense1_units": 7}