{"accuracy": 0.11349999904632568, "loss": 12.142685890197754, "training_time": 31.56157112121582}