{"optimizer": "sgd", "nesterov": true, "epochs": 4, "batch_size": 146, "conv1_weight_decay": 0.04193537384360438, "conv2_weight_decay": 0.0029338758868962156, "conv3_weight_decay": 0.16875436498352814, "dense1_weight_decay": 0.0797890990509213, "dense2_weight_decay": 2.9554575532997896e-05, "1cycle_initial_lr_pct": 0.014969424320372758, "1cycle_final_lr_pct": 8.020798618609088e-05, "1cycle_pct_warmup": 0.2891195715311915, "1cycle_max_lr": 6.47863849492031, "1cycle_max_momentum": 0.44943266055481507, "1cycle_min_momentum_pct": 0.09382457192987204, "conv1_channels": 27, "conv2_channels": 49, "conv3_channels": 152, "dense1_units": 24}