{"optimizer": "adam", "epochs": 30, "batch_size": 1881, "conv1_weight_decay": 0.013905712823811332, "conv2_weight_decay": 0.08527669977101314, "conv3_weight_decay": 0.00018275362613933346, "dense1_weight_decay": 4.2411251852872345e-07, "dense2_weight_decay": 3.0566589945205217e-06, "1cycle_initial_lr_pct": 0.024987932928320963, "1cycle_final_lr_pct": 0.00037627435460601654, "1cycle_pct_warmup": 0.012028613030323253, "1cycle_max_lr": 7.370575669435732, "1cycle_beta1_max_damping_factor": 0.0003742843713298623, "1cycle_beta1_min_damping_factor_pct": 0.11925035196022893, "beta2_damping_factor": 0.0031450452757888483, "conv1_channels": 40, "conv2_channels": 97, "conv3_channels": 188, "dense1_units": 72}