{"accuracy": 0.11349999904632568, "loss": 2.301447629928589, "training_time": 21.39478325843811}