{"optimizer": "adam", "epochs": 4, "batch_size": 617, "conv1_weight_decay": 0.08533480059819556, "conv2_weight_decay": 6.431777756948268e-07, "conv3_weight_decay": 0.0006879014696271441, "dense1_weight_decay": 0.0032063303663195245, "dense2_weight_decay": 0.0004924288015328887, "1cycle_initial_lr_pct": 0.022840546027584663, "1cycle_final_lr_pct": 0.0008429647762339343, "1cycle_pct_warmup": 0.3159855097904801, "1cycle_max_lr": 1.1345904391411226, "conv1_channels": 4, "conv2_channels": 41, "conv3_channels": 46, "dense1_units": 66}