{"optimizer": "sgd", "nesterov": true, "epochs": 31, "batch_size": 48, "conv1_weight_decay": 0.08240487091166483, "conv2_weight_decay": 0.00016870485748839072, "conv3_weight_decay": 0.15576550412244214, "dense1_weight_decay": 2.5825977336926986e-05, "dense2_weight_decay": 0.0019917500873751904, "1cycle_initial_lr_pct": 0.016228039247626776, "1cycle_final_lr_pct": 0.0039181088200085, "1cycle_pct_warmup": 0.010965195315584748, "1cycle_max_lr": 0.49281136311954843, "1cycle_momentum_max_damping_factor": 0.2527188400410068, "1cycle_momentum_min_damping_factor_pct": 0.11531534512607243, "conv1_channels": 12, "conv2_channels": 121, "conv3_channels": 125, "dense1_units": 171}