{"accuracy": 0.10279999673366547, "loss": 2.3026938438415527, "training_time": 6.074625015258789}