{"optimizer": "sgd", "nesterov": true, "epochs": 2, "batch_size": 1096, "conv1_weight_decay": 1.6719311735192089e-06, "conv2_weight_decay": 5.290292572085494e-07, "conv3_weight_decay": 0.1139088771791097, "dense1_weight_decay": 0.0520329047443412, "dense2_weight_decay": 9.686970406640894e-06, "1cycle_initial_lr_pct": 0.18397018682991176, "1cycle_final_lr_pct": 0.00036391151621348024, "1cycle_pct_warmup": 0.032660767029692395, "1cycle_max_lr": 0.3283154474215692, "1cycle_momentum_max_damping_factor": 0.14400882483302882, "1cycle_momentum_min_damping_factor_pct": 0.9365008403340618, "conv1_channels": 4, "conv2_channels": 110, "conv3_channels": 24, "dense1_units": 17}