{"optimizer": "adam", "epochs": 34, "batch_size": 248, "conv1_weight_decay": 2.3236613833647155e-06, "conv2_weight_decay": 6.154052223961175e-05, "conv3_weight_decay": 0.00030483252630392877, "dense1_weight_decay": 4.0610409264826156e-07, "dense2_weight_decay": 2.937135706757742e-07, "1cycle_initial_lr_pct": 0.1592850147614677, "1cycle_final_lr_pct": 7.106029500959814e-05, "1cycle_pct_warmup": 0.43855835252441466, "1cycle_max_lr": 0.033375639371275106, "conv1_channels": 18, "conv2_channels": 11, "conv3_channels": 17, "dense1_units": 169}