{"accuracy": 0.991599977016449, "loss": 0.05190560966730118, "training_time": 38.25741362571716}