{"accuracy": 0.11349999904632568, "loss": 2.301323413848877, "training_time": 4.35609245300293}