{"optimizer": "sgd", "nesterov": true, "epochs": 3, "batch_size": 646, "conv1_weight_decay": 7.207468706608498e-07, "conv2_weight_decay": 0.001381570162573685, "conv3_weight_decay": 0.00023523242704114744, "dense1_weight_decay": 0.0010483796267369248, "dense2_weight_decay": 0.03167571790477741, "1cycle_initial_lr_pct": 0.08434810493781685, "1cycle_final_lr_pct": 0.00045222300723511867, "1cycle_pct_warmup": 0.35529459435492755, "1cycle_max_lr": 0.29875108625349994, "1cycle_max_momentum": 0.6209966040484607, "1cycle_min_momentum_pct": 0.08273243345320225, "conv1_channels": 26, "conv2_channels": 66, "conv3_channels": 249, "dense1_units": 13}