{"optimizer": "adam", "epochs": 13, "batch_size": 44, "conv1_weight_decay": 6.595082710653138e-07, "conv2_weight_decay": 0.22039068338701379, "conv3_weight_decay": 0.06707082493470466, "dense1_weight_decay": 6.01618263243755e-05, "dense2_weight_decay": 0.06087519900255785, "1cycle_initial_lr_pct": 0.0829432046656077, "1cycle_final_lr_pct": 3.85687197265041e-05, "1cycle_pct_warmup": 0.02649234265319223, "1cycle_max_lr": 0.06568059574696192, "1cycle_beta1_max_damping_factor": 0.0006724516177662573, "1cycle_beta1_min_damping_factor_pct": 0.1864973263253473, "beta2_damping_factor": 0.0023099241394873567, "conv1_channels": 26, "conv2_channels": 32, "conv3_channels": 41, "dense1_units": 7}