{"accuracy": 0.9663000106811523, "loss": 0.2715596556663513, "training_time": 11.284996032714844}