{"optimizer": "sgd", "nesterov": true, "epochs": 2, "batch_size": 152, "conv1_weight_decay": 0.0012349128251177945, "conv2_weight_decay": 6.423861323526305e-06, "conv3_weight_decay": 0.005517401473707385, "dense1_weight_decay": 0.29569840976750494, "dense2_weight_decay": 1.5243771573500129e-05, "1cycle_initial_lr_pct": 0.04841343378402519, "1cycle_final_lr_pct": 0.00026994704360087864, "1cycle_pct_warmup": 0.4257096360065043, "1cycle_max_lr": 19.857137091808234, "1cycle_max_momentum": 0.7404265248740092, "1cycle_min_momentum_pct": 0.36410278361290693, "conv1_channels": 53, "conv2_channels": 23, "conv3_channels": 161, "dense1_units": 15}