{"optimizer": "adam", "epochs": 23, "batch_size": 1691, "conv1_weight_decay": 0.004947413553141265, "conv2_weight_decay": 7.228799165584346e-07, "conv3_weight_decay": 0.012089323659129285, "dense1_weight_decay": 2.3182412068487101e-07, "dense2_weight_decay": 2.0397823145641785e-07, "1cycle_initial_lr_pct": 0.03990653030865525, "1cycle_final_lr_pct": 7.226121204620687e-05, "1cycle_pct_warmup": 0.03189583180070572, "1cycle_max_lr": 13.468463034143307, "1cycle_beta1_max_damping_factor": 0.0011841200402323432, "1cycle_beta1_min_damping_factor_pct": 0.43465704081873874, "beta2_damping_factor": 0.005085491778402803, "conv1_channels": 31, "conv2_channels": 23, "conv3_channels": 169, "dense1_units": 31}