{"accuracy": 0.09799999743700027, "loss": 20.0, "training_time": 21.75839900970459}