{"optimizer": "sgd", "nesterov": true, "epochs": 3, "batch_size": 738, "conv1_weight_decay": 0.11964717431305504, "conv2_weight_decay": 0.03241761740254783, "conv3_weight_decay": 0.0035735293179328174, "dense1_weight_decay": 0.01964464927389406, "dense2_weight_decay": 0.007184255156547761, "1cycle_initial_lr_pct": 0.11429235866159006, "1cycle_final_lr_pct": 8.756622900182282e-05, "1cycle_pct_warmup": 0.05301429382812032, "1cycle_max_lr": 6.422761002442776, "1cycle_momentum_max_damping_factor": 0.0016003831560864028, "1cycle_momentum_min_damping_factor_pct": 0.530660503440826, "conv1_channels": 37, "conv2_channels": 51, "conv3_channels": 17, "dense1_units": 24}