{"optimizer": "adam", "epochs": 49, "batch_size": 46, "conv1_weight_decay": 0.14266202792038338, "conv2_weight_decay": 0.00046948427320560586, "conv3_weight_decay": 0.019517398172099687, "dense1_weight_decay": 2.381253763048711e-06, "dense2_weight_decay": 0.0003010222997036521, "1cycle_initial_lr_pct": 0.10626060996331695, "1cycle_final_lr_pct": 0.0002278719767758268, "1cycle_pct_warmup": 0.4457485771458596, "1cycle_max_lr": 6.937670593506843, "conv1_channels": 63, "conv2_channels": 85, "conv3_channels": 103, "dense1_units": 21}