{"optimizer": "adam", "epochs": 3, "batch_size": 17, "conv1_weight_decay": 0.005793143331848062, "conv2_weight_decay": 3.6531091314408883e-06, "conv3_weight_decay": 6.467736115985445e-06, "dense1_weight_decay": 9.784113264296734e-05, "dense2_weight_decay": 0.006361438583206944, "1cycle_initial_lr_pct": 0.027869843940154442, "1cycle_final_lr_pct": 0.0007048048226987877, "1cycle_pct_warmup": 0.03802629437271755, "1cycle_max_lr": 0.015170852140097394, "1cycle_beta1_max_damping_factor": 0.11659486785545398, "1cycle_beta1_min_damping_factor_pct": 0.41516281945332156, "beta2_damping_factor": 0.4541417757455627, "conv1_channels": 4, "conv2_channels": 33, "conv3_channels": 131, "dense1_units": 15}