{"optimizer": "sgd", "nesterov": true, "epochs": 43, "batch_size": 464, "conv1_weight_decay": 0.0016283432797475923, "conv2_weight_decay": 2.4133715838614555e-05, "conv3_weight_decay": 1.7638643664904415e-07, "dense1_weight_decay": 0.0002279227414861552, "dense2_weight_decay": 0.0003195199750358033, "1cycle_initial_lr_pct": 0.014269067289397745, "1cycle_final_lr_pct": 0.007849950376313763, "1cycle_pct_warmup": 0.39938889038749037, "1cycle_max_lr": 0.0678529573856072, "1cycle_max_momentum": 0.592968664231617, "1cycle_min_momentum_pct": 0.04925800301134586, "conv1_channels": 6, "conv2_channels": 19, "conv3_channels": 17, "dense1_units": 152}