{"accuracy": 0.9882000088691711, "loss": 0.08411514014005661, "training_time": 30.512869358062744}