{"accuracy": 0.9702000021934509, "loss": 0.1438692808151245, "training_time": 39.43250751495361}