{"optimizer": "sgd", "nesterov": false, "epochs": 17, "batch_size": 1215, "conv1_weight_decay": 4.412786728144103e-05, "conv2_weight_decay": 4.94036942334131e-05, "conv3_weight_decay": 0.072202561468532, "dense1_weight_decay": 0.0034570826341422996, "dense2_weight_decay": 3.114099064513588e-06, "1cycle_initial_lr_pct": 0.31741522209123296, "1cycle_final_lr_pct": 0.0016550086080608323, "1cycle_pct_warmup": 0.08364099028520286, "1cycle_max_lr": 3.391593437916855, "1cycle_max_momentum": 0.3020052837082185, "1cycle_min_momentum_pct": 0.3606137176975608, "conv1_channels": 29, "conv2_channels": 15, "conv3_channels": 43, "dense1_units": 11}