{"optimizer": "adam", "epochs": 6, "batch_size": 149, "conv1_weight_decay": 8.493812486280551e-05, "conv2_weight_decay": 4.788902362854769e-07, "conv3_weight_decay": 0.0004455833229580141, "dense1_weight_decay": 2.467720536463355e-05, "dense2_weight_decay": 4.6368114571513105e-05, "1cycle_initial_lr_pct": 0.2957272862359968, "1cycle_final_lr_pct": 0.0059822133367041334, "1cycle_pct_warmup": 0.2444347210124987, "1cycle_max_lr": 3.824659614580972, "1cycle_beta1_max_damping_factor": 0.00033623115547040314, "1cycle_beta1_min_damping_factor_pct": 0.34357139249057067, "beta2_damping_factor": 0.023736733664741116, "conv1_channels": 18, "conv2_channels": 56, "conv3_channels": 245, "dense1_units": 122}