{"accuracy": 0.11349999904632568, "loss": 2.3062171936035156, "training_time": 21.358561277389526}