{"optimizer": "sgd", "nesterov": false, "epochs": 6, "batch_size": 213, "conv1_weight_decay": 1.800208815880192e-06, "conv2_weight_decay": 0.0007184083347289644, "conv3_weight_decay": 0.000736871936455703, "dense1_weight_decay": 0.006803247761512911, "dense2_weight_decay": 0.2990329775756257, "1cycle_initial_lr_pct": 0.050839038768461804, "1cycle_final_lr_pct": 0.0031267323168189727, "1cycle_pct_warmup": 0.49660997826606035, "1cycle_max_lr": 0.18703484859684943, "1cycle_max_momentum": 0.15276255421824753, "1cycle_min_momentum_pct": 0.9507773397490382, "conv1_channels": 40, "conv2_channels": 15, "conv3_channels": 40, "dense1_units": 22}