{"optimizer": "adam", "epochs": 33, "batch_size": 1364, "conv1_weight_decay": 2.489480215381194e-06, "conv2_weight_decay": 0.026187515207405726, "conv3_weight_decay": 0.28868720357925387, "dense1_weight_decay": 1.25944963929776e-05, "dense2_weight_decay": 0.01642035592000637, "1cycle_initial_lr_pct": 0.050098963624432474, "1cycle_final_lr_pct": 0.001878125501257813, "1cycle_pct_warmup": 0.06550015357119152, "1cycle_max_lr": 0.02915201060109907, "1cycle_beta1_max_damping_factor": 0.0029194725498108364, "1cycle_beta1_min_damping_factor_pct": 0.6385782438891784, "beta2_damping_factor": 0.030377915875307228, "conv1_channels": 34, "conv2_channels": 87, "conv3_channels": 74, "dense1_units": 38}