{"accuracy": 0.9659000039100647, "loss": 0.3028396964073181, "training_time": 21.3763325214386}