{"accuracy": 0.9836000204086304, "loss": 4.966885089874268, "training_time": 41.209728956222534}