{"optimizer": "adam", "epochs": 7, "batch_size": 489, "conv1_weight_decay": 0.0041752843331290266, "conv2_weight_decay": 1.3607912259433862e-07, "conv3_weight_decay": 2.928929430902356e-05, "dense1_weight_decay": 0.017349191910561213, "dense2_weight_decay": 0.024386338493652834, "1cycle_initial_lr_pct": 0.23370401294344134, "1cycle_final_lr_pct": 0.00032707986194388994, "1cycle_pct_warmup": 0.08446418245617918, "1cycle_max_lr": 7.794021931039299, "1cycle_beta1_max_damping_factor": 0.00011421032038188701, "1cycle_beta1_min_damping_factor_pct": 0.2384433142616985, "beta2_damping_factor": 0.046745523605343765, "conv1_channels": 13, "conv2_channels": 7, "conv3_channels": 17, "dense1_units": 44}