{"optimizer": "sgd", "nesterov": true, "epochs": 12, "batch_size": 29, "conv1_weight_decay": 0.0019003492310752277, "conv2_weight_decay": 7.173377543066151e-05, "conv3_weight_decay": 3.0196786396589605e-06, "dense1_weight_decay": 1.1716923745160027e-06, "dense2_weight_decay": 0.07990495518021558, "1cycle_initial_lr_pct": 0.4604640764633672, "1cycle_final_lr_pct": 9.640470668595809e-05, "1cycle_pct_warmup": 0.2507757913507521, "1cycle_max_lr": 8.934395530162657, "1cycle_max_momentum": 0.4068295356282033, "1cycle_min_momentum_pct": 0.6847828337922692, "conv1_channels": 17, "conv2_channels": 106, "conv3_channels": 36, "dense1_units": 48}