{"accuracy": 0.0982000008225441, "loss": 20.0, "training_time": 7.026977777481079}