{"optimizer": "sgd", "nesterov": false, "epochs": 4, "batch_size": 110, "conv1_weight_decay": 0.001130090947631176, "conv2_weight_decay": 0.010221199421106377, "conv3_weight_decay": 2.8990433389465657e-05, "dense1_weight_decay": 0.00043147816958485755, "dense2_weight_decay": 0.027934273033093482, "1cycle_initial_lr_pct": 0.12946254188508213, "1cycle_final_lr_pct": 0.00023565993156779284, "1cycle_pct_warmup": 0.15525331583805382, "1cycle_max_lr": 2.296375117005892, "1cycle_max_momentum": 0.042144496288709345, "1cycle_min_momentum_pct": 0.6918240562081337, "conv1_channels": 4, "conv2_channels": 21, "conv3_channels": 24, "dense1_units": 17}