{"optimizer": "adam", "epochs": 31, "batch_size": 2060, "conv1_weight_decay": 0.004531095060522741, "conv2_weight_decay": 0.0004300105702645213, "conv3_weight_decay": 3.965287455337727e-06, "dense1_weight_decay": 0.00016992278341757572, "dense2_weight_decay": 0.07546654496162092, "1cycle_initial_lr_pct": 0.1322289264546487, "1cycle_final_lr_pct": 8.623067472318555e-05, "1cycle_pct_warmup": 0.12587163061710754, "1cycle_max_lr": 1.221066562906694, "1cycle_beta1_max_damping_factor": 0.4951150799865028, "1cycle_beta1_min_damping_factor_pct": 0.38804459769656374, "beta2_damping_factor": 0.14247986894279324, "conv1_channels": 27, "conv2_channels": 117, "conv3_channels": 48, "dense1_units": 98}