{"accuracy": 0.11349999904632568, "loss": 2.303149700164795, "training_time": 11.937979698181152}