{"accuracy": 0.11349999904632568, "loss": 2.30104923248291, "training_time": 32.42583155632019}