{"optimizer": "adam", "epochs": 52, "batch_size": 37, "conv1_weight_decay": 0.0033733850262244506, "conv2_weight_decay": 6.580766569110227e-05, "conv3_weight_decay": 1.924923757808636e-06, "dense1_weight_decay": 0.0163570629333916, "dense2_weight_decay": 0.02321767884955178, "1cycle_initial_lr_pct": 0.04391497494682929, "1cycle_final_lr_pct": 0.009617700445909752, "1cycle_pct_warmup": 0.41832108799368145, "1cycle_max_lr": 0.2874143793042994, "conv1_channels": 17, "conv2_channels": 76, "conv3_channels": 82, "dense1_units": 119}