{"optimizer": "sgd", "nesterov": false, "epochs": 4, "batch_size": 701, "conv1_weight_decay": 0.0023435744519966924, "conv2_weight_decay": 5.463278019220136e-07, "conv3_weight_decay": 5.435679951910404e-05, "dense1_weight_decay": 7.733490502956633e-07, "dense2_weight_decay": 0.08748020535349506, "1cycle_initial_lr_pct": 0.04637571152923238, "1cycle_final_lr_pct": 0.0006020397204423729, "1cycle_pct_warmup": 0.02807131150239378, "1cycle_max_lr": 0.0602596087761165, "1cycle_momentum_max_damping_factor": 0.001388120431066068, "1cycle_momentum_min_damping_factor_pct": 0.2917355761156197, "conv1_channels": 7, "conv2_channels": 7, "conv3_channels": 57, "dense1_units": 44}