{"accuracy": 0.5090000033378601, "loss": 6.514228343963623, "training_time": 4.827269554138184}