{"optimizer": "sgd", "nesterov": true, "epochs": 11, "batch_size": 29, "conv1_weight_decay": 0.0005899978805000548, "conv2_weight_decay": 0.18862007981883866, "conv3_weight_decay": 0.007317591600136017, "dense1_weight_decay": 6.578149359701004e-07, "dense2_weight_decay": 2.5129563727321428e-05, "1cycle_initial_lr_pct": 0.03880771797753125, "1cycle_final_lr_pct": 0.0018188562559540227, "1cycle_pct_warmup": 0.011604791097612806, "1cycle_max_lr": 0.874699777166665, "1cycle_momentum_max_damping_factor": 0.01278050391714003, "1cycle_momentum_min_damping_factor_pct": 0.9442603919088346, "conv1_channels": 12, "conv2_channels": 34, "conv3_channels": 26, "dense1_units": 34}