{"optimizer": "adam", "epochs": 3, "batch_size": 285, "conv1_weight_decay": 0.0009015728222069365, "conv2_weight_decay": 0.0012465939902817757, "conv3_weight_decay": 0.004138351555054294, "dense1_weight_decay": 0.015624653042387193, "dense2_weight_decay": 2.203347301544757e-07, "1cycle_initial_lr_pct": 0.03640087034264815, "1cycle_final_lr_pct": 0.00324742037596212, "1cycle_pct_warmup": 0.29463012907654046, "1cycle_max_lr": 0.48575807755250283, "conv1_channels": 7, "conv2_channels": 57, "conv3_channels": 57, "dense1_units": 69}