{"accuracy": 0.11349999904632568, "loss": 2.5850205421447754, "training_time": 6.468505620956421}