{"optimizer": "adam", "epochs": 4, "batch_size": 48, "conv1_weight_decay": 6.665635423413201e-05, "conv2_weight_decay": 0.0011566336220470512, "conv3_weight_decay": 1.685479496034533e-05, "dense1_weight_decay": 0.0018542426690836232, "dense2_weight_decay": 0.01688828923941726, "1cycle_initial_lr_pct": 0.027684685310058875, "1cycle_final_lr_pct": 0.0022014126396051937, "1cycle_pct_warmup": 0.1273862476948061, "1cycle_max_lr": 0.2626959575769599, "1cycle_beta1_max_damping_factor": 0.00024057839791819324, "1cycle_beta1_min_damping_factor_pct": 0.6101527368890202, "beta2_damping_factor": 0.046170667338774694, "conv1_channels": 24, "conv2_channels": 7, "conv3_channels": 40, "dense1_units": 13}