{"optimizer": "sgd", "nesterov": false, "epochs": 54, "batch_size": 663, "conv1_weight_decay": 9.709188195821137e-05, "conv2_weight_decay": 0.2631543082367766, "conv3_weight_decay": 3.1927971512663276e-07, "dense1_weight_decay": 8.572709596621256e-06, "dense2_weight_decay": 0.2890098899754814, "1cycle_initial_lr_pct": 0.014437189804423352, "1cycle_final_lr_pct": 0.0024700653437941676, "1cycle_pct_warmup": 0.1483928373735398, "1cycle_max_lr": 0.05362277829105466, "1cycle_max_momentum": 0.7345580631312915, "1cycle_min_momentum_pct": 0.960533982142806, "conv1_channels": 21, "conv2_channels": 15, "conv3_channels": 36, "dense1_units": 12}