{"accuracy": 0.0982000008225441, "loss": 20.0, "training_time": 19.652591705322266}