{"accuracy": 0.11349999904632568, "loss": 2.3013710975646973, "training_time": 41.86151933670044}