{"optimizer": "adam", "epochs": 3, "batch_size": 2379, "conv1_weight_decay": 1.2662795748550183e-07, "conv2_weight_decay": 1.9557360917748968e-07, "conv3_weight_decay": 9.60599102536941e-05, "dense1_weight_decay": 0.08047558762893192, "dense2_weight_decay": 3.039752855593426e-07, "1cycle_initial_lr_pct": 0.08959172082448141, "1cycle_final_lr_pct": 0.0003391043825059265, "1cycle_pct_warmup": 0.3683948772408567, "1cycle_max_lr": 0.17626051162632148, "1cycle_beta1_max_damping_factor": 0.00029244193632561345, "1cycle_beta1_min_damping_factor_pct": 0.2560195235469626, "beta2_damping_factor": 0.0018485717157515713, "conv1_channels": 37, "conv2_channels": 88, "conv3_channels": 18, "dense1_units": 138}