{"optimizer": "sgd", "nesterov": true, "epochs": 43, "batch_size": 119, "conv1_weight_decay": 2.587502578663988e-07, "conv2_weight_decay": 0.00010941573532276345, "conv3_weight_decay": 1.6044783383988816e-06, "dense1_weight_decay": 3.00180964909207e-07, "dense2_weight_decay": 5.782447925063667e-06, "1cycle_initial_lr_pct": 0.09833753384226282, "1cycle_final_lr_pct": 7.20725873091386e-05, "1cycle_pct_warmup": 0.028137529520317915, "1cycle_max_lr": 0.04945459216412857, "1cycle_max_momentum": 0.42731162083838137, "1cycle_min_momentum_pct": 0.563674159348011, "conv1_channels": 27, "conv2_channels": 94, "conv3_channels": 223, "dense1_units": 21}