{"accuracy": 0.9333000183105469, "loss": 3.2149672508239746, "training_time": 6.815939426422119}