{"optimizer": "sgd", "nesterov": true, "epochs": 10, "batch_size": 2392, "conv1_weight_decay": 1.0414524772141528e-07, "conv2_weight_decay": 0.006804004150775178, "conv3_weight_decay": 1.3943602547554334e-07, "dense1_weight_decay": 0.2908050846080542, "dense2_weight_decay": 0.17484026926422921, "1cycle_initial_lr_pct": 0.012676170825861434, "1cycle_final_lr_pct": 0.002617380449522817, "1cycle_pct_warmup": 0.11450475341640412, "1cycle_max_lr": 0.10289188069328223, "1cycle_max_momentum": 0.06425862628268078, "1cycle_min_momentum_pct": 0.6816743714734912, "conv1_channels": 9, "conv2_channels": 17, "conv3_channels": 27, "dense1_units": 242}