{"optimizer": "adam", "epochs": 38, "batch_size": 64, "conv1_weight_decay": 3.1957572993606513e-07, "conv2_weight_decay": 0.05179169584828092, "conv3_weight_decay": 9.609040589429801e-06, "dense1_weight_decay": 2.3505100817526253e-07, "dense2_weight_decay": 0.009486365517104698, "1cycle_initial_lr_pct": 0.03109010082493947, "1cycle_final_lr_pct": 0.0023349411391053827, "1cycle_pct_warmup": 0.23794589714283865, "1cycle_max_lr": 0.011030396601383864, "1cycle_beta1_max_damping_factor": 0.01046834675359407, "1cycle_beta1_min_damping_factor_pct": 0.3635536955521014, "beta2_damping_factor": 0.08668642808613186, "conv1_channels": 4, "conv2_channels": 27, "conv3_channels": 17, "dense1_units": 13}