{"accuracy": 0.11349999904632568, "loss": 2.3562169075012207, "training_time": 11.280598878860474}