{"optimizer": "adam", "epochs": 48, "batch_size": 329, "conv1_weight_decay": 3.7610241671064577e-05, "conv2_weight_decay": 1.0899971706433449e-06, "conv3_weight_decay": 0.0024957493087360482, "dense1_weight_decay": 0.0031832728597161026, "dense2_weight_decay": 0.0763167272510888, "1cycle_initial_lr_pct": 0.05738621057551975, "1cycle_final_lr_pct": 0.00012991952468760355, "1cycle_pct_warmup": 0.1048483855370432, "1cycle_max_lr": 7.246583391210914, "conv1_channels": 12, "conv2_channels": 82, "conv3_channels": 46, "dense1_units": 9}