{"optimizer": "sgd", "nesterov": false, "epochs": 3, "batch_size": 26, "conv1_weight_decay": 0.00012272868712983988, "conv2_weight_decay": 1.954272872853947e-05, "conv3_weight_decay": 0.042251370086940285, "dense1_weight_decay": 2.234714060687404e-05, "dense2_weight_decay": 0.025068386056884814, "1cycle_initial_lr_pct": 0.057414569677560465, "1cycle_final_lr_pct": 0.0005236855069822505, "1cycle_pct_warmup": 0.2149138250692128, "1cycle_max_lr": 6.144505865551724, "1cycle_momentum_max_damping_factor": 0.1329369811696985, "1cycle_momentum_min_damping_factor_pct": 0.17214435054250568, "conv1_channels": 17, "conv2_channels": 24, "conv3_channels": 26, "dense1_units": 18}