{"accuracy": 0.11349999904632568, "loss": 2.3253419399261475, "training_time": 26.74903678894043}