{"optimizer": "adam", "epochs": 6, "batch_size": 43, "conv1_weight_decay": 0.04997229663294343, "conv2_weight_decay": 1.6152224698487146e-05, "conv3_weight_decay": 6.70400738822467e-05, "dense1_weight_decay": 0.16627730603748256, "dense2_weight_decay": 2.0718146725830895e-07, "1cycle_initial_lr_pct": 0.014020644755880433, "1cycle_final_lr_pct": 8.563724876665759e-05, "1cycle_pct_warmup": 0.10144475155118725, "1cycle_max_lr": 2.407966220665715, "1cycle_beta1_max_damping_factor": 0.0005882199942358203, "1cycle_beta1_min_damping_factor_pct": 0.43883085325890875, "beta2_damping_factor": 0.002941173063848085, "conv1_channels": 44, "conv2_channels": 59, "conv3_channels": 15, "dense1_units": 17}