{"optimizer": "sgd", "nesterov": true, "epochs": 17, "batch_size": 786, "conv1_weight_decay": 0.06684538656489117, "conv2_weight_decay": 7.614103417383969e-07, "conv3_weight_decay": 1.6742017527036358e-06, "dense1_weight_decay": 2.089486332215912e-07, "dense2_weight_decay": 1.5797137947681132e-05, "1cycle_initial_lr_pct": 0.026955342587475093, "1cycle_final_lr_pct": 0.000231867259817492, "1cycle_pct_warmup": 0.22312550303526224, "1cycle_max_lr": 1.3791894513878449, "1cycle_max_momentum": 0.15083040677821263, "1cycle_min_momentum_pct": 0.35825335048139095, "conv1_channels": 24, "conv2_channels": 24, "conv3_channels": 146, "dense1_units": 27}