{"optimizer": "sgd", "nesterov": false, "epochs": 42, "batch_size": 564, "conv1_weight_decay": 0.03003313945497595, "conv2_weight_decay": 1.2438646856077923e-06, "conv3_weight_decay": 0.001051105793366656, "dense1_weight_decay": 0.05331717761710031, "dense2_weight_decay": 3.3751329078449235e-06, "1cycle_initial_lr_pct": 0.13986665687028005, "1cycle_final_lr_pct": 0.0006527434822804025, "1cycle_pct_warmup": 0.04325586163438857, "1cycle_max_lr": 0.038536818788601934, "1cycle_max_momentum": 0.9297486925592646, "1cycle_min_momentum_pct": 0.6465405570343137, "conv1_channels": 17, "conv2_channels": 48, "conv3_channels": 207, "dense1_units": 95}