{"optimizer": "adam", "epochs": 3, "batch_size": 57, "conv1_weight_decay": 0.01778071169449605, "conv2_weight_decay": 1.7033093246297522e-05, "conv3_weight_decay": 0.19178188068320604, "dense1_weight_decay": 2.745090325893121e-07, "dense2_weight_decay": 6.490566775785617e-05, "1cycle_initial_lr_pct": 0.1328623284594505, "1cycle_final_lr_pct": 0.0033249113536552104, "1cycle_pct_warmup": 0.4906142549497954, "1cycle_max_lr": 0.2928213017142148, "1cycle_beta1_max_damping_factor": 0.00014974082788377652, "1cycle_beta1_min_damping_factor_pct": 0.12756733906565948, "beta2_damping_factor": 0.0008686629426913119, "conv1_channels": 7, "conv2_channels": 38, "conv3_channels": 34, "dense1_units": 13}