{"accuracy": 0.0982000008225441, "loss": 2.601874828338623, "training_time": 14.239904165267944}