{"accuracy": 0.9853000044822693, "loss": 0.15995320677757263, "training_time": 41.895809173583984}