{"optimizer": "adam", "epochs": 59, "batch_size": 3434, "conv1_weight_decay": 5.60287393814425e-06, "conv2_weight_decay": 0.004309571549834984, "conv3_weight_decay": 0.17785117165616918, "dense1_weight_decay": 0.0011181312596242542, "dense2_weight_decay": 6.027170886518685e-06, "1cycle_initial_lr_pct": 0.016332813790227937, "1cycle_final_lr_pct": 0.0006032778269321443, "1cycle_pct_warmup": 0.07458691787905991, "1cycle_max_lr": 1.555629868722437, "conv1_channels": 11, "conv2_channels": 26, "conv3_channels": 40, "dense1_units": 149}