{"optimizer": "sgd", "nesterov": true, "epochs": 4, "batch_size": 93, "conv1_weight_decay": 6.648261640230576e-06, "conv2_weight_decay": 0.11509276218606394, "conv3_weight_decay": 0.00018920785465470271, "dense1_weight_decay": 9.648345734102017e-06, "dense2_weight_decay": 2.73109491115694e-07, "1cycle_initial_lr_pct": 0.02180712336454349, "1cycle_final_lr_pct": 0.0031194856444947015, "1cycle_pct_warmup": 0.26437212166695145, "1cycle_max_lr": 2.294653120483869, "1cycle_momentum_max_damping_factor": 0.8540821348481826, "1cycle_momentum_min_damping_factor_pct": 0.22823633765840523, "conv1_channels": 4, "conv2_channels": 115, "conv3_channels": 171, "dense1_units": 94}