{"accuracy": 0.11349999904632568, "loss": 2.3034591674804688, "training_time": 41.97967481613159}