{"accuracy": 0.11349999904632568, "loss": 2.3043100833892822, "training_time": 12.92454218864441}