{"optimizer": "adam", "epochs": 53, "batch_size": 136, "conv1_weight_decay": 4.7475937769181985e-06, "conv2_weight_decay": 1.2325779106784728e-05, "conv3_weight_decay": 7.828652364694036e-05, "dense1_weight_decay": 3.8704414310217885e-07, "dense2_weight_decay": 2.40854382386288e-07, "1cycle_initial_lr_pct": 0.02378886225124664, "1cycle_final_lr_pct": 0.0004688989847962636, "1cycle_pct_warmup": 0.14448056681081653, "1cycle_max_lr": 0.4196855397337356, "conv1_channels": 6, "conv2_channels": 7, "conv3_channels": 181, "dense1_units": 189}