{"optimizer": "sgd", "nesterov": false, "epochs": 4, "batch_size": 1873, "conv1_weight_decay": 8.9057872972232e-06, "conv2_weight_decay": 2.251032006447415e-06, "conv3_weight_decay": 1.3236060046417203e-06, "dense1_weight_decay": 0.11245088143997027, "dense2_weight_decay": 2.3578050905248072e-05, "1cycle_initial_lr_pct": 0.016949945162568873, "1cycle_final_lr_pct": 3.739390084425044e-05, "1cycle_pct_warmup": 0.13975516063030152, "1cycle_max_lr": 0.045717464385668774, "1cycle_momentum_max_damping_factor": 0.002381398048850235, "1cycle_momentum_min_damping_factor_pct": 0.4507002964324469, "conv1_channels": 4, "conv2_channels": 11, "conv3_channels": 17, "dense1_units": 33}