{"accuracy": 0.6514999866485596, "loss": 13.671096801757812, "training_time": 4.158995628356934}