{"optimizer": "sgd", "nesterov": true, "epochs": 21, "batch_size": 1664, "conv1_weight_decay": 0.00026253812373202613, "conv2_weight_decay": 4.828904031723262e-06, "conv3_weight_decay": 0.0002974329976326873, "dense1_weight_decay": 0.06277626488769115, "dense2_weight_decay": 0.0015232200164322128, "1cycle_initial_lr_pct": 0.0962597901107417, "1cycle_final_lr_pct": 0.00015161896160257525, "1cycle_pct_warmup": 0.15080868331715466, "1cycle_max_lr": 0.40418787700120856, "1cycle_max_momentum": 0.09909155877381563, "1cycle_min_momentum_pct": 0.7156358910724521, "conv1_channels": 38, "conv2_channels": 81, "conv3_channels": 135, "dense1_units": 7}