{"optimizer": "adam", "epochs": 4, "batch_size": 207, "conv1_weight_decay": 0.0004318153032272071, "conv2_weight_decay": 9.521427665109812e-07, "conv3_weight_decay": 0.11485305575410241, "dense1_weight_decay": 3.4488696384886493e-07, "dense2_weight_decay": 0.0009916525884571168, "1cycle_initial_lr_pct": 0.09370499111333701, "1cycle_final_lr_pct": 9.884146505590013e-05, "1cycle_pct_warmup": 0.12981597605774442, "1cycle_max_lr": 0.044296761172453215, "1cycle_beta1_max_damping_factor": 0.003046247137146208, "1cycle_beta1_min_damping_factor_pct": 0.21389642075168694, "beta2_damping_factor": 0.003188801493484857, "conv1_channels": 17, "conv2_channels": 37, "conv3_channels": 82, "dense1_units": 12}