{"accuracy": 0.9714000225067139, "loss": 0.3713303804397583, "training_time": 8.310929536819458}