{"accuracy": 0.9750000238418579, "loss": 0.21551968157291412, "training_time": 41.984105348587036}