{"optimizer": "adam", "epochs": 3, "batch_size": 1417, "conv1_weight_decay": 5.690886562136311e-05, "conv2_weight_decay": 0.0008916446047598428, "conv3_weight_decay": 0.17646481075097412, "dense1_weight_decay": 3.2869565628148466e-07, "dense2_weight_decay": 0.026798596079068468, "1cycle_initial_lr_pct": 0.025586601819755545, "1cycle_final_lr_pct": 0.00015654571039205886, "1cycle_pct_warmup": 0.02463607443496585, "1cycle_max_lr": 0.6784025805978221, "conv1_channels": 57, "conv2_channels": 23, "conv3_channels": 15, "dense1_units": 88}