{"optimizer": "sgd", "nesterov": true, "epochs": 11, "batch_size": 156, "conv1_weight_decay": 8.96387397286336e-05, "conv2_weight_decay": 0.01870569914637794, "conv3_weight_decay": 0.00017381714236134978, "dense1_weight_decay": 0.09565201561538074, "dense2_weight_decay": 0.08208143324768011, "1cycle_initial_lr_pct": 0.012732384659676908, "1cycle_final_lr_pct": 0.0001142457071348938, "1cycle_pct_warmup": 0.3393529044104005, "1cycle_max_lr": 0.9631477951653256, "1cycle_momentum_max_damping_factor": 0.023561492374083427, "1cycle_momentum_min_damping_factor_pct": 0.14583658949371223, "conv1_channels": 7, "conv2_channels": 42, "conv3_channels": 37, "dense1_units": 48}