{"accuracy": 0.11349999904632568, "loss": 2.3126726150512695, "training_time": 19.083704710006714}