{"optimizer": "adam", "epochs": 34, "batch_size": 64, "conv1_weight_decay": 8.35625940822237e-06, "conv2_weight_decay": 4.91357259225019e-07, "conv3_weight_decay": 6.082529849175718e-07, "dense1_weight_decay": 0.00016224415535802988, "dense2_weight_decay": 0.0014615520665756387, "1cycle_initial_lr_pct": 0.01930008790200154, "1cycle_final_lr_pct": 0.0002041865608459396, "1cycle_pct_warmup": 0.021170902671292423, "1cycle_max_lr": 0.07878304634310658, "conv1_channels": 6, "conv2_channels": 103, "conv3_channels": 211, "dense1_units": 55}