{"optimizer": "sgd", "nesterov": false, "epochs": 2, "batch_size": 4051, "conv1_weight_decay": 4.984291326818172e-06, "conv2_weight_decay": 0.00011805272093373636, "conv3_weight_decay": 1.0962728359422928e-05, "dense1_weight_decay": 0.0002535567149583677, "dense2_weight_decay": 0.0009104902841023774, "1cycle_initial_lr_pct": 0.022647969972199422, "1cycle_final_lr_pct": 9.117103317605144e-05, "1cycle_pct_warmup": 0.33030618927286803, "1cycle_max_lr": 0.013510678014165, "1cycle_momentum_max_damping_factor": 0.013170985128015194, "1cycle_momentum_min_damping_factor_pct": 0.15104697983224444, "conv1_channels": 15, "conv2_channels": 90, "conv3_channels": 90, "dense1_units": 12}