{"accuracy": 0.30640000104904175, "loss": 2.2549092769622803, "training_time": 6.710175514221191}