{"optimizer": "sgd", "nesterov": true, "epochs": 11, "batch_size": 1871, "conv1_weight_decay": 6.168029385771675e-07, "conv2_weight_decay": 1.5807849494177302e-05, "conv3_weight_decay": 5.22327313941928e-07, "dense1_weight_decay": 0.005823169821478905, "dense2_weight_decay": 9.380955384643067e-07, "1cycle_initial_lr_pct": 0.07490755177475492, "1cycle_final_lr_pct": 0.008382532656171861, "1cycle_pct_warmup": 0.37724026311188935, "1cycle_max_lr": 0.7511678191189348, "1cycle_max_momentum": 0.5726825376329944, "1cycle_min_momentum_pct": 0.20161739271134138, "conv1_channels": 4, "conv2_channels": 21, "conv3_channels": 115, "dense1_units": 10}