{"optimizer": "adam", "epochs": 6, "batch_size": 250, "conv1_weight_decay": 2.3372419729515388e-07, "conv2_weight_decay": 1.9558886763968296e-06, "conv3_weight_decay": 1.2631315135161417e-05, "dense1_weight_decay": 1.0747209895659456e-05, "dense2_weight_decay": 0.0001231241003301892, "1cycle_initial_lr_pct": 0.06669314280360245, "1cycle_final_lr_pct": 0.0006682944977110724, "1cycle_pct_warmup": 0.021078342814475702, "1cycle_max_lr": 0.6967724784127824, "1cycle_beta1_max_damping_factor": 0.3770275138938331, "1cycle_beta1_min_damping_factor_pct": 0.38666166868064605, "beta2_damping_factor": 0.00018472281136250673, "conv1_channels": 22, "conv2_channels": 21, "conv3_channels": 163, "dense1_units": 62}