{"accuracy": 0.11349999904632568, "loss": 2.308758497238159, "training_time": 9.103149890899658}