{"accuracy": 0.11349999904632568, "loss": 3.655687093734741, "training_time": 11.116621971130371}