{"optimizer": "sgd", "nesterov": true, "epochs": 9, "batch_size": 19, "conv1_weight_decay": 0.025097201926500723, "conv2_weight_decay": 4.250117727330682e-06, "conv3_weight_decay": 0.15994343594561586, "dense1_weight_decay": 0.25714000531466724, "dense2_weight_decay": 1.126063755339697e-05, "1cycle_initial_lr_pct": 0.027127001579795, "1cycle_final_lr_pct": 8.318942735542423e-05, "1cycle_pct_warmup": 0.02314233441865184, "1cycle_max_lr": 1.7268078131940565, "1cycle_momentum_max_damping_factor": 0.06864784402813519, "1cycle_momentum_min_damping_factor_pct": 0.3094997518402422, "conv1_channels": 4, "conv2_channels": 41, "conv3_channels": 27, "dense1_units": 139}