{"optimizer": "adam", "epochs": 15, "batch_size": 374, "conv1_weight_decay": 0.008879225184606942, "conv2_weight_decay": 2.1891982703470307e-06, "conv3_weight_decay": 0.0006352903330934773, "dense1_weight_decay": 1.4570770524342553e-07, "dense2_weight_decay": 1.0750982716325638e-07, "1cycle_initial_lr_pct": 0.014630852478912227, "1cycle_final_lr_pct": 0.00021859028339496817, "1cycle_pct_warmup": 0.3655925679858774, "1cycle_max_lr": 2.406910980168643, "conv1_channels": 17, "conv2_channels": 42, "conv3_channels": 29, "dense1_units": 219}