{"accuracy": 0.11349999904632568, "loss": 2.3012874126434326, "training_time": 21.456772804260254}