{"optimizer": "sgd", "nesterov": false, "epochs": 3, "batch_size": 62, "conv1_weight_decay": 9.557599479571418e-07, "conv2_weight_decay": 5.962713217358638e-06, "conv3_weight_decay": 1.0057183108428972e-07, "dense1_weight_decay": 1.1463147813918487e-06, "dense2_weight_decay": 0.0004436525303816694, "1cycle_initial_lr_pct": 0.1832714112713169, "1cycle_final_lr_pct": 0.000608329973764001, "1cycle_pct_warmup": 0.4150188525673002, "1cycle_max_lr": 1.3939225983279135, "1cycle_max_momentum": 0.4385715835031122, "1cycle_min_momentum_pct": 0.6093918615952134, "conv1_channels": 55, "conv2_channels": 53, "conv3_channels": 36, "dense1_units": 10}