{"optimizer": "adam", "epochs": 11, "batch_size": 906, "conv1_weight_decay": 8.832006432948819e-07, "conv2_weight_decay": 6.56035740328947e-07, "conv3_weight_decay": 8.183168634959567e-06, "dense1_weight_decay": 0.015039646647647871, "dense2_weight_decay": 0.0018220623154399237, "1cycle_initial_lr_pct": 0.1599553547160724, "1cycle_final_lr_pct": 0.0028765794694699145, "1cycle_pct_warmup": 0.02874456303278722, "1cycle_max_lr": 2.5996507510063886, "1cycle_beta1_max_damping_factor": 0.001460428291994954, "1cycle_beta1_min_damping_factor_pct": 0.11995046738051493, "beta2_damping_factor": 0.05230766582311772, "conv1_channels": 22, "conv2_channels": 40, "conv3_channels": 71, "dense1_units": 159}