{"optimizer": "sgd", "nesterov": true, "epochs": 6, "batch_size": 418, "conv1_weight_decay": 2.2440204030440158e-07, "conv2_weight_decay": 8.338203671667046e-06, "conv3_weight_decay": 3.204288429419335e-06, "dense1_weight_decay": 0.08950019879445899, "dense2_weight_decay": 0.00268759484020751, "1cycle_initial_lr_pct": 0.02922218972812158, "1cycle_final_lr_pct": 0.009035110362840758, "1cycle_pct_warmup": 0.42645530763674266, "1cycle_max_lr": 0.2837342735686237, "1cycle_momentum_max_damping_factor": 0.37552083497275596, "1cycle_momentum_min_damping_factor_pct": 0.5439651235170171, "conv1_channels": 43, "conv2_channels": 7, "conv3_channels": 167, "dense1_units": 27}