{"optimizer": "adam", "epochs": 17, "batch_size": 23, "conv1_weight_decay": 5.45606036414797e-07, "conv2_weight_decay": 3.1865465881386833e-06, "conv3_weight_decay": 3.7856846207682794e-05, "dense1_weight_decay": 2.580324329082231e-07, "dense2_weight_decay": 0.0006286031418819708, "1cycle_initial_lr_pct": 0.013744464107476356, "1cycle_final_lr_pct": 0.0017139529838695895, "1cycle_pct_warmup": 0.06847778090275823, "1cycle_max_lr": 0.03708503476751985, "conv1_channels": 11, "conv2_channels": 27, "conv3_channels": 142, "dense1_units": 27}