{"accuracy": 0.9746000170707703, "loss": 0.1602107137441635, "training_time": 9.1603102684021}