{"optimizer": "adam", "epochs": 4, "batch_size": 341, "conv1_weight_decay": 1.8674948817630425e-06, "conv2_weight_decay": 0.00010489054009915725, "conv3_weight_decay": 3.1838717989606214e-06, "dense1_weight_decay": 3.286819531844952e-05, "dense2_weight_decay": 0.01697666675655366, "1cycle_initial_lr_pct": 0.33530135599800615, "1cycle_final_lr_pct": 0.0007091237541407154, "1cycle_pct_warmup": 0.4036251443438232, "1cycle_max_lr": 0.8894954807737071, "conv1_channels": 9, "conv2_channels": 12, "conv3_channels": 161, "dense1_units": 9}