{"optimizer": "sgd", "nesterov": true, "epochs": 15, "batch_size": 24, "conv1_weight_decay": 2.3141613768893514e-06, "conv2_weight_decay": 1.0406315582731565e-07, "conv3_weight_decay": 2.695738385434546e-05, "dense1_weight_decay": 0.0007737852466527738, "dense2_weight_decay": 0.28971612536652985, "1cycle_initial_lr_pct": 0.3050822565900788, "1cycle_final_lr_pct": 0.0024571709252128537, "1cycle_pct_warmup": 0.035000624032171045, "1cycle_max_lr": 0.5874973970111661, "1cycle_momentum_max_damping_factor": 0.3943306928613202, "1cycle_momentum_min_damping_factor_pct": 0.40408520311152923, "conv1_channels": 15, "conv2_channels": 10, "conv3_channels": 31, "dense1_units": 33}