{"accuracy": 0.11349999904632568, "loss": 4.176175117492676, "training_time": 6.793579578399658}