{"optimizer": "sgd", "nesterov": true, "epochs": 12, "batch_size": 362, "conv1_weight_decay": 0.11511878590246008, "conv2_weight_decay": 5.1436119775742486e-05, "conv3_weight_decay": 2.253017422362906e-05, "dense1_weight_decay": 3.696905908525537e-05, "dense2_weight_decay": 0.25793250626934255, "1cycle_initial_lr_pct": 0.01399658760512234, "1cycle_final_lr_pct": 0.0004132469722671779, "1cycle_pct_warmup": 0.09574909953400491, "1cycle_max_lr": 1.0806730866450358, "1cycle_max_momentum": 0.5020609006564133, "1cycle_min_momentum_pct": 0.614835967309773, "conv1_channels": 24, "conv2_channels": 37, "conv3_channels": 128, "dense1_units": 17}