{"optimizer": "adam", "epochs": 6, "batch_size": 19, "conv1_weight_decay": 0.11251870825869553, "conv2_weight_decay": 4.926389073818626e-07, "conv3_weight_decay": 3.071526865593368e-07, "dense1_weight_decay": 0.0009105332455547259, "dense2_weight_decay": 0.015576607799028652, "1cycle_initial_lr_pct": 0.029640318662054656, "1cycle_final_lr_pct": 3.51244040631947e-05, "1cycle_pct_warmup": 0.3058461994677757, "1cycle_max_lr": 0.4694027126683654, "1cycle_beta1_max_damping_factor": 0.0008046114916703585, "1cycle_beta1_min_damping_factor_pct": 0.17522627793925233, "beta2_damping_factor": 0.003927918913993194, "conv1_channels": 27, "conv2_channels": 15, "conv3_channels": 98, "dense1_units": 37}