{"accuracy": 0.11349999904632568, "loss": 2.3043904304504395, "training_time": 21.360042095184326}