{"optimizer": "adam", "epochs": 6, "batch_size": 41, "conv1_weight_decay": 1.1629772664967623e-07, "conv2_weight_decay": 0.0211827308266417, "conv3_weight_decay": 0.00013874354181872504, "dense1_weight_decay": 1.2880097397628345e-05, "dense2_weight_decay": 6.24383235469427e-06, "1cycle_initial_lr_pct": 0.07269111827693477, "1cycle_final_lr_pct": 0.0007390008456026567, "1cycle_pct_warmup": 0.30052847797051074, "1cycle_max_lr": 13.927668069726124, "conv1_channels": 6, "conv2_channels": 24, "conv3_channels": 37, "dense1_units": 92}