{"optimizer": "sgd", "nesterov": true, "epochs": 37, "batch_size": 619, "conv1_weight_decay": 2.6512220960512426e-07, "conv2_weight_decay": 0.0007536005237332047, "conv3_weight_decay": 9.597131564331703e-07, "dense1_weight_decay": 0.003995230421574932, "dense2_weight_decay": 2.7733523045984845e-07, "1cycle_initial_lr_pct": 0.06452545286173783, "1cycle_final_lr_pct": 0.002587828377147677, "1cycle_pct_warmup": 0.011688158734254658, "1cycle_max_lr": 18.326101624131752, "1cycle_momentum_max_damping_factor": 0.0003021458525751813, "1cycle_momentum_min_damping_factor_pct": 0.23573920959029915, "conv1_channels": 7, "conv2_channels": 12, "conv3_channels": 15, "dense1_units": 186}