{"accuracy": 0.0982000008225441, "loss": 2.7432727813720703, "training_time": 34.11705803871155}