{"optimizer": "adam", "epochs": 37, "batch_size": 74, "conv1_weight_decay": 1.8584225366792906e-06, "conv2_weight_decay": 2.1142477402766847e-07, "conv3_weight_decay": 1.2242698553584554e-05, "dense1_weight_decay": 0.1348724922368126, "dense2_weight_decay": 0.0002045290374715804, "1cycle_initial_lr_pct": 0.041887067388000625, "1cycle_final_lr_pct": 0.0005099962865287878, "1cycle_pct_warmup": 0.010021848990020654, "1cycle_max_lr": 1.16218563156185, "1cycle_beta1_max_damping_factor": 0.00015270030670132577, "1cycle_beta1_min_damping_factor_pct": 0.4191148130485661, "beta2_damping_factor": 0.001159928087448318, "conv1_channels": 59, "conv2_channels": 13, "conv3_channels": 43, "dense1_units": 79}