{"optimizer": "sgd", "nesterov": true, "epochs": 6, "batch_size": 2184, "conv1_weight_decay": 2.430912548024486e-06, "conv2_weight_decay": 0.00015315965959433915, "conv3_weight_decay": 5.580085718220244e-07, "dense1_weight_decay": 1.6142396463704173e-07, "dense2_weight_decay": 0.004201655356560816, "1cycle_initial_lr_pct": 0.049480528306943404, "1cycle_final_lr_pct": 0.0001283195496097413, "1cycle_pct_warmup": 0.304335945462808, "1cycle_max_lr": 2.2566648707310915, "1cycle_max_momentum": 0.7876540960997344, "1cycle_min_momentum_pct": 0.47770391404628754, "conv1_channels": 17, "conv2_channels": 19, "conv3_channels": 187, "dense1_units": 43}