{"accuracy": 0.11349999904632568, "loss": 2.307178497314453, "training_time": 11.132468223571777}