{"optimizer": "sgd", "nesterov": false, "epochs": 42, "batch_size": 725, "conv1_weight_decay": 6.0390160769885424e-05, "conv2_weight_decay": 0.002979996977719778, "conv3_weight_decay": 0.06560006481111733, "dense1_weight_decay": 0.0054201867678697075, "dense2_weight_decay": 1.175640620157081e-07, "1cycle_initial_lr_pct": 0.3078702938118913, "1cycle_final_lr_pct": 0.0015807059835772307, "1cycle_pct_warmup": 0.36737382262734286, "1cycle_max_lr": 2.629386938461017, "1cycle_momentum_max_damping_factor": 0.015693819189100715, "1cycle_momentum_min_damping_factor_pct": 0.10047283555524432, "conv1_channels": 9, "conv2_channels": 66, "conv3_channels": 26, "dense1_units": 98}