{"optimizer": "adam", "epochs": 10, "batch_size": 44, "conv1_weight_decay": 9.214644587415984e-05, "conv2_weight_decay": 0.10587599426250956, "conv3_weight_decay": 0.00027380670291910874, "dense1_weight_decay": 2.166523988204744e-05, "dense2_weight_decay": 2.080017395950542e-05, "1cycle_initial_lr_pct": 0.3442676422373422, "1cycle_final_lr_pct": 0.00451075335466091, "1cycle_pct_warmup": 0.037613963009789586, "1cycle_max_lr": 1.4072351365818097, "conv1_channels": 17, "conv2_channels": 27, "conv3_channels": 97, "dense1_units": 103}