{"optimizer": "sgd", "nesterov": true, "epochs": 22, "batch_size": 2926, "conv1_weight_decay": 0.004760868064334135, "conv2_weight_decay": 0.012617668207758422, "conv3_weight_decay": 0.2649297230793377, "dense1_weight_decay": 0.00013479323629905725, "dense2_weight_decay": 9.889616480446337e-06, "1cycle_initial_lr_pct": 0.31827806869754277, "1cycle_final_lr_pct": 0.0010620818224190054, "1cycle_pct_warmup": 0.326502978624776, "1cycle_max_lr": 2.7200836198082974, "1cycle_max_momentum": 0.4006301698842086, "1cycle_min_momentum_pct": 0.6451499490067363, "conv1_channels": 4, "conv2_channels": 13, "conv3_channels": 21, "dense1_units": 177}