{"optimizer": "adam", "epochs": 4, "batch_size": 98, "conv1_weight_decay": 0.0011422388297135995, "conv2_weight_decay": 0.00027144254493508197, "conv3_weight_decay": 0.0004315324951070135, "dense1_weight_decay": 0.00017378210480615674, "dense2_weight_decay": 4.58829543842899e-07, "1cycle_initial_lr_pct": 0.29349863878241955, "1cycle_final_lr_pct": 0.004490641731019203, "1cycle_pct_warmup": 0.01650089726558509, "1cycle_max_lr": 1.4812066380036872, "1cycle_beta1_max_damping_factor": 0.24189704147122434, "1cycle_beta1_min_damping_factor_pct": 0.7392593599207083, "beta2_damping_factor": 0.178824760246589, "conv1_channels": 4, "conv2_channels": 13, "conv3_channels": 53, "dense1_units": 141}