{"accuracy": 0.11349999904632568, "loss": 2.316256523132324, "training_time": 11.156830787658691}