{"accuracy": 0.10100000351667404, "loss": 2.303046703338623, "training_time": 11.950602054595947}