{"optimizer": "adam", "epochs": 40, "batch_size": 17, "conv1_weight_decay": 7.844957696934673e-07, "conv2_weight_decay": 1.947048571532296e-06, "conv3_weight_decay": 0.013908558383916768, "dense1_weight_decay": 0.2786544928347765, "dense2_weight_decay": 0.24659053504467476, "1cycle_initial_lr_pct": 0.10597440909155362, "1cycle_final_lr_pct": 0.0002982215641401327, "1cycle_pct_warmup": 0.19478197318501772, "1cycle_max_lr": 1.327580513922038, "conv1_channels": 7, "conv2_channels": 57, "conv3_channels": 202, "dense1_units": 87}