{"optimizer": "sgd", "nesterov": false, "epochs": 3, "batch_size": 273, "conv1_weight_decay": 7.962689219825832e-07, "conv2_weight_decay": 5.442442479074854e-06, "conv3_weight_decay": 0.002301879068089431, "dense1_weight_decay": 2.4977956942263585e-07, "dense2_weight_decay": 0.01511834988775013, "1cycle_initial_lr_pct": 0.11353503417011876, "1cycle_final_lr_pct": 6.758055335852679e-05, "1cycle_pct_warmup": 0.10978846122253934, "1cycle_max_lr": 2.475917828871709, "1cycle_momentum_max_damping_factor": 0.003207887340473377, "1cycle_momentum_min_damping_factor_pct": 0.11366400825300746, "conv1_channels": 7, "conv2_channels": 12, "conv3_channels": 90, "dense1_units": 23}