{"accuracy": 0.10090000182390213, "loss": 13.671321868896484, "training_time": 5.630619049072266}