{"optimizer": "sgd", "nesterov": false, "epochs": 13, "batch_size": 1406, "conv1_weight_decay": 0.2768462757547785, "conv2_weight_decay": 1.267013920898637e-05, "conv3_weight_decay": 0.1028920142208815, "dense1_weight_decay": 2.9393602184642145e-05, "dense2_weight_decay": 0.00021032423719044512, "1cycle_initial_lr_pct": 0.4034975754581075, "1cycle_final_lr_pct": 0.0003349251919989529, "1cycle_pct_warmup": 0.0279376032340254, "1cycle_max_lr": 0.9162787198464735, "1cycle_momentum_max_damping_factor": 0.00028555334682023423, "1cycle_momentum_min_damping_factor_pct": 0.4702507244814851, "conv1_channels": 4, "conv2_channels": 21, "conv3_channels": 49, "dense1_units": 62}