{"optimizer": "adam", "epochs": 4, "batch_size": 203, "conv1_weight_decay": 0.21236891700867697, "conv2_weight_decay": 8.258614355853404e-07, "conv3_weight_decay": 0.0003141285194704125, "dense1_weight_decay": 0.0005551219231485203, "dense2_weight_decay": 0.004383686587756303, "1cycle_initial_lr_pct": 0.2396670627491286, "1cycle_final_lr_pct": 9.318638773194898e-05, "1cycle_pct_warmup": 0.41865328017622233, "1cycle_max_lr": 0.7099693700524806, "conv1_channels": 13, "conv2_channels": 26, "conv3_channels": 142, "dense1_units": 229}