{"accuracy": 0.11349999904632568, "loss": 2.4942426681518555, "training_time": 8.303181171417236}