{"optimizer": "adam", "epochs": 4, "batch_size": 207, "conv1_weight_decay": 5.584873804180398e-07, "conv2_weight_decay": 0.011308586840484245, "conv3_weight_decay": 1.216446449982072e-05, "dense1_weight_decay": 0.036924319309961845, "dense2_weight_decay": 1.2373846242890247e-07, "1cycle_initial_lr_pct": 0.05961436779765625, "1cycle_final_lr_pct": 0.006887722852050725, "1cycle_pct_warmup": 0.2151738388556987, "1cycle_max_lr": 0.08413230238424982, "conv1_channels": 63, "conv2_channels": 12, "conv3_channels": 93, "dense1_units": 46}