{"optimizer": "sgd", "nesterov": false, "epochs": 26, "batch_size": 1338, "conv1_weight_decay": 2.1869451359846286e-07, "conv2_weight_decay": 0.0003727534296686031, "conv3_weight_decay": 4.322291537530981e-07, "dense1_weight_decay": 1.8575269561053836e-06, "dense2_weight_decay": 1.191386798483495e-05, "1cycle_initial_lr_pct": 0.061408779753078055, "1cycle_final_lr_pct": 0.0011684458663766737, "1cycle_pct_warmup": 0.09562589890182417, "1cycle_max_lr": 0.012741298087333952, "1cycle_momentum_max_damping_factor": 0.004743298560517805, "1cycle_momentum_min_damping_factor_pct": 0.13746843177060603, "conv1_channels": 13, "conv2_channels": 9, "conv3_channels": 18, "dense1_units": 147}