{"accuracy": 0.9614999890327454, "loss": 0.17974695563316345, "training_time": 12.64471697807312}