{"accuracy": 0.9797999858856201, "loss": 0.13653536140918732, "training_time": 11.23233962059021}