{"optimizer": "sgd", "nesterov": true, "epochs": 3, "batch_size": 15, "conv1_weight_decay": 1.7563859273128384e-05, "conv2_weight_decay": 1.98168449515587e-06, "conv3_weight_decay": 0.0006747586696837528, "dense1_weight_decay": 1.0083312389138071e-05, "dense2_weight_decay": 9.560510946326109e-07, "1cycle_initial_lr_pct": 0.01688850771405558, "1cycle_final_lr_pct": 0.007480211056953946, "1cycle_pct_warmup": 0.028499628929421303, "1cycle_max_lr": 4.189930534386593, "1cycle_max_momentum": 0.03740597903905436, "1cycle_min_momentum_pct": 0.2074980940669775, "conv1_channels": 9, "conv2_channels": 22, "conv3_channels": 105, "dense1_units": 41}