{"optimizer": "adam", "epochs": 11, "batch_size": 292, "conv1_weight_decay": 1.5119319183084987e-05, "conv2_weight_decay": 5.81122262921597e-06, "conv3_weight_decay": 0.15225345366441814, "dense1_weight_decay": 0.0022443419366516867, "dense2_weight_decay": 0.00012643464157918876, "1cycle_initial_lr_pct": 0.020787263646191996, "1cycle_final_lr_pct": 0.0007966846191092603, "1cycle_pct_warmup": 0.37228528131035066, "1cycle_max_lr": 3.4639661744380814, "1cycle_beta1_max_damping_factor": 0.009392436317529493, "1cycle_beta1_min_damping_factor_pct": 0.3698657235864551, "beta2_damping_factor": 0.0001061038318569676, "conv1_channels": 63, "conv2_channels": 34, "conv3_channels": 18, "dense1_units": 115}