{"optimizer": "adam", "epochs": 6, "batch_size": 220, "conv1_weight_decay": 1.5722712165363279e-06, "conv2_weight_decay": 0.041475944653429644, "conv3_weight_decay": 1.0472959047157101e-05, "dense1_weight_decay": 0.002333973679402085, "dense2_weight_decay": 3.3515550166769416e-06, "1cycle_initial_lr_pct": 0.017891137361929352, "1cycle_final_lr_pct": 0.00014597003895295183, "1cycle_pct_warmup": 0.49640166926877827, "1cycle_max_lr": 0.03865085387354291, "1cycle_beta1_max_damping_factor": 0.004284041887017414, "1cycle_beta1_min_damping_factor_pct": 0.33539690306472075, "beta2_damping_factor": 0.012262535640343544, "conv1_channels": 11, "conv2_channels": 11, "conv3_channels": 68, "dense1_units": 11}