{"optimizer": "sgd", "nesterov": true, "epochs": 17, "batch_size": 1964, "conv1_weight_decay": 1.1093068436695027e-06, "conv2_weight_decay": 0.0005565907672219117, "conv3_weight_decay": 1.2875012283308857e-07, "dense1_weight_decay": 7.944862218099146e-06, "dense2_weight_decay": 3.902022309971977e-05, "1cycle_initial_lr_pct": 0.020925523008856056, "1cycle_final_lr_pct": 3.918399285642955e-05, "1cycle_pct_warmup": 0.04160428825765848, "1cycle_max_lr": 0.22907008953472432, "1cycle_max_momentum": 0.2939828854716383, "1cycle_min_momentum_pct": 0.9036527499556541, "conv1_channels": 34, "conv2_channels": 17, "conv3_channels": 48, "dense1_units": 57}