{"accuracy": 0.973800003528595, "loss": 0.09902072697877884, "training_time": 21.39274287223816}