{"accuracy": 0.9750000238418579, "loss": 0.253669798374176, "training_time": 9.463185548782349}