{"optimizer": "adam", "epochs": 15, "batch_size": 2162, "conv1_weight_decay": 8.354948995465671e-06, "conv2_weight_decay": 1.1620573365059416e-05, "conv3_weight_decay": 0.014225090621174026, "dense1_weight_decay": 1.2982973913176487e-06, "dense2_weight_decay": 2.782623233886526e-06, "1cycle_initial_lr_pct": 0.030032020102958842, "1cycle_final_lr_pct": 0.003629681148712799, "1cycle_pct_warmup": 0.06002536924416722, "1cycle_max_lr": 0.04390593938226617, "1cycle_beta1_max_damping_factor": 0.0001119685744752263, "1cycle_beta1_min_damping_factor_pct": 0.7834203931795092, "beta2_damping_factor": 0.03681795165548878, "conv1_channels": 36, "conv2_channels": 44, "conv3_channels": 21, "dense1_units": 239}