{"optimizer": "sgd", "nesterov": false, "epochs": 3, "batch_size": 113, "conv1_weight_decay": 6.498383353287493e-06, "conv2_weight_decay": 9.406214396423102e-07, "conv3_weight_decay": 0.004811425599992731, "dense1_weight_decay": 0.007365482193802371, "dense2_weight_decay": 3.305575330929788e-05, "1cycle_initial_lr_pct": 0.012985133735508091, "1cycle_final_lr_pct": 0.0009564974576204725, "1cycle_pct_warmup": 0.4795607708767056, "1cycle_max_lr": 0.4365696786203585, "1cycle_max_momentum": 0.3106743351194076, "1cycle_min_momentum_pct": 0.439522672444582, "conv1_channels": 15, "conv2_channels": 11, "conv3_channels": 32, "dense1_units": 23}