{"accuracy": 0.9678000211715698, "loss": 2.9177472591400146, "training_time": 15.092734813690186}