{"accuracy": 0.9836999773979187, "loss": 0.1393004059791565, "training_time": 9.899298667907715}