{"optimizer": "adam", "epochs": 4, "batch_size": 79, "conv1_weight_decay": 0.00021995552907024847, "conv2_weight_decay": 1.1416366927849726e-05, "conv3_weight_decay": 5.568483896129154e-07, "dense1_weight_decay": 0.15865025172082703, "dense2_weight_decay": 1.0962684122359512e-07, "1cycle_initial_lr_pct": 0.05153998097510183, "1cycle_final_lr_pct": 0.0002738165110766972, "1cycle_pct_warmup": 0.04003003165125847, "1cycle_max_lr": 8.33351798350436, "conv1_channels": 37, "conv2_channels": 43, "conv3_channels": 26, "dense1_units": 62}