{"optimizer": "sgd", "nesterov": true, "epochs": 13, "batch_size": 3089, "conv1_weight_decay": 0.0003886930273940158, "conv2_weight_decay": 2.454289184202682e-06, "conv3_weight_decay": 1.21420098317752e-05, "dense1_weight_decay": 1.4963461141375415e-07, "dense2_weight_decay": 1.1645121510042321e-05, "1cycle_initial_lr_pct": 0.05186041316546966, "1cycle_final_lr_pct": 7.099741183630255e-05, "1cycle_pct_warmup": 0.36036836202112826, "1cycle_max_lr": 9.696544459308658, "1cycle_momentum_max_damping_factor": 0.0018220825963835788, "1cycle_momentum_min_damping_factor_pct": 0.2981364315139131, "conv1_channels": 13, "conv2_channels": 17, "conv3_channels": 214, "dense1_units": 55}