{"accuracy": 0.11349999904632568, "loss": 5.197371006011963, "training_time": 15.760366201400757}