{"optimizer": "sgd", "nesterov": false, "epochs": 26, "batch_size": 898, "conv1_weight_decay": 0.09824555272016328, "conv2_weight_decay": 0.0015341948170154848, "conv3_weight_decay": 1.830862923897609e-05, "dense1_weight_decay": 0.26819594934381685, "dense2_weight_decay": 0.06245779919036239, "1cycle_initial_lr_pct": 0.020294350279192016, "1cycle_final_lr_pct": 6.141681996373046e-05, "1cycle_pct_warmup": 0.06740811343843327, "1cycle_max_lr": 0.01245722176243247, "1cycle_momentum_max_damping_factor": 0.008139679212280173, "1cycle_momentum_min_damping_factor_pct": 0.8900868085548236, "conv1_channels": 10, "conv2_channels": 9, "conv3_channels": 53, "dense1_units": 17}