{"optimizer": "adam", "epochs": 4, "batch_size": 59, "conv1_weight_decay": 0.10034792611294033, "conv2_weight_decay": 0.21747008256636954, "conv3_weight_decay": 3.016999058216496e-07, "dense1_weight_decay": 1.3484963815318554e-07, "dense2_weight_decay": 0.03027929577876474, "1cycle_initial_lr_pct": 0.01765073780748127, "1cycle_final_lr_pct": 0.0003358068965234528, "1cycle_pct_warmup": 0.48493190861307084, "1cycle_max_lr": 0.09403882111404639, "conv1_channels": 9, "conv2_channels": 125, "conv3_channels": 161, "dense1_units": 82}