{"accuracy": 0.11349999904632568, "loss": 2.307201862335205, "training_time": 20.450756072998047}