{"accuracy": 0.11349999904632568, "loss": 2.3013532161712646, "training_time": 14.032575607299805}