{"optimizer": "adam", "epochs": 13, "batch_size": 17, "conv1_weight_decay": 0.14711270744154564, "conv2_weight_decay": 4.248305651804962e-05, "conv3_weight_decay": 0.20969139695317124, "dense1_weight_decay": 0.0034504527618314474, "dense2_weight_decay": 0.0006948864946647135, "1cycle_initial_lr_pct": 0.08359167226165304, "1cycle_final_lr_pct": 0.00010252906515740575, "1cycle_pct_warmup": 0.2335208610501553, "1cycle_max_lr": 0.17026304638775622, "1cycle_beta1_max_damping_factor": 0.37179490615393646, "1cycle_beta1_min_damping_factor_pct": 0.11768947095092358, "beta2_damping_factor": 0.0002466007044502922, "conv1_channels": 4, "conv2_channels": 126, "conv3_channels": 146, "dense1_units": 11}