{"optimizer": "sgd", "nesterov": false, "epochs": 4, "batch_size": 482, "conv1_weight_decay": 0.12893922191841822, "conv2_weight_decay": 1.0181740574326729e-07, "conv3_weight_decay": 0.0010584561668142828, "dense1_weight_decay": 1.5182069235712291e-05, "dense2_weight_decay": 0.0023431805417766095, "1cycle_initial_lr_pct": 0.08457558437746697, "1cycle_final_lr_pct": 0.00014213568475845222, "1cycle_pct_warmup": 0.1157824563421309, "1cycle_max_lr": 0.013701412291521315, "1cycle_max_momentum": 0.7079039716981351, "1cycle_min_momentum_pct": 0.9231616165488958, "conv1_channels": 4, "conv2_channels": 48, "conv3_channels": 118, "dense1_units": 164}