{"accuracy": 0.9067000150680542, "loss": 0.5327035784721375, "training_time": 11.192736864089966}