{"optimizer": "sgd", "nesterov": false, "epochs": 27, "batch_size": 2812, "conv1_weight_decay": 7.517262590430856e-07, "conv2_weight_decay": 1.3167726093563117e-06, "conv3_weight_decay": 0.00011561003589556014, "dense1_weight_decay": 0.0017209986784032356, "dense2_weight_decay": 0.025737318267966536, "1cycle_initial_lr_pct": 0.03085462978876439, "1cycle_final_lr_pct": 0.0004368696644719196, "1cycle_pct_warmup": 0.013737762824300809, "1cycle_max_lr": 0.7715276292175159, "1cycle_momentum_max_damping_factor": 0.0003498884441937587, "1cycle_momentum_min_damping_factor_pct": 0.16629664864890345, "conv1_channels": 48, "conv2_channels": 57, "conv3_channels": 201, "dense1_units": 11}