{"optimizer": "adam", "epochs": 4, "batch_size": 90, "conv1_weight_decay": 7.362895747519023e-07, "conv2_weight_decay": 8.706760078851383e-06, "conv3_weight_decay": 9.692006364182178e-07, "dense1_weight_decay": 4.848166418327737e-06, "dense2_weight_decay": 0.07487702323836509, "1cycle_initial_lr_pct": 0.01275554784426739, "1cycle_final_lr_pct": 0.00011578077590546659, "1cycle_pct_warmup": 0.270272559504956, "1cycle_max_lr": 0.5651861581454923, "conv1_channels": 6, "conv2_channels": 77, "conv3_channels": 61, "dense1_units": 30}