{"accuracy": 0.11349999904632568, "loss": 2.304811716079712, "training_time": 13.79912781715393}