{"optimizer": "sgd", "nesterov": false, "epochs": 2, "batch_size": 610, "conv1_weight_decay": 0.0003788216466472282, "conv2_weight_decay": 0.11911865496016646, "conv3_weight_decay": 7.127391755486453e-05, "dense1_weight_decay": 0.0463426561378746, "dense2_weight_decay": 0.0023423283703931583, "1cycle_initial_lr_pct": 0.0272833978509168, "1cycle_final_lr_pct": 0.00015584995514046092, "1cycle_pct_warmup": 0.0859619341182565, "1cycle_max_lr": 1.1260239281858373, "1cycle_momentum_max_damping_factor": 0.3070768808510293, "1cycle_momentum_min_damping_factor_pct": 0.79404899386238, "conv1_channels": 33, "conv2_channels": 15, "conv3_channels": 24, "dense1_units": 7}