{"optimizer": "adam", "epochs": 33, "batch_size": 42, "conv1_weight_decay": 0.00022514115675835718, "conv2_weight_decay": 0.0024546742331924792, "conv3_weight_decay": 1.22158943611891e-06, "dense1_weight_decay": 2.8289410090517183e-06, "dense2_weight_decay": 0.0005579531517291848, "1cycle_initial_lr_pct": 0.014167556101645827, "1cycle_final_lr_pct": 3.41521267169314e-05, "1cycle_pct_warmup": 0.24360566247254611, "1cycle_max_lr": 0.5861642765317026, "conv1_channels": 9, "conv2_channels": 63, "conv3_channels": 33, "dense1_units": 18}