{"accuracy": 0.11349999904632568, "loss": 2.3157880306243896, "training_time": 4.606013536453247}