{"optimizer": "adam", "epochs": 4, "batch_size": 1614, "conv1_weight_decay": 0.02860844107603014, "conv2_weight_decay": 0.0006554286472736662, "conv3_weight_decay": 4.935001647521585e-05, "dense1_weight_decay": 2.598356198405472e-06, "dense2_weight_decay": 2.735906150655984e-05, "1cycle_initial_lr_pct": 0.08889653217461056, "1cycle_final_lr_pct": 0.0002646290876439334, "1cycle_pct_warmup": 0.01579928115120932, "1cycle_max_lr": 0.010217146981248003, "1cycle_beta1_max_damping_factor": 0.2758388119184785, "1cycle_beta1_min_damping_factor_pct": 0.17756273107754464, "beta2_damping_factor": 0.00018707135426035765, "conv1_channels": 7, "conv2_channels": 21, "conv3_channels": 69, "dense1_units": 131}