{"optimizer": "sgd", "nesterov": false, "epochs": 55, "batch_size": 161, "conv1_weight_decay": 0.007300514639490778, "conv2_weight_decay": 0.03675352908269048, "conv3_weight_decay": 2.3174809197187017e-06, "dense1_weight_decay": 0.032897128268597496, "dense2_weight_decay": 1.6854183062610688e-06, "1cycle_initial_lr_pct": 0.09949506924311419, "1cycle_final_lr_pct": 5.504691513628904e-05, "1cycle_pct_warmup": 0.2748274092096835, "1cycle_max_lr": 0.09879442119565572, "1cycle_max_momentum": 0.27596538092885164, "1cycle_min_momentum_pct": 0.4109697975218296, "conv1_channels": 4, "conv2_channels": 37, "conv3_channels": 115, "dense1_units": 88}