{"accuracy": 0.982699990272522, "loss": 0.0941101536154747, "training_time": 4.652170181274414}