{"optimizer": "sgd", "nesterov": true, "epochs": 10, "batch_size": 322, "conv1_weight_decay": 0.018064945813662383, "conv2_weight_decay": 1.772645304980969e-07, "conv3_weight_decay": 1.812856278923737e-06, "dense1_weight_decay": 0.004733861262091609, "dense2_weight_decay": 0.010346888941564531, "1cycle_initial_lr_pct": 0.017268616577538285, "1cycle_final_lr_pct": 0.000893466466235512, "1cycle_pct_warmup": 0.15022870508953928, "1cycle_max_lr": 0.47605435460334766, "1cycle_max_momentum": 0.4908261817594059, "1cycle_min_momentum_pct": 0.07180038560181856, "conv1_channels": 6, "conv2_channels": 24, "conv3_channels": 83, "dense1_units": 15}