{"optimizer": "adam", "epochs": 42, "batch_size": 26, "conv1_weight_decay": 0.040273045113583976, "conv2_weight_decay": 4.42856563685132e-05, "conv3_weight_decay": 6.156592583273499e-05, "dense1_weight_decay": 1.66675406298372e-05, "dense2_weight_decay": 0.15348132123968322, "1cycle_initial_lr_pct": 0.019874737646819973, "1cycle_final_lr_pct": 0.0039803982561259655, "1cycle_pct_warmup": 0.12919741529502154, "1cycle_max_lr": 0.8712515643693428, "1cycle_beta1_max_damping_factor": 0.096237146383057, "1cycle_beta1_min_damping_factor_pct": 0.47573759019795336, "beta2_damping_factor": 0.0007994104888087403, "conv1_channels": 30, "conv2_channels": 82, "conv3_channels": 72, "dense1_units": 7}