{"accuracy": 0.983299970626831, "loss": 0.14809134602546692, "training_time": 12.030723094940186}