{"optimizer": "sgd", "nesterov": true, "epochs": 2, "batch_size": 263, "conv1_weight_decay": 0.00024910995189527887, "conv2_weight_decay": 3.457113448900395e-06, "conv3_weight_decay": 3.589903677464772e-05, "dense1_weight_decay": 1.787292783146505e-05, "dense2_weight_decay": 0.00316484466993885, "1cycle_initial_lr_pct": 0.017820016121084258, "1cycle_final_lr_pct": 5.475284102845532e-05, "1cycle_pct_warmup": 0.3447223646659404, "1cycle_max_lr": 0.1719913668779574, "1cycle_max_momentum": 0.41769742089835926, "1cycle_min_momentum_pct": 0.5140426997095346, "conv1_channels": 29, "conv2_channels": 56, "conv3_channels": 37, "dense1_units": 146}