{"optimizer": "adam", "epochs": 18, "batch_size": 27, "conv1_weight_decay": 0.00040484307437203707, "conv2_weight_decay": 9.432088341018739e-06, "conv3_weight_decay": 3.096338005944775e-06, "dense1_weight_decay": 0.006275826445611285, "dense2_weight_decay": 0.00022664209574966036, "1cycle_initial_lr_pct": 0.02369473883553464, "1cycle_final_lr_pct": 0.0002591879421519143, "1cycle_pct_warmup": 0.020760250068325676, "1cycle_max_lr": 0.021555438684544886, "1cycle_beta1_max_damping_factor": 0.0003414480249326344, "1cycle_beta1_min_damping_factor_pct": 0.11288227777306266, "beta2_damping_factor": 0.03181953000702989, "conv1_channels": 6, "conv2_channels": 9, "conv3_channels": 183, "dense1_units": 22}