{"accuracy": 0.9782000184059143, "loss": 0.12676779925823212, "training_time": 6.036725282669067}