{"optimizer": "adam", "epochs": 17, "batch_size": 371, "conv1_weight_decay": 0.0003402059185112461, "conv2_weight_decay": 0.0005874060576624802, "conv3_weight_decay": 0.0006709703280736252, "dense1_weight_decay": 5.370074699449432e-07, "dense2_weight_decay": 0.011758662465268428, "1cycle_initial_lr_pct": 0.0197840774423263, "1cycle_final_lr_pct": 0.0008732490942013182, "1cycle_pct_warmup": 0.03670082321496225, "1cycle_max_lr": 1.0894865735793617, "1cycle_beta1_max_damping_factor": 0.0013056317203374722, "1cycle_beta1_min_damping_factor_pct": 0.22884843979654318, "beta2_damping_factor": 0.001399507318382873, "conv1_channels": 4, "conv2_channels": 121, "conv3_channels": 27, "dense1_units": 56}