{"optimizer": "sgd", "nesterov": false, "epochs": 2, "batch_size": 24, "conv1_weight_decay": 0.00018785662877828077, "conv2_weight_decay": 0.03155757550530334, "conv3_weight_decay": 0.05117315308736836, "dense1_weight_decay": 0.10652219696235425, "dense2_weight_decay": 0.19465082971241152, "1cycle_initial_lr_pct": 0.021843996456092935, "1cycle_final_lr_pct": 0.005022662759404113, "1cycle_pct_warmup": 0.39493612391874194, "1cycle_max_lr": 0.6374954801060857, "1cycle_max_momentum": 0.5166163260086439, "1cycle_min_momentum_pct": 0.04181888047605753, "conv1_channels": 51, "conv2_channels": 85, "conv3_channels": 194, "dense1_units": 181}