{"accuracy": 0.08919999748468399, "loss": 3.162416696548462, "training_time": 17.767945528030396}