{"accuracy": 0.10100000351667404, "loss": 2.301579236984253, "training_time": 21.811278581619263}