{"optimizer": "adam", "epochs": 2, "batch_size": 629, "conv1_weight_decay": 0.004311668753146252, "conv2_weight_decay": 0.002139533181604992, "conv3_weight_decay": 0.0006502531974723886, "dense1_weight_decay": 0.006736115739352926, "dense2_weight_decay": 1.6963769425423247e-06, "1cycle_initial_lr_pct": 0.028020583094156046, "1cycle_final_lr_pct": 0.0003902622959657641, "1cycle_pct_warmup": 0.04751204177158155, "1cycle_max_lr": 2.0463170075507766, "1cycle_beta1_max_damping_factor": 0.0426523799856459, "1cycle_beta1_min_damping_factor_pct": 0.2148076994174536, "beta2_damping_factor": 0.0001983907491269636, "conv1_channels": 15, "conv2_channels": 40, "conv3_channels": 118, "dense1_units": 71}