{"optimizer": "sgd", "nesterov": false, "epochs": 31, "batch_size": 42, "conv1_weight_decay": 0.0018448258727422342, "conv2_weight_decay": 0.1352563831858272, "conv3_weight_decay": 0.04725141672164717, "dense1_weight_decay": 1.9294052820121512e-05, "dense2_weight_decay": 4.3440835620484073e-05, "1cycle_initial_lr_pct": 0.013535440266131864, "1cycle_final_lr_pct": 7.688687011675012e-05, "1cycle_pct_warmup": 0.4675192902702838, "1cycle_max_lr": 1.6522902539188529, "1cycle_max_momentum": 0.872770138688106, "1cycle_min_momentum_pct": 0.2632348034530878, "conv1_channels": 15, "conv2_channels": 79, "conv3_channels": 110, "dense1_units": 55}