{"accuracy": 0.0957999974489212, "loss": 12.043956756591797, "training_time": 4.655848741531372}