{"optimizer": "sgd", "nesterov": true, "epochs": 41, "batch_size": 971, "conv1_weight_decay": 0.0007743011071968981, "conv2_weight_decay": 0.024830077640935574, "conv3_weight_decay": 0.00014677699010648182, "dense1_weight_decay": 4.5844056231580723e-07, "dense2_weight_decay": 2.8512003111317357e-05, "1cycle_initial_lr_pct": 0.05290847676383965, "1cycle_final_lr_pct": 9.189713430002006e-05, "1cycle_pct_warmup": 0.08587759731337427, "1cycle_max_lr": 0.4491176638384323, "1cycle_max_momentum": 0.9065910817947239, "1cycle_min_momentum_pct": 0.11925183422863483, "conv1_channels": 62, "conv2_channels": 53, "conv3_channels": 164, "dense1_units": 17}