{"optimizer": "adam", "epochs": 3, "batch_size": 34, "conv1_weight_decay": 0.0005534889188555586, "conv2_weight_decay": 0.0009304439261068242, "conv3_weight_decay": 1.0130374492777678e-06, "dense1_weight_decay": 0.05697641242828814, "dense2_weight_decay": 2.9444114711221404e-06, "1cycle_initial_lr_pct": 0.05546822604106913, "1cycle_final_lr_pct": 0.00031056753559929856, "1cycle_pct_warmup": 0.2417147164332647, "1cycle_max_lr": 0.8216372175435852, "1cycle_beta1_max_damping_factor": 0.001907904079011576, "1cycle_beta1_min_damping_factor_pct": 0.12039549150705263, "beta2_damping_factor": 0.004755758048691649, "conv1_channels": 27, "conv2_channels": 13, "conv3_channels": 30, "dense1_units": 250}