{"optimizer": "sgd", "nesterov": false, "epochs": 2, "batch_size": 3846, "conv1_weight_decay": 0.0016736478372790028, "conv2_weight_decay": 0.0013295296496029568, "conv3_weight_decay": 3.745791702756765e-06, "dense1_weight_decay": 7.0201730494195245e-06, "dense2_weight_decay": 6.093698426137438e-07, "1cycle_initial_lr_pct": 0.052669528206426446, "1cycle_final_lr_pct": 0.0014945966301372555, "1cycle_pct_warmup": 0.37525661894120277, "1cycle_max_lr": 0.036801853557275145, "1cycle_max_momentum": 0.3247639678856358, "1cycle_min_momentum_pct": 0.8285101652145386, "conv1_channels": 27, "conv2_channels": 9, "conv3_channels": 46, "dense1_units": 7}