{"optimizer": "adam", "epochs": 23, "batch_size": 121, "conv1_weight_decay": 0.005898454468603335, "conv2_weight_decay": 0.22466267989715696, "conv3_weight_decay": 3.634259369337391e-05, "dense1_weight_decay": 0.0027022226680902864, "dense2_weight_decay": 4.3552858181828774e-06, "1cycle_initial_lr_pct": 0.05220175386766347, "1cycle_final_lr_pct": 0.006425508564528565, "1cycle_pct_warmup": 0.021222873140938302, "1cycle_max_lr": 0.33782850654130253, "1cycle_beta1_max_damping_factor": 0.0003268867828738774, "1cycle_beta1_min_damping_factor_pct": 0.8831132125250002, "beta2_damping_factor": 0.013951803751366572, "conv1_channels": 17, "conv2_channels": 37, "conv3_channels": 17, "dense1_units": 97}