{"accuracy": 0.11240000277757645, "loss": 2.3219993114471436, "training_time": 6.046760320663452}