{"optimizer": "adam", "epochs": 6, "batch_size": 799, "conv1_weight_decay": 0.0009850688057741557, "conv2_weight_decay": 7.876565364445313e-07, "conv3_weight_decay": 5.48236515380778e-05, "dense1_weight_decay": 0.0061149925303042715, "dense2_weight_decay": 0.00035939454112253217, "1cycle_initial_lr_pct": 0.17182771321421997, "1cycle_final_lr_pct": 0.0028507858803161696, "1cycle_pct_warmup": 0.022386353788897397, "1cycle_max_lr": 4.032440926384909, "conv1_channels": 31, "conv2_channels": 36, "conv3_channels": 72, "dense1_units": 59}