{"optimizer": "sgd", "nesterov": false, "epochs": 52, "batch_size": 41, "conv1_weight_decay": 0.0005723743858990078, "conv2_weight_decay": 1.534958161932013e-05, "conv3_weight_decay": 2.5418227685923424e-06, "dense1_weight_decay": 1.1580600628342205e-05, "dense2_weight_decay": 0.005288064058628169, "1cycle_initial_lr_pct": 0.1921543245726676, "1cycle_final_lr_pct": 0.002177002667004246, "1cycle_pct_warmup": 0.34596890606716557, "1cycle_max_lr": 3.5617175757260737, "1cycle_momentum_max_damping_factor": 0.0015386010670118773, "1cycle_momentum_min_damping_factor_pct": 0.20539688641413584, "conv1_channels": 12, "conv2_channels": 10, "conv3_channels": 76, "dense1_units": 90}