{"optimizer": "adam", "epochs": 2, "batch_size": 48, "conv1_weight_decay": 0.0005160723632425361, "conv2_weight_decay": 2.2080932997843352e-07, "conv3_weight_decay": 2.6092926385614663e-05, "dense1_weight_decay": 3.1407853741915293e-07, "dense2_weight_decay": 0.11347375695679296, "1cycle_initial_lr_pct": 0.034536227103501495, "1cycle_final_lr_pct": 6.380744011285224e-05, "1cycle_pct_warmup": 0.34852150563150647, "1cycle_max_lr": 0.26751781836879635, "conv1_channels": 4, "conv2_channels": 13, "conv3_channels": 149, "dense1_units": 122}