{"optimizer": "sgd", "nesterov": false, "epochs": 23, "batch_size": 769, "conv1_weight_decay": 0.00100073635063203, "conv2_weight_decay": 6.406375240791257e-05, "conv3_weight_decay": 2.7557245126754046e-07, "dense1_weight_decay": 0.07717217822473255, "dense2_weight_decay": 0.022612062315220182, "1cycle_initial_lr_pct": 0.03200465090548058, "1cycle_final_lr_pct": 0.0002220926637223177, "1cycle_pct_warmup": 0.024705422911529423, "1cycle_max_lr": 0.036560375844992374, "1cycle_momentum_max_damping_factor": 0.8329946998666944, "1cycle_momentum_min_damping_factor_pct": 0.3651075371522598, "conv1_channels": 6, "conv2_channels": 38, "conv3_channels": 40, "dense1_units": 236}