{"accuracy": 0.10100000351667404, "loss": 2.3168108463287354, "training_time": 14.148648500442505}