{"accuracy": 0.9629999995231628, "loss": 0.28876379132270813, "training_time": 14.487915754318237}