{"optimizer": "sgd", "nesterov": true, "epochs": 38, "batch_size": 1931, "conv1_weight_decay": 0.1253233607685757, "conv2_weight_decay": 0.003083030482230293, "conv3_weight_decay": 3.946721967625378e-05, "dense1_weight_decay": 0.00012150084945933469, "dense2_weight_decay": 0.0016436462187969958, "1cycle_initial_lr_pct": 0.030649749410426166, "1cycle_final_lr_pct": 0.00016438177119363674, "1cycle_pct_warmup": 0.33181844515305414, "1cycle_max_lr": 13.297619774244739, "1cycle_momentum_max_damping_factor": 0.00017604646701044867, "1cycle_momentum_min_damping_factor_pct": 0.3626558762643027, "conv1_channels": 13, "conv2_channels": 13, "conv3_channels": 62, "dense1_units": 7}