{"optimizer": "adam", "epochs": 6, "batch_size": 152, "conv1_weight_decay": 0.13375849948091012, "conv2_weight_decay": 0.11306779174504818, "conv3_weight_decay": 3.4285747920965483e-06, "dense1_weight_decay": 0.0003158478057108522, "dense2_weight_decay": 0.0009917444922758786, "1cycle_initial_lr_pct": 0.01281323197160243, "1cycle_final_lr_pct": 3.643160774868174e-05, "1cycle_pct_warmup": 0.019276037365198135, "1cycle_max_lr": 19.451500888792726, "conv1_channels": 21, "conv2_channels": 62, "conv3_channels": 29, "dense1_units": 64}