{"optimizer": "adam", "epochs": 12, "batch_size": 24, "conv1_weight_decay": 2.493188729710834e-07, "conv2_weight_decay": 2.0866045276197762e-05, "conv3_weight_decay": 0.0002514993210139924, "dense1_weight_decay": 0.19485345640635554, "dense2_weight_decay": 3.252423163744161e-05, "1cycle_initial_lr_pct": 0.2636915246920422, "1cycle_final_lr_pct": 0.006170393599974944, "1cycle_pct_warmup": 0.1683732232149636, "1cycle_max_lr": 1.3443220434299237, "1cycle_beta1_max_damping_factor": 0.04242525354755787, "1cycle_beta1_min_damping_factor_pct": 0.6474568635301963, "beta2_damping_factor": 0.12926887866828105, "conv1_channels": 6, "conv2_channels": 66, "conv3_channels": 90, "dense1_units": 126}