{"optimizer": "sgd", "nesterov": true, "epochs": 3, "batch_size": 338, "conv1_weight_decay": 5.790989978012352e-07, "conv2_weight_decay": 1.0715551660065853e-06, "conv3_weight_decay": 0.13140893782574392, "dense1_weight_decay": 1.0265969817634283e-07, "dense2_weight_decay": 1.938261128852494e-06, "1cycle_initial_lr_pct": 0.3612269224561749, "1cycle_final_lr_pct": 0.001597774708352723, "1cycle_pct_warmup": 0.1797379783447832, "1cycle_max_lr": 1.98466595777846, "1cycle_max_momentum": 0.8795708514318802, "1cycle_min_momentum_pct": 0.028176667168736458, "conv1_channels": 15, "conv2_channels": 15, "conv3_channels": 23, "dense1_units": 119}