{"accuracy": 0.11349999904632568, "loss": 2.301506757736206, "training_time": 6.270612478256226}