{"optimizer": "adam", "epochs": 2, "batch_size": 31, "conv1_weight_decay": 0.007827345162444684, "conv2_weight_decay": 3.236064644616867e-07, "conv3_weight_decay": 0.0002271760056794662, "dense1_weight_decay": 0.00011498881833402339, "dense2_weight_decay": 0.0026195319063971262, "1cycle_initial_lr_pct": 0.11189461714099126, "1cycle_final_lr_pct": 0.00567553292349584, "1cycle_pct_warmup": 0.16271400879848003, "1cycle_max_lr": 0.08653397447676504, "1cycle_beta1_max_damping_factor": 0.00012961994069678325, "1cycle_beta1_min_damping_factor_pct": 0.3194514551816973, "beta2_damping_factor": 0.0012150184501926043, "conv1_channels": 6, "conv2_channels": 24, "conv3_channels": 213, "dense1_units": 31}