{"optimizer": "sgd", "nesterov": false, "epochs": 27, "batch_size": 302, "conv1_weight_decay": 0.0203266084043324, "conv2_weight_decay": 3.143060220386178e-05, "conv3_weight_decay": 0.13516992148303278, "dense1_weight_decay": 0.0003387354479618884, "dense2_weight_decay": 0.0006976387677888505, "1cycle_initial_lr_pct": 0.10715644131000217, "1cycle_final_lr_pct": 0.0012438135569424044, "1cycle_pct_warmup": 0.16847516352310776, "1cycle_max_lr": 0.01877343547134886, "1cycle_max_momentum": 0.2816728787312284, "1cycle_min_momentum_pct": 0.38794234953820705, "conv1_channels": 15, "conv2_channels": 17, "conv3_channels": 184, "dense1_units": 136}