{"accuracy": 0.8988999724388123, "loss": 2.384669303894043, "training_time": 16.202590465545654}