{"accuracy": 0.9656999707221985, "loss": 0.33714190125465393, "training_time": 41.867900133132935}