{"optimizer": "adam", "epochs": 6, "batch_size": 46, "conv1_weight_decay": 0.006303124108461308, "conv2_weight_decay": 0.0005449725272036844, "conv3_weight_decay": 0.002896795986883498, "dense1_weight_decay": 1.5904691189282734e-07, "dense2_weight_decay": 1.8558611211733963e-05, "1cycle_initial_lr_pct": 0.2124242866259291, "1cycle_final_lr_pct": 0.0005887772362612681, "1cycle_pct_warmup": 0.1694772964800008, "1cycle_max_lr": 0.16032532374112807, "1cycle_beta1_max_damping_factor": 0.002584869779801805, "1cycle_beta1_min_damping_factor_pct": 0.46921398185028346, "beta2_damping_factor": 0.001494360510332903, "conv1_channels": 6, "conv2_channels": 9, "conv3_channels": 62, "dense1_units": 194}