{"optimizer": "sgd", "nesterov": false, "epochs": 17, "batch_size": 636, "conv1_weight_decay": 0.0017743291277271677, "conv2_weight_decay": 0.038258719122311026, "conv3_weight_decay": 0.022479301317745483, "dense1_weight_decay": 0.1567686251737412, "dense2_weight_decay": 1.9586781149554913e-07, "1cycle_initial_lr_pct": 0.43846531917309767, "1cycle_final_lr_pct": 0.009789701980203645, "1cycle_pct_warmup": 0.1815729078091681, "1cycle_max_lr": 0.012926517543749273, "1cycle_max_momentum": 0.12711769759291783, "1cycle_min_momentum_pct": 0.8777252743020654, "conv1_channels": 40, "conv2_channels": 26, "conv3_channels": 234, "dense1_units": 141}