{"accuracy": 0.9000999927520752, "loss": 1.1849867105484009, "training_time": 21.400918006896973}