{"optimizer": "adam", "epochs": 53, "batch_size": 3486, "conv1_weight_decay": 0.009826884572763338, "conv2_weight_decay": 0.0016260584400879501, "conv3_weight_decay": 0.2392543958735654, "dense1_weight_decay": 7.41214159039143e-05, "dense2_weight_decay": 0.22474472744732032, "1cycle_initial_lr_pct": 0.014870814018052285, "1cycle_final_lr_pct": 0.00015433354491276648, "1cycle_pct_warmup": 0.028426268518379077, "1cycle_max_lr": 9.649489258338809, "1cycle_beta1_max_damping_factor": 0.00043618020631719514, "1cycle_beta1_min_damping_factor_pct": 0.3448703038296911, "beta2_damping_factor": 0.00367299878632518, "conv1_channels": 32, "conv2_channels": 10, "conv3_channels": 36, "dense1_units": 194}