{"optimizer": "sgd", "nesterov": true, "epochs": 6, "batch_size": 72, "conv1_weight_decay": 0.02841928935435509, "conv2_weight_decay": 0.2040060543847618, "conv3_weight_decay": 0.0008222306044052137, "dense1_weight_decay": 0.00017962622268843053, "dense2_weight_decay": 0.013027538958275466, "1cycle_initial_lr_pct": 0.030570166075519857, "1cycle_final_lr_pct": 3.377927873641582e-05, "1cycle_pct_warmup": 0.4124852825142443, "1cycle_max_lr": 8.28531780436315, "1cycle_max_momentum": 0.832060754505638, "1cycle_min_momentum_pct": 0.8704755939543247, "conv1_channels": 30, "conv2_channels": 15, "conv3_channels": 130, "dense1_units": 15}