{"accuracy": 0.11349999904632568, "loss": 2.3035430908203125, "training_time": 23.337871313095093}