{"optimizer": "adam", "epochs": 4, "batch_size": 313, "conv1_weight_decay": 5.117808031106419e-05, "conv2_weight_decay": 0.023140751067313912, "conv3_weight_decay": 1.1305437650398127e-07, "dense1_weight_decay": 0.00010992866445162136, "dense2_weight_decay": 3.826640337949426e-05, "1cycle_initial_lr_pct": 0.4435302027383707, "1cycle_final_lr_pct": 0.0005121436282515295, "1cycle_pct_warmup": 0.02147791806745641, "1cycle_max_lr": 2.451326551778502, "1cycle_beta1_max_damping_factor": 0.07335077951398837, "1cycle_beta1_min_damping_factor_pct": 0.47822409804556104, "beta2_damping_factor": 0.3620753882250739, "conv1_channels": 19, "conv2_channels": 30, "conv3_channels": 30, "dense1_units": 13}