{"optimizer": "sgd", "nesterov": false, "epochs": 23, "batch_size": 18, "conv1_weight_decay": 7.147268811834999e-05, "conv2_weight_decay": 0.0008239340917286659, "conv3_weight_decay": 8.646821798812572e-06, "dense1_weight_decay": 0.0003327346010444525, "dense2_weight_decay": 2.4776875298977588e-06, "1cycle_initial_lr_pct": 0.22338149873243213, "1cycle_final_lr_pct": 0.00012766978157963534, "1cycle_pct_warmup": 0.3726944463606924, "1cycle_max_lr": 1.3205138055327537, "1cycle_max_momentum": 0.8983372814227827, "1cycle_min_momentum_pct": 0.566037280485034, "conv1_channels": 6, "conv2_channels": 24, "conv3_channels": 15, "dense1_units": 11}