{"optimizer": "adam", "epochs": 12, "batch_size": 2728, "conv1_weight_decay": 0.08864697907976832, "conv2_weight_decay": 0.001891044519428017, "conv3_weight_decay": 5.393409996931162e-05, "dense1_weight_decay": 0.0006202953580980541, "dense2_weight_decay": 0.0007292507096746574, "1cycle_initial_lr_pct": 0.15786111150162357, "1cycle_final_lr_pct": 0.0011780762515170673, "1cycle_pct_warmup": 0.019891814924857296, "1cycle_max_lr": 0.03975724791975278, "1cycle_beta1_max_damping_factor": 0.00020209374648503368, "1cycle_beta1_min_damping_factor_pct": 0.16381511821567574, "beta2_damping_factor": 0.0011361649434781518, "conv1_channels": 4, "conv2_channels": 13, "conv3_channels": 17, "dense1_units": 252}