{"optimizer": "sgd", "nesterov": false, "epochs": 3, "batch_size": 94, "conv1_weight_decay": 0.08222278236648027, "conv2_weight_decay": 0.12513610318210197, "conv3_weight_decay": 2.077017258244985e-06, "dense1_weight_decay": 6.20478792157613e-05, "dense2_weight_decay": 0.0011616398247513338, "1cycle_initial_lr_pct": 0.1507591358471527, "1cycle_final_lr_pct": 0.003595647490350386, "1cycle_pct_warmup": 0.3396977393142879, "1cycle_max_lr": 0.23840601727462235, "1cycle_max_momentum": 0.11547786315791309, "1cycle_min_momentum_pct": 0.12845887895673513, "conv1_channels": 18, "conv2_channels": 32, "conv3_channels": 186, "dense1_units": 149}