{"accuracy": 0.9387000203132629, "loss": 1.5131380558013916, "training_time": 6.257729530334473}