{"accuracy": 0.9667999744415283, "loss": 0.2452966868877411, "training_time": 11.95076036453247}