{"optimizer": "sgd", "nesterov": true, "epochs": 37, "batch_size": 318, "conv1_weight_decay": 4.03035936079074e-06, "conv2_weight_decay": 2.6338137142320223e-06, "conv3_weight_decay": 6.255622591372581e-06, "dense1_weight_decay": 6.666693888357733e-07, "dense2_weight_decay": 0.0006365641839624878, "1cycle_initial_lr_pct": 0.020160482776610974, "1cycle_final_lr_pct": 9.615143142804799e-05, "1cycle_pct_warmup": 0.0865101986619797, "1cycle_max_lr": 0.21595750792123364, "1cycle_momentum_max_damping_factor": 0.002303227003323157, "1cycle_momentum_min_damping_factor_pct": 0.18557146193841834, "conv1_channels": 38, "conv2_channels": 37, "conv3_channels": 244, "dense1_units": 13}