{"optimizer": "adam", "epochs": 6, "batch_size": 18, "conv1_weight_decay": 3.563492272226522e-06, "conv2_weight_decay": 1.846026034061639e-05, "conv3_weight_decay": 1.6545494005373965e-07, "dense1_weight_decay": 0.01623919709619926, "dense2_weight_decay": 0.002451380405553784, "1cycle_initial_lr_pct": 0.017445389309334935, "1cycle_final_lr_pct": 0.0002151626823865638, "1cycle_pct_warmup": 0.2454501433018595, "1cycle_max_lr": 0.046192629952844955, "conv1_channels": 61, "conv2_channels": 37, "conv3_channels": 76, "dense1_units": 24}