{"optimizer": "sgd", "nesterov": true, "epochs": 2, "batch_size": 2690, "conv1_weight_decay": 7.152600179368181e-06, "conv2_weight_decay": 0.0003102227979541176, "conv3_weight_decay": 1.1175431660578176e-05, "dense1_weight_decay": 5.993973200659736e-07, "dense2_weight_decay": 0.000187026318343577, "1cycle_initial_lr_pct": 0.015306314380122948, "1cycle_final_lr_pct": 0.00015870612168398274, "1cycle_pct_warmup": 0.4104731645062566, "1cycle_max_lr": 0.7928577216495127, "1cycle_max_momentum": 0.027971835105400533, "1cycle_min_momentum_pct": 0.24798547104001045, "conv1_channels": 40, "conv2_channels": 44, "conv3_channels": 239, "dense1_units": 11}