{"optimizer": "adam", "epochs": 18, "batch_size": 83, "conv1_weight_decay": 4.38384342336364e-06, "conv2_weight_decay": 0.011010769409491323, "conv3_weight_decay": 4.698179361606161e-07, "dense1_weight_decay": 0.06185164863358702, "dense2_weight_decay": 0.003653444965885905, "1cycle_initial_lr_pct": 0.02623694266405957, "1cycle_final_lr_pct": 0.00010644396779513301, "1cycle_pct_warmup": 0.02997351134654112, "1cycle_max_lr": 0.6558757971461073, "1cycle_beta1_max_damping_factor": 0.002550945171503216, "1cycle_beta1_min_damping_factor_pct": 0.15346599947084705, "beta2_damping_factor": 0.0018752649955312928, "conv1_channels": 19, "conv2_channels": 57, "conv3_channels": 48, "dense1_units": 34}