{"accuracy": 0.7167999744415283, "loss": 0.9398835897445679, "training_time": 11.139781475067139}