{"optimizer": "adam", "epochs": 2, "batch_size": 2999, "conv1_weight_decay": 0.032308176073980024, "conv2_weight_decay": 0.03437323651408798, "conv3_weight_decay": 3.7133157538775885e-07, "dense1_weight_decay": 2.4294155892702164e-05, "dense2_weight_decay": 0.0012497039517726381, "1cycle_initial_lr_pct": 0.1677812972346141, "1cycle_final_lr_pct": 0.00045171216734266447, "1cycle_pct_warmup": 0.03701762183228445, "1cycle_max_lr": 0.055418166245802196, "1cycle_beta1_max_damping_factor": 0.2101362494941475, "1cycle_beta1_min_damping_factor_pct": 0.4446509384340281, "beta2_damping_factor": 0.00023085145062122484, "conv1_channels": 6, "conv2_channels": 46, "conv3_channels": 26, "dense1_units": 49}