{"optimizer": "sgd", "nesterov": false, "epochs": 36, "batch_size": 77, "conv1_weight_decay": 0.012544115733597736, "conv2_weight_decay": 0.0004950256874158137, "conv3_weight_decay": 1.8188064059133092e-05, "dense1_weight_decay": 0.0035477328837790253, "dense2_weight_decay": 0.0008832110495927035, "1cycle_initial_lr_pct": 0.19169852189843997, "1cycle_final_lr_pct": 0.0001003227479205466, "1cycle_pct_warmup": 0.3962786195985973, "1cycle_max_lr": 0.3273436420611893, "1cycle_max_momentum": 0.8776118529221043, "1cycle_min_momentum_pct": 0.6871156161651015, "conv1_channels": 4, "conv2_channels": 24, "conv3_channels": 122, "dense1_units": 144}