{"accuracy": 0.8867999911308289, "loss": 0.5009336471557617, "training_time": 4.079916000366211}