{"optimizer": "adam", "epochs": 17, "batch_size": 115, "conv1_weight_decay": 0.10308989792885183, "conv2_weight_decay": 1.4744547994542143e-07, "conv3_weight_decay": 8.872921002592416e-07, "dense1_weight_decay": 0.012488691749999803, "dense2_weight_decay": 8.950876443372852e-06, "1cycle_initial_lr_pct": 0.0757686550889997, "1cycle_final_lr_pct": 0.00011671833708263594, "1cycle_pct_warmup": 0.28105545314960184, "1cycle_max_lr": 0.026554077851119316, "conv1_channels": 37, "conv2_channels": 44, "conv3_channels": 125, "dense1_units": 37}