{"optimizer": "sgd", "nesterov": true, "epochs": 6, "batch_size": 2193, "conv1_weight_decay": 0.09579339194647583, "conv2_weight_decay": 3.336929125433707e-05, "conv3_weight_decay": 0.00013566555763588355, "dense1_weight_decay": 9.72102559504645e-07, "dense2_weight_decay": 4.0600290494300904e-07, "1cycle_initial_lr_pct": 0.0676786863696858, "1cycle_final_lr_pct": 0.0005739320866595119, "1cycle_pct_warmup": 0.0150001597694285, "1cycle_max_lr": 0.4456748668576409, "1cycle_momentum_max_damping_factor": 0.6920959502192766, "1cycle_momentum_min_damping_factor_pct": 0.2644884483742915, "conv1_channels": 57, "conv2_channels": 11, "conv3_channels": 97, "dense1_units": 90}