{"accuracy": 0.11349999904632568, "loss": 2.3101956844329834, "training_time": 8.916239261627197}