{"optimizer": "adam", "epochs": 15, "batch_size": 62, "conv1_weight_decay": 0.00017850105611760174, "conv2_weight_decay": 1.1285032486361087e-07, "conv3_weight_decay": 5.938928140657774e-06, "dense1_weight_decay": 0.023439805319454134, "dense2_weight_decay": 5.6157262043354226e-06, "1cycle_initial_lr_pct": 0.01585239079919551, "1cycle_final_lr_pct": 0.0004424363689428149, "1cycle_pct_warmup": 0.048648764863403124, "1cycle_max_lr": 0.026481626637702958, "1cycle_beta1_max_damping_factor": 0.0004781264992564354, "1cycle_beta1_min_damping_factor_pct": 0.38991694799496757, "beta2_damping_factor": 0.025678274243991987, "conv1_channels": 7, "conv2_channels": 106, "conv3_channels": 34, "dense1_units": 7}