{"optimizer": "sgd", "nesterov": true, "epochs": 4, "batch_size": 542, "conv1_weight_decay": 0.00042820389334630345, "conv2_weight_decay": 9.192591699507538e-05, "conv3_weight_decay": 1.6286868970758606e-07, "dense1_weight_decay": 1.7212436857748781e-06, "dense2_weight_decay": 4.6355060608439007e-07, "1cycle_initial_lr_pct": 0.022924528029597078, "1cycle_final_lr_pct": 0.0001009032912742521, "1cycle_pct_warmup": 0.46450271321460607, "1cycle_max_lr": 0.21632042656751022, "1cycle_max_momentum": 0.8003255371986888, "1cycle_min_momentum_pct": 0.2706882590427995, "conv1_channels": 30, "conv2_channels": 21, "conv3_channels": 43, "dense1_units": 87}