{"accuracy": 0.980400025844574, "loss": 0.06860524415969849, "training_time": 11.145018100738525}