{"optimizer": "sgd", "nesterov": true, "epochs": 7, "batch_size": 187, "conv1_weight_decay": 0.0005621511875033482, "conv2_weight_decay": 0.00045763846195922577, "conv3_weight_decay": 3.431805696612384e-07, "dense1_weight_decay": 0.0002848989502768785, "dense2_weight_decay": 6.518423478891919e-06, "1cycle_initial_lr_pct": 0.3600220260345472, "1cycle_final_lr_pct": 0.0048222974312073915, "1cycle_pct_warmup": 0.07256111741571425, "1cycle_max_lr": 2.7686184306526616, "1cycle_momentum_max_damping_factor": 0.11750749626893334, "1cycle_momentum_min_damping_factor_pct": 0.6444948807893596, "conv1_channels": 34, "conv2_channels": 10, "conv3_channels": 42, "dense1_units": 17}