{"optimizer": "adam", "epochs": 12, "batch_size": 1516, "conv1_weight_decay": 0.0009553683951042664, "conv2_weight_decay": 0.0458021606704768, "conv3_weight_decay": 2.1026497448927395e-05, "dense1_weight_decay": 7.391782831508482e-05, "dense2_weight_decay": 4.2909165318764157e-07, "1cycle_initial_lr_pct": 0.31132600856487996, "1cycle_final_lr_pct": 0.000990866793850029, "1cycle_pct_warmup": 0.2315883984323591, "1cycle_max_lr": 1.2113790557514503, "conv1_channels": 4, "conv2_channels": 77, "conv3_channels": 183, "dense1_units": 22}