{"accuracy": 0.11349999904632568, "loss": 8.336526870727539, "training_time": 21.41422700881958}