{"accuracy": 0.11349999904632568, "loss": 2.329916477203369, "training_time": 12.37073802947998}