{"optimizer": "sgd", "nesterov": false, "epochs": 11, "batch_size": 209, "conv1_weight_decay": 1.0432166609421712e-06, "conv2_weight_decay": 3.3419482564968347e-07, "conv3_weight_decay": 2.6657268800706197e-05, "dense1_weight_decay": 5.83757313095159e-07, "dense2_weight_decay": 0.006021334925577553, "1cycle_initial_lr_pct": 0.20510060751609718, "1cycle_final_lr_pct": 0.0011250629514061874, "1cycle_pct_warmup": 0.21266798718352808, "1cycle_max_lr": 0.39818850268425043, "1cycle_momentum_max_damping_factor": 0.020436418023737735, "1cycle_momentum_min_damping_factor_pct": 0.8019792014274452, "conv1_channels": 27, "conv2_channels": 13, "conv3_channels": 26, "dense1_units": 24}