{"optimizer": "adam", "epochs": 3, "batch_size": 1686, "conv1_weight_decay": 1.3907770772732935e-06, "conv2_weight_decay": 3.08213139683368e-05, "conv3_weight_decay": 3.447891283764454e-07, "dense1_weight_decay": 0.09404725326963224, "dense2_weight_decay": 0.00034637835195489014, "1cycle_initial_lr_pct": 0.4086683549626375, "1cycle_final_lr_pct": 0.006609535171916193, "1cycle_pct_warmup": 0.10449364610947667, "1cycle_max_lr": 0.028492182250359464, "conv1_channels": 17, "conv2_channels": 24, "conv3_channels": 29, "dense1_units": 17}