{"accuracy": 0.11349999904632568, "loss": 2.3261170387268066, "training_time": 16.035968542099}