{"accuracy": 0.9778000116348267, "loss": 0.13007107377052307, "training_time": 6.2018067836761475}