{"optimizer": "sgd", "nesterov": true, "epochs": 22, "batch_size": 667, "conv1_weight_decay": 0.008380281059336386, "conv2_weight_decay": 0.0020037619823466174, "conv3_weight_decay": 0.016812201450678316, "dense1_weight_decay": 4.7082805764047987e-07, "dense2_weight_decay": 0.00025607218618247177, "1cycle_initial_lr_pct": 0.0817406749852403, "1cycle_final_lr_pct": 0.009923092928521943, "1cycle_pct_warmup": 0.01389157419625025, "1cycle_max_lr": 4.588030831254465, "1cycle_momentum_max_damping_factor": 0.9609124878030589, "1cycle_momentum_min_damping_factor_pct": 0.18023595967940004, "conv1_channels": 34, "conv2_channels": 13, "conv3_channels": 24, "dense1_units": 13}