{"optimizer": "adam", "epochs": 2, "batch_size": 38, "conv1_weight_decay": 0.022408855091041936, "conv2_weight_decay": 0.14826377804573362, "conv3_weight_decay": 0.005827690185292164, "dense1_weight_decay": 0.09286426882351577, "dense2_weight_decay": 0.0032125120077620933, "1cycle_initial_lr_pct": 0.08520194982158949, "1cycle_final_lr_pct": 0.001886217009535085, "1cycle_pct_warmup": 0.2667800826113671, "1cycle_max_lr": 3.365739032321876, "conv1_channels": 12, "conv2_channels": 15, "conv3_channels": 229, "dense1_units": 19}