{"accuracy": 0.11349999904632568, "loss": 2.3045260906219482, "training_time": 20.060333251953125}