{"accuracy": 0.10320000350475311, "loss": 2.303095817565918, "training_time": 14.60524845123291}