{"optimizer": "adam", "epochs": 15, "batch_size": 1106, "conv1_weight_decay": 8.08369037710735e-05, "conv2_weight_decay": 0.18050524140042468, "conv3_weight_decay": 2.1969665200318637e-06, "dense1_weight_decay": 9.787614875237857e-07, "dense2_weight_decay": 0.0002654487261079416, "1cycle_initial_lr_pct": 0.16427680073384682, "1cycle_final_lr_pct": 0.0004471305455671475, "1cycle_pct_warmup": 0.06393202165141701, "1cycle_max_lr": 0.02109636252160499, "conv1_channels": 7, "conv2_channels": 17, "conv3_channels": 61, "dense1_units": 24}