{"optimizer": "sgd", "nesterov": false, "epochs": 9, "batch_size": 128, "conv1_weight_decay": 4.3729663317551996e-05, "conv2_weight_decay": 0.0023663617854533495, "conv3_weight_decay": 4.975359440811525e-05, "dense1_weight_decay": 0.008726893020629612, "dense2_weight_decay": 0.0034061848317679826, "1cycle_initial_lr_pct": 0.18090868682969646, "1cycle_final_lr_pct": 3.9387631825154134e-05, "1cycle_pct_warmup": 0.4381343918585398, "1cycle_max_lr": 0.08246189605125682, "1cycle_momentum_max_damping_factor": 0.0322297667005881, "1cycle_momentum_min_damping_factor_pct": 0.24461226278935533, "conv1_channels": 40, "conv2_channels": 11, "conv3_channels": 27, "dense1_units": 188}