{"accuracy": 0.9855999946594238, "loss": 0.06199870631098747, "training_time": 11.302376508712769}