{"accuracy": 0.9764999747276306, "loss": 0.20461276173591614, "training_time": 20.080393314361572}