{"optimizer": "adam", "epochs": 24, "batch_size": 3572, "conv1_weight_decay": 3.0347842451596946e-06, "conv2_weight_decay": 4.356635655310717e-06, "conv3_weight_decay": 0.005213646949973702, "dense1_weight_decay": 0.004150413578604649, "dense2_weight_decay": 7.534203200297817e-05, "1cycle_initial_lr_pct": 0.03329061833178755, "1cycle_final_lr_pct": 0.009034404191114046, "1cycle_pct_warmup": 0.211475937794894, "1cycle_max_lr": 0.6426888259865701, "conv1_channels": 6, "conv2_channels": 48, "conv3_channels": 36, "dense1_units": 104}