{"optimizer": "sgd", "nesterov": true, "epochs": 4, "batch_size": 113, "conv1_weight_decay": 3.0703020719770674e-06, "conv2_weight_decay": 8.178831861295016e-07, "conv3_weight_decay": 0.012582274538700585, "dense1_weight_decay": 1.7649108566069295e-05, "dense2_weight_decay": 1.0098883511316237e-06, "1cycle_initial_lr_pct": 0.0342782000998799, "1cycle_final_lr_pct": 0.0006566034050861987, "1cycle_pct_warmup": 0.0927286477488231, "1cycle_max_lr": 1.022729632016694, "1cycle_momentum_max_damping_factor": 0.008411489026027369, "1cycle_momentum_min_damping_factor_pct": 0.14237869262406197, "conv1_channels": 9, "conv2_channels": 29, "conv3_channels": 183, "dense1_units": 37}