{"accuracy": 0.11349999904632568, "loss": 2.3124444484710693, "training_time": 21.4360089302063}