{"accuracy": 0.10100000351667404, "loss": 20.0, "training_time": 10.87106466293335}