{"optimizer": "sgd", "nesterov": false, "epochs": 3, "batch_size": 3530, "conv1_weight_decay": 3.151655025206828e-05, "conv2_weight_decay": 0.0005691755794967323, "conv3_weight_decay": 8.608327966964267e-06, "dense1_weight_decay": 0.00012499997749102623, "dense2_weight_decay": 0.03291109932577398, "1cycle_initial_lr_pct": 0.03424034998944772, "1cycle_final_lr_pct": 0.006117028413996736, "1cycle_pct_warmup": 0.01946074610792148, "1cycle_max_lr": 1.5230041720803693, "1cycle_momentum_max_damping_factor": 0.00018825258697133474, "1cycle_momentum_min_damping_factor_pct": 0.5452139156685886, "conv1_channels": 15, "conv2_channels": 48, "conv3_channels": 216, "dense1_units": 72}