{"optimizer": "adam", "epochs": 51, "batch_size": 71, "conv1_weight_decay": 0.0001497343399934769, "conv2_weight_decay": 0.03221072518867917, "conv3_weight_decay": 1.4855589458180479e-07, "dense1_weight_decay": 0.0003045341739351159, "dense2_weight_decay": 0.06083493971776716, "1cycle_initial_lr_pct": 0.0321926204017704, "1cycle_final_lr_pct": 0.0016112046132165808, "1cycle_pct_warmup": 0.3364199185092002, "1cycle_max_lr": 2.7786247377971667, "conv1_channels": 52, "conv2_channels": 124, "conv3_channels": 31, "dense1_units": 9}