{"optimizer": "sgd", "nesterov": true, "epochs": 32, "batch_size": 1952, "conv1_weight_decay": 0.017124997821954986, "conv2_weight_decay": 0.00010589817434035252, "conv3_weight_decay": 0.036909244929784556, "dense1_weight_decay": 1.3324707906959826e-07, "dense2_weight_decay": 0.02146751119772835, "1cycle_initial_lr_pct": 0.08299379379839054, "1cycle_final_lr_pct": 0.0027546561054946, "1cycle_pct_warmup": 0.3434320898074657, "1cycle_max_lr": 1.2043771723473566, "1cycle_max_momentum": 0.05474699940327555, "1cycle_min_momentum_pct": 0.15152204409241676, "conv1_channels": 10, "conv2_channels": 9, "conv3_channels": 17, "dense1_units": 184}