{"optimizer": "adam", "epochs": 2, "batch_size": 234, "conv1_weight_decay": 0.03843778889247405, "conv2_weight_decay": 1.0116099767498926e-07, "conv3_weight_decay": 0.005494249728970504, "dense1_weight_decay": 0.28394946605092464, "dense2_weight_decay": 0.09953782030654615, "1cycle_initial_lr_pct": 0.08810036588562312, "1cycle_final_lr_pct": 0.0021204530128404145, "1cycle_pct_warmup": 0.02066132945387935, "1cycle_max_lr": 2.7795369464676885, "1cycle_beta1_max_damping_factor": 0.010586870356773604, "1cycle_beta1_min_damping_factor_pct": 0.9024665562985379, "beta2_damping_factor": 0.42867572265082926, "conv1_channels": 4, "conv2_channels": 17, "conv3_channels": 250, "dense1_units": 27}