{"accuracy": 0.11349999904632568, "loss": 2.3033902645111084, "training_time": 21.428869485855103}