{"optimizer": "adam", "epochs": 46, "batch_size": 1030, "conv1_weight_decay": 0.0006056451955949669, "conv2_weight_decay": 3.349815900714135e-07, "conv3_weight_decay": 0.10114455575702172, "dense1_weight_decay": 4.4901345619503194e-05, "dense2_weight_decay": 2.0117142223923917e-06, "1cycle_initial_lr_pct": 0.016288666971279474, "1cycle_final_lr_pct": 0.001918739262589426, "1cycle_pct_warmup": 0.3212464139144868, "1cycle_max_lr": 4.962917436875833, "conv1_channels": 41, "conv2_channels": 7, "conv3_channels": 18, "dense1_units": 12}