{"optimizer": "sgd", "nesterov": false, "epochs": 3, "batch_size": 133, "conv1_weight_decay": 0.0008687658293477223, "conv2_weight_decay": 8.053038125545726e-05, "conv3_weight_decay": 0.0009997369055768889, "dense1_weight_decay": 0.0004643209817792211, "dense2_weight_decay": 3.1010401534512796e-05, "1cycle_initial_lr_pct": 0.02163829089463357, "1cycle_final_lr_pct": 0.009853947782970707, "1cycle_pct_warmup": 0.01832284698459025, "1cycle_max_lr": 5.930579626374397, "1cycle_momentum_max_damping_factor": 0.22806177864344845, "1cycle_momentum_min_damping_factor_pct": 0.8358252753827703, "conv1_channels": 26, "conv2_channels": 27, "conv3_channels": 37, "dense1_units": 78}