{"accuracy": 0.11349999904632568, "loss": 2.3011696338653564, "training_time": 41.89454126358032}