{"optimizer": "sgd", "nesterov": true, "epochs": 4, "batch_size": 216, "conv1_weight_decay": 3.4064571656813924e-07, "conv2_weight_decay": 0.00023230636732632384, "conv3_weight_decay": 0.001957638179652448, "dense1_weight_decay": 0.01583588037876779, "dense2_weight_decay": 0.0011432340162752695, "1cycle_initial_lr_pct": 0.01736262672358079, "1cycle_final_lr_pct": 0.00034674251457297145, "1cycle_pct_warmup": 0.014152397468480694, "1cycle_max_lr": 0.010505307962041783, "1cycle_momentum_max_damping_factor": 0.0006203252341611076, "1cycle_momentum_min_damping_factor_pct": 0.17252744284925714, "conv1_channels": 44, "conv2_channels": 74, "conv3_channels": 19, "dense1_units": 98}