{"optimizer": "adam", "epochs": 24, "batch_size": 2034, "conv1_weight_decay": 1.3648498725236738e-07, "conv2_weight_decay": 0.014372635088471614, "conv3_weight_decay": 0.017170292654399736, "dense1_weight_decay": 1.0324749509321981e-06, "dense2_weight_decay": 0.0007987631181427553, "1cycle_initial_lr_pct": 0.02459031896590495, "1cycle_final_lr_pct": 7.408092969105303e-05, "1cycle_pct_warmup": 0.2655964225251228, "1cycle_max_lr": 0.09674031547872361, "conv1_channels": 51, "conv2_channels": 22, "conv3_channels": 79, "dense1_units": 27}