{"accuracy": 0.9225999712944031, "loss": 5.4106831550598145, "training_time": 10.23835563659668}