{"accuracy": 0.9660999774932861, "loss": 0.17039276659488678, "training_time": 42.00664734840393}