{"optimizer": "sgd", "nesterov": true, "epochs": 15, "batch_size": 46, "conv1_weight_decay": 2.718893362860656e-06, "conv2_weight_decay": 1.3997748209859136e-06, "conv3_weight_decay": 0.009078489227911697, "dense1_weight_decay": 4.7053511634296295e-07, "dense2_weight_decay": 0.008090144807528283, "1cycle_initial_lr_pct": 0.028493774658864972, "1cycle_final_lr_pct": 0.001826933252560596, "1cycle_pct_warmup": 0.3929522680025548, "1cycle_max_lr": 0.043346463313682894, "1cycle_max_momentum": 0.2733885303086601, "1cycle_min_momentum_pct": 0.9265237394720316, "conv1_channels": 7, "conv2_channels": 34, "conv3_channels": 27, "dense1_units": 213}