{"optimizer": "adam", "epochs": 9, "batch_size": 780, "conv1_weight_decay": 2.8565378632627055e-06, "conv2_weight_decay": 2.2496040411345066e-05, "conv3_weight_decay": 0.0011850096798934316, "dense1_weight_decay": 0.05776965252548037, "dense2_weight_decay": 0.13680763072360172, "1cycle_initial_lr_pct": 0.014203524274296954, "1cycle_final_lr_pct": 0.008396148280553784, "1cycle_pct_warmup": 0.03658385515726398, "1cycle_max_lr": 0.2043680819199132, "1cycle_beta1_max_damping_factor": 0.01631934465751336, "1cycle_beta1_min_damping_factor_pct": 0.16621668275658805, "beta2_damping_factor": 0.08106188071534051, "conv1_channels": 4, "conv2_channels": 13, "conv3_channels": 211, "dense1_units": 87}