{"accuracy": 0.9628000259399414, "loss": 5.1072468757629395, "training_time": 7.423025131225586}