{"optimizer": "adam", "epochs": 30, "batch_size": 1154, "conv1_weight_decay": 0.0013343941794665781, "conv2_weight_decay": 0.026171209779973472, "conv3_weight_decay": 0.16155148951813567, "dense1_weight_decay": 0.0010924328145749847, "dense2_weight_decay": 8.365613133363883e-05, "1cycle_initial_lr_pct": 0.038386447503905144, "1cycle_final_lr_pct": 0.00017605294391412126, "1cycle_pct_warmup": 0.036348078129813076, "1cycle_max_lr": 0.03383712624634836, "conv1_channels": 4, "conv2_channels": 9, "conv3_channels": 128, "dense1_units": 77}