{"optimizer": "sgd", "nesterov": false, "epochs": 3, "batch_size": 138, "conv1_weight_decay": 0.005220309495729788, "conv2_weight_decay": 0.0011077860471115062, "conv3_weight_decay": 0.00020397539052562322, "dense1_weight_decay": 5.403377174692191e-05, "dense2_weight_decay": 8.184303666814568e-07, "1cycle_initial_lr_pct": 0.03671199206479662, "1cycle_final_lr_pct": 0.0001256505426717352, "1cycle_pct_warmup": 0.3514073109848198, "1cycle_max_lr": 0.3170103907256328, "1cycle_momentum_max_damping_factor": 0.0010309470729826897, "1cycle_momentum_min_damping_factor_pct": 0.3087857342122374, "conv1_channels": 10, "conv2_channels": 13, "conv3_channels": 22, "dense1_units": 13}