{"accuracy": 0.9735000133514404, "loss": 0.2258315235376358, "training_time": 21.4593186378479}