{"optimizer": "adam", "epochs": 2, "batch_size": 2836, "conv1_weight_decay": 0.00023441679239366242, "conv2_weight_decay": 5.788903762676097e-07, "conv3_weight_decay": 0.012480170010708851, "dense1_weight_decay": 0.0022985253951073917, "dense2_weight_decay": 0.1558493711690111, "1cycle_initial_lr_pct": 0.0697828019653495, "1cycle_final_lr_pct": 0.004716068285257613, "1cycle_pct_warmup": 0.06554125053988212, "1cycle_max_lr": 6.954126211224395, "1cycle_beta1_max_damping_factor": 0.03664432923587967, "1cycle_beta1_min_damping_factor_pct": 0.46281213922027314, "beta2_damping_factor": 0.00045910595833924153, "conv1_channels": 42, "conv2_channels": 7, "conv3_channels": 38, "dense1_units": 24}