{"optimizer": "sgd", "nesterov": true, "epochs": 37, "batch_size": 92, "conv1_weight_decay": 0.00028065734793587235, "conv2_weight_decay": 5.55218392567342e-05, "conv3_weight_decay": 0.0052460261551443895, "dense1_weight_decay": 8.219471864001643e-06, "dense2_weight_decay": 0.010589117820866013, "1cycle_initial_lr_pct": 0.07771023265288253, "1cycle_final_lr_pct": 0.0010181232978399982, "1cycle_pct_warmup": 0.49847610094584527, "1cycle_max_lr": 6.1374908326360424, "1cycle_max_momentum": 0.9008916298147291, "1cycle_min_momentum_pct": 0.08157588541507721, "conv1_channels": 15, "conv2_channels": 26, "conv3_channels": 63, "dense1_units": 26}