{"optimizer": "sgd", "nesterov": true, "epochs": 3, "batch_size": 122, "conv1_weight_decay": 0.07825461993644302, "conv2_weight_decay": 3.8554855854344593e-07, "conv3_weight_decay": 7.182098553069697e-07, "dense1_weight_decay": 0.18325987889481868, "dense2_weight_decay": 0.0029253374054175984, "1cycle_initial_lr_pct": 0.1714346705964823, "1cycle_final_lr_pct": 0.002065675888669373, "1cycle_pct_warmup": 0.08763086274093738, "1cycle_max_lr": 1.4988439104801976, "1cycle_momentum_max_damping_factor": 0.026830072789575787, "1cycle_momentum_min_damping_factor_pct": 0.16754858168124648, "conv1_channels": 36, "conv2_channels": 24, "conv3_channels": 144, "dense1_units": 88}