{"optimizer": "adam", "epochs": 48, "batch_size": 4065, "conv1_weight_decay": 0.09064298029423203, "conv2_weight_decay": 2.9617883367960087e-05, "conv3_weight_decay": 0.0001228045144417345, "dense1_weight_decay": 2.292306267436202e-07, "dense2_weight_decay": 0.00023689741053070526, "1cycle_initial_lr_pct": 0.19013854871421013, "1cycle_final_lr_pct": 0.002702769838842638, "1cycle_pct_warmup": 0.24097390822134912, "1cycle_max_lr": 2.6644889906858116, "conv1_channels": 13, "conv2_channels": 110, "conv3_channels": 230, "dense1_units": 23}