{"accuracy": 0.11349999904632568, "loss": 2.309523582458496, "training_time": 9.099454641342163}