{"optimizer": "sgd", "nesterov": false, "epochs": 10, "batch_size": 3182, "conv1_weight_decay": 1.8232651480237503e-06, "conv2_weight_decay": 0.003373868378873555, "conv3_weight_decay": 4.2093803771134614e-07, "dense1_weight_decay": 0.0004440404793058034, "dense2_weight_decay": 0.0021148736655646236, "1cycle_initial_lr_pct": 0.03611665971235822, "1cycle_final_lr_pct": 0.0003049553732861482, "1cycle_pct_warmup": 0.12105983344561276, "1cycle_max_lr": 0.03176667037966477, "1cycle_momentum_max_damping_factor": 0.0001288476256633575, "1cycle_momentum_min_damping_factor_pct": 0.20753920226081646, "conv1_channels": 4, "conv2_channels": 23, "conv3_channels": 85, "dense1_units": 181}