{"optimizer": "adam", "epochs": 13, "batch_size": 88, "conv1_weight_decay": 2.12667039143405e-06, "conv2_weight_decay": 0.09740963733559017, "conv3_weight_decay": 1.2995496185620813e-05, "dense1_weight_decay": 4.3778624581662147e-05, "dense2_weight_decay": 0.000538281067904074, "1cycle_initial_lr_pct": 0.039197354819046897, "1cycle_final_lr_pct": 8.848086153328691e-05, "1cycle_pct_warmup": 0.15770121110603214, "1cycle_max_lr": 0.17454450907654617, "conv1_channels": 12, "conv2_channels": 11, "conv3_channels": 231, "dense1_units": 195}