{"accuracy": 0.11349999904632568, "loss": 2.3013322353363037, "training_time": 39.73203682899475}