{"optimizer": "sgd", "nesterov": false, "epochs": 2, "batch_size": 1512, "conv1_weight_decay": 0.014669793083063414, "conv2_weight_decay": 6.770074663337513e-07, "conv3_weight_decay": 0.00046255794345360153, "dense1_weight_decay": 0.002015734350769657, "dense2_weight_decay": 0.005102931887645421, "1cycle_initial_lr_pct": 0.3686793141587311, "1cycle_final_lr_pct": 0.001816417929930414, "1cycle_pct_warmup": 0.024871075466595605, "1cycle_max_lr": 0.7190876927250169, "1cycle_momentum_max_damping_factor": 0.05400116269836772, "1cycle_momentum_min_damping_factor_pct": 0.21466684237235828, "conv1_channels": 4, "conv2_channels": 72, "conv3_channels": 34, "dense1_units": 201}