{"optimizer": "adam", "epochs": 26, "batch_size": 177, "conv1_weight_decay": 0.03347687610634862, "conv2_weight_decay": 6.175403280270771e-06, "conv3_weight_decay": 0.07183306507753752, "dense1_weight_decay": 9.571560190273077e-06, "dense2_weight_decay": 0.0003518531597559758, "1cycle_initial_lr_pct": 0.30310960855068303, "1cycle_final_lr_pct": 0.0032281746370174487, "1cycle_pct_warmup": 0.3469919729605317, "1cycle_max_lr": 0.7242343053191002, "conv1_channels": 59, "conv2_channels": 36, "conv3_channels": 79, "dense1_units": 236}