{"optimizer": "sgd", "nesterov": false, "epochs": 40, "batch_size": 2398, "conv1_weight_decay": 0.0013790679492737188, "conv2_weight_decay": 2.865594517930104e-06, "conv3_weight_decay": 0.009944624841394556, "dense1_weight_decay": 0.053421898156746445, "dense2_weight_decay": 1.8474797158062537e-06, "1cycle_initial_lr_pct": 0.2025819138078046, "1cycle_final_lr_pct": 0.002694836588284065, "1cycle_pct_warmup": 0.0749399615758599, "1cycle_max_lr": 0.03985854020530803, "1cycle_momentum_max_damping_factor": 0.20575836769408234, "1cycle_momentum_min_damping_factor_pct": 0.6208338358419576, "conv1_channels": 55, "conv2_channels": 22, "conv3_channels": 98, "dense1_units": 64}