{"optimizer": "adam", "epochs": 10, "batch_size": 122, "conv1_weight_decay": 0.005191548417263656, "conv2_weight_decay": 1.7657340692582446e-05, "conv3_weight_decay": 0.003547667936614618, "dense1_weight_decay": 5.089815599944052e-07, "dense2_weight_decay": 5.116814634718328e-05, "1cycle_initial_lr_pct": 0.4001963259001001, "1cycle_final_lr_pct": 0.0007550582073866561, "1cycle_pct_warmup": 0.2276596637442708, "1cycle_max_lr": 0.23277793249105186, "conv1_channels": 48, "conv2_channels": 22, "conv3_channels": 17, "dense1_units": 37}