{"accuracy": 0.11349999904632568, "loss": 2.303530216217041, "training_time": 30.364537239074707}