{"accuracy": 0.9782000184059143, "loss": 0.17801420390605927, "training_time": 39.712257623672485}