{"optimizer": "sgd", "nesterov": true, "epochs": 2, "batch_size": 72, "conv1_weight_decay": 1.6489274077484235e-06, "conv2_weight_decay": 4.79348006662926e-07, "conv3_weight_decay": 4.9239170050357526e-06, "dense1_weight_decay": 0.017700599043524595, "dense2_weight_decay": 0.00016314452803672393, "1cycle_initial_lr_pct": 0.12280850407449756, "1cycle_final_lr_pct": 0.0025106872809018176, "1cycle_pct_warmup": 0.2185604918282479, "1cycle_max_lr": 0.03530258444517574, "1cycle_max_momentum": 0.5635309864483774, "1cycle_min_momentum_pct": 0.122201107442379, "conv1_channels": 6, "conv2_channels": 7, "conv3_channels": 101, "dense1_units": 21}