{"optimizer": "adam", "epochs": 17, "batch_size": 3620, "conv1_weight_decay": 2.4104515683589727e-06, "conv2_weight_decay": 0.00011056129260035386, "conv3_weight_decay": 1.6514043932175117e-07, "dense1_weight_decay": 7.580056364900926e-07, "dense2_weight_decay": 1.1770244065184027e-06, "1cycle_initial_lr_pct": 0.10458334351569071, "1cycle_final_lr_pct": 0.002241900853187829, "1cycle_pct_warmup": 0.09694468436719768, "1cycle_max_lr": 0.34696659092204124, "1cycle_beta1_max_damping_factor": 0.10322901283843011, "1cycle_beta1_min_damping_factor_pct": 0.9624913221505693, "beta2_damping_factor": 0.00012840702551322413, "conv1_channels": 34, "conv2_channels": 18, "conv3_channels": 27, "dense1_units": 82}