{"accuracy": 0.9697999954223633, "loss": 0.19524991512298584, "training_time": 9.575425863265991}