{"accuracy": 0.11349999904632568, "loss": 2.3083574771881104, "training_time": 13.570224046707153}