{"optimizer": "sgd", "nesterov": true, "epochs": 42, "batch_size": 1463, "conv1_weight_decay": 1.5674519483889505e-05, "conv2_weight_decay": 3.373353843035994e-05, "conv3_weight_decay": 7.08278425110572e-06, "dense1_weight_decay": 2.336828857384341e-05, "dense2_weight_decay": 1.1555907759363533e-05, "1cycle_initial_lr_pct": 0.06527469207614206, "1cycle_final_lr_pct": 0.0005496929207672623, "1cycle_pct_warmup": 0.17938323891721666, "1cycle_max_lr": 0.09761958809639304, "1cycle_max_momentum": 0.5224987636428327, "1cycle_min_momentum_pct": 0.6343534849584103, "conv1_channels": 21, "conv2_channels": 33, "conv3_channels": 62, "dense1_units": 228}