{"optimizer": "adam", "epochs": 3, "batch_size": 189, "conv1_weight_decay": 2.325012296994548e-05, "conv2_weight_decay": 3.516651544422962e-07, "conv3_weight_decay": 1.5810142064910936e-07, "dense1_weight_decay": 0.0050899980740337965, "dense2_weight_decay": 1.873717941262011e-07, "1cycle_initial_lr_pct": 0.0709482702075937, "1cycle_final_lr_pct": 4.377108923287583e-05, "1cycle_pct_warmup": 0.16757125342836404, "1cycle_max_lr": 0.010386662066748967, "1cycle_beta1_max_damping_factor": 0.00026305155067576517, "1cycle_beta1_min_damping_factor_pct": 0.162921704807442, "beta2_damping_factor": 0.007369041696197295, "conv1_channels": 4, "conv2_channels": 43, "conv3_channels": 122, "dense1_units": 158}