{"accuracy": 0.9872000217437744, "loss": 0.050845906138420105, "training_time": 42.01752996444702}