{"accuracy": 0.9782999753952026, "loss": 0.6688151359558105, "training_time": 6.690539836883545}