{"optimizer": "adam", "epochs": 4, "batch_size": 3829, "conv1_weight_decay": 0.00032242921353059837, "conv2_weight_decay": 0.24221269915725566, "conv3_weight_decay": 4.76919101433159e-06, "dense1_weight_decay": 0.0035881757091440233, "dense2_weight_decay": 0.01944534974686061, "1cycle_initial_lr_pct": 0.1783648571095198, "1cycle_final_lr_pct": 0.00963677266483075, "1cycle_pct_warmup": 0.29330560766887454, "1cycle_max_lr": 2.223443834125249, "1cycle_beta1_max_damping_factor": 0.00016678605732569105, "1cycle_beta1_min_damping_factor_pct": 0.10552832956209443, "beta2_damping_factor": 0.010000165679108105, "conv1_channels": 30, "conv2_channels": 24, "conv3_channels": 33, "dense1_units": 111}