{"optimizer": "sgd", "nesterov": false, "epochs": 24, "batch_size": 68, "conv1_weight_decay": 0.00017814322538612512, "conv2_weight_decay": 0.001682212269062287, "conv3_weight_decay": 2.0192837596104985e-07, "dense1_weight_decay": 1.1962199108115593e-05, "dense2_weight_decay": 0.09416573899640984, "1cycle_initial_lr_pct": 0.1661839597053173, "1cycle_final_lr_pct": 0.0018669645491069162, "1cycle_pct_warmup": 0.09885935571976005, "1cycle_max_lr": 1.4981446204609525, "1cycle_max_momentum": 0.968318951452151, "1cycle_min_momentum_pct": 0.24266057461500168, "conv1_channels": 17, "conv2_channels": 62, "conv3_channels": 55, "dense1_units": 15}