{"optimizer": "sgd", "nesterov": true, "epochs": 43, "batch_size": 334, "conv1_weight_decay": 5.969339634897958e-07, "conv2_weight_decay": 0.024708417291027057, "conv3_weight_decay": 1.909885531896455e-05, "dense1_weight_decay": 0.03789139364293612, "dense2_weight_decay": 0.018557715530805603, "1cycle_initial_lr_pct": 0.038452150452049166, "1cycle_final_lr_pct": 0.006309450979798828, "1cycle_pct_warmup": 0.027624972106085492, "1cycle_max_lr": 3.3790762126543568, "1cycle_momentum_max_damping_factor": 0.10369324374082298, "1cycle_momentum_min_damping_factor_pct": 0.6848308472514385, "conv1_channels": 6, "conv2_channels": 81, "conv3_channels": 101, "dense1_units": 70}