{"optimizer": "adam", "epochs": 10, "batch_size": 22, "conv1_weight_decay": 1.9131818423678014e-07, "conv2_weight_decay": 0.0008566142519827806, "conv3_weight_decay": 2.626184700082066e-07, "dense1_weight_decay": 3.065063936810456e-06, "dense2_weight_decay": 0.10201186609536558, "1cycle_initial_lr_pct": 0.03559931774808104, "1cycle_final_lr_pct": 0.0015697013821731301, "1cycle_pct_warmup": 0.4164767285529524, "1cycle_max_lr": 4.212366477635336, "conv1_channels": 6, "conv2_channels": 32, "conv3_channels": 33, "dense1_units": 139}