{"optimizer": "sgd", "nesterov": false, "epochs": 6, "batch_size": 61, "conv1_weight_decay": 9.747324560763797e-07, "conv2_weight_decay": 1.641702268573327e-06, "conv3_weight_decay": 0.17244605652156234, "dense1_weight_decay": 0.04440436403438921, "dense2_weight_decay": 3.438080701851364e-05, "1cycle_initial_lr_pct": 0.04547235010423354, "1cycle_final_lr_pct": 0.004213573017371531, "1cycle_pct_warmup": 0.011349615853302141, "1cycle_max_lr": 0.26979603527785156, "1cycle_momentum_max_damping_factor": 0.00017034617852246982, "1cycle_momentum_min_damping_factor_pct": 0.22772185094292494, "conv1_channels": 15, "conv2_channels": 18, "conv3_channels": 220, "dense1_units": 23}