{"optimizer": "adam", "epochs": 19, "batch_size": 556, "conv1_weight_decay": 8.898781729276007e-07, "conv2_weight_decay": 1.4950727510044567e-05, "conv3_weight_decay": 0.0005605012888317104, "dense1_weight_decay": 2.9181784284852524e-06, "dense2_weight_decay": 2.1804099612343274e-06, "1cycle_initial_lr_pct": 0.04300639713244489, "1cycle_final_lr_pct": 0.0011551840181116006, "1cycle_pct_warmup": 0.2965924864355475, "1cycle_max_lr": 0.053312626841813836, "conv1_channels": 54, "conv2_channels": 97, "conv3_channels": 92, "dense1_units": 52}