{"accuracy": 0.9932000041007996, "loss": 0.043907810002565384, "training_time": 41.9827880859375}