{"optimizer": "sgd", "nesterov": true, "epochs": 29, "batch_size": 23, "conv1_weight_decay": 0.010291244780360326, "conv2_weight_decay": 0.04281537781515992, "conv3_weight_decay": 0.0005739155441267076, "dense1_weight_decay": 0.012988908548030248, "dense2_weight_decay": 1.4791207198551482e-06, "1cycle_initial_lr_pct": 0.032738669398880385, "1cycle_final_lr_pct": 0.00011913163759670378, "1cycle_pct_warmup": 0.07180298322029145, "1cycle_max_lr": 0.02112493454899447, "1cycle_momentum_max_damping_factor": 0.017982675464164228, "1cycle_momentum_min_damping_factor_pct": 0.11996643096588526, "conv1_channels": 59, "conv2_channels": 15, "conv3_channels": 34, "dense1_units": 13}