{"optimizer": "adam", "epochs": 4, "batch_size": 351, "conv1_weight_decay": 0.02546140313029786, "conv2_weight_decay": 0.0005848973766829934, "conv3_weight_decay": 0.05611804639961767, "dense1_weight_decay": 1.340132931565434e-06, "dense2_weight_decay": 0.00012496496085894648, "1cycle_initial_lr_pct": 0.03371564999988234, "1cycle_final_lr_pct": 0.000167100803459213, "1cycle_pct_warmup": 0.23029169819317757, "1cycle_max_lr": 0.16793171280835376, "conv1_channels": 32, "conv2_channels": 26, "conv3_channels": 124, "dense1_units": 43}