{"accuracy": 0.11349999904632568, "loss": 2.3364720344543457, "training_time": 11.217956304550171}