{"optimizer": "sgd", "nesterov": true, "epochs": 26, "batch_size": 494, "conv1_weight_decay": 0.0004401181768883564, "conv2_weight_decay": 0.0009268132809407019, "conv3_weight_decay": 2.779200474513563e-07, "dense1_weight_decay": 8.595793264888975e-05, "dense2_weight_decay": 0.0133056246105681, "1cycle_initial_lr_pct": 0.04358217843475303, "1cycle_final_lr_pct": 4.2076195479147085e-05, "1cycle_pct_warmup": 0.20176638391800225, "1cycle_max_lr": 2.3929889861984055, "1cycle_max_momentum": 0.3048381144024432, "1cycle_min_momentum_pct": 0.8450445989146829, "conv1_channels": 56, "conv2_channels": 17, "conv3_channels": 170, "dense1_units": 27}