{"optimizer": "adam", "epochs": 2, "batch_size": 15, "conv1_weight_decay": 0.0009889786199085223, "conv2_weight_decay": 0.019141815661154277, "conv3_weight_decay": 2.0399808915441303e-05, "dense1_weight_decay": 0.0003262338400138326, "dense2_weight_decay": 0.23369130241400854, "1cycle_initial_lr_pct": 0.04669081164363006, "1cycle_final_lr_pct": 0.00018193757298594153, "1cycle_pct_warmup": 0.1022610103644237, "1cycle_max_lr": 1.7231953681552319, "1cycle_beta1_max_damping_factor": 0.0015985215816538586, "1cycle_beta1_min_damping_factor_pct": 0.36053108479883206, "beta2_damping_factor": 0.00704710997715592, "conv1_channels": 43, "conv2_channels": 69, "conv3_channels": 78, "dense1_units": 95}