{"accuracy": 0.11349999904632568, "loss": 2.30672025680542, "training_time": 41.85623240470886}