{"optimizer": "sgd", "nesterov": false, "epochs": 2, "batch_size": 368, "conv1_weight_decay": 4.695413832699506e-05, "conv2_weight_decay": 3.2374058705639114e-07, "conv3_weight_decay": 1.814347018500925e-07, "dense1_weight_decay": 2.434871552760457e-07, "dense2_weight_decay": 1.5954103335007552e-06, "1cycle_initial_lr_pct": 0.06773160436387514, "1cycle_final_lr_pct": 0.008945109553875041, "1cycle_pct_warmup": 0.3794882537424564, "1cycle_max_lr": 9.657983846236958, "1cycle_max_momentum": 0.24601484063621612, "1cycle_min_momentum_pct": 0.41007296554744244, "conv1_channels": 38, "conv2_channels": 12, "conv3_channels": 144, "dense1_units": 133}