{"optimizer": "adam", "epochs": 21, "batch_size": 18, "conv1_weight_decay": 8.107035082748854e-05, "conv2_weight_decay": 7.786835712180077e-05, "conv3_weight_decay": 5.671909009868844e-06, "dense1_weight_decay": 0.1706966128926593, "dense2_weight_decay": 6.844014907834016e-05, "1cycle_initial_lr_pct": 0.07479573900834431, "1cycle_final_lr_pct": 0.0006340503499524568, "1cycle_pct_warmup": 0.039055180302873756, "1cycle_max_lr": 8.634921475144047, "1cycle_beta1_max_damping_factor": 0.002994205663894213, "1cycle_beta1_min_damping_factor_pct": 0.6539779618188422, "beta2_damping_factor": 0.00254307313717388, "conv1_channels": 6, "conv2_channels": 12, "conv3_channels": 74, "dense1_units": 64}