{"accuracy": 0.11349999904632568, "loss": 2.302403688430786, "training_time": 6.053954601287842}