{"optimizer": "sgd", "nesterov": false, "epochs": 4, "batch_size": 57, "conv1_weight_decay": 0.16022974183143784, "conv2_weight_decay": 1.204919265559582e-07, "conv3_weight_decay": 5.792600531368607e-07, "dense1_weight_decay": 7.001319920158435e-05, "dense2_weight_decay": 0.14102088306187632, "1cycle_initial_lr_pct": 0.1451362426276748, "1cycle_final_lr_pct": 0.005575028162936467, "1cycle_pct_warmup": 0.014430046183598501, "1cycle_max_lr": 0.16110934242294345, "1cycle_momentum_max_damping_factor": 0.5341246049256914, "1cycle_momentum_min_damping_factor_pct": 0.1865821480337845, "conv1_channels": 63, "conv2_channels": 15, "conv3_channels": 169, "dense1_units": 55}