{"optimizer": "adam", "epochs": 56, "batch_size": 580, "conv1_weight_decay": 0.1526075785687975, "conv2_weight_decay": 8.906194373752084e-05, "conv3_weight_decay": 1.3543104884913577e-05, "dense1_weight_decay": 0.0001871139382383828, "dense2_weight_decay": 0.0072900209826278406, "1cycle_initial_lr_pct": 0.14613482475802467, "1cycle_final_lr_pct": 0.001206866635930399, "1cycle_pct_warmup": 0.26328504651784895, "1cycle_max_lr": 0.012857801827909418, "conv1_channels": 23, "conv2_channels": 55, "conv3_channels": 21, "dense1_units": 41}