{"accuracy": 0.11349999904632568, "loss": 2.3070144653320312, "training_time": 19.133095502853394}