{"optimizer": "sgd", "nesterov": false, "epochs": 51, "batch_size": 318, "conv1_weight_decay": 7.374749811551303e-06, "conv2_weight_decay": 0.00010144939592105356, "conv3_weight_decay": 4.1489735622167166e-05, "dense1_weight_decay": 0.021745341610544578, "dense2_weight_decay": 3.367150672002519e-07, "1cycle_initial_lr_pct": 0.053531305947517344, "1cycle_final_lr_pct": 5.897535361321869e-05, "1cycle_pct_warmup": 0.3249112160503864, "1cycle_max_lr": 16.167889541426085, "1cycle_max_momentum": 0.7650016828950494, "1cycle_min_momentum_pct": 0.9062335472553968, "conv1_channels": 7, "conv2_channels": 65, "conv3_channels": 78, "dense1_units": 110}