{"optimizer": "adam", "epochs": 3, "batch_size": 26, "conv1_weight_decay": 4.243440263917279e-06, "conv2_weight_decay": 1.0950767547297645e-07, "conv3_weight_decay": 2.6385863006509943e-06, "dense1_weight_decay": 3.7036269976107065e-06, "dense2_weight_decay": 7.148047687183342e-06, "1cycle_initial_lr_pct": 0.05585158127606689, "1cycle_final_lr_pct": 0.00020166529537570403, "1cycle_pct_warmup": 0.016688651306142225, "1cycle_max_lr": 14.164771283027035, "1cycle_beta1_max_damping_factor": 0.015198363881042183, "1cycle_beta1_min_damping_factor_pct": 0.1842633753477671, "beta2_damping_factor": 0.0005178398563872804, "conv1_channels": 6, "conv2_channels": 59, "conv3_channels": 105, "dense1_units": 175}