{"optimizer": "adam", "epochs": 55, "batch_size": 1504, "conv1_weight_decay": 0.0001282635897276714, "conv2_weight_decay": 3.3411024554031167e-06, "conv3_weight_decay": 0.00021331014796541813, "dense1_weight_decay": 3.832913749725191e-06, "dense2_weight_decay": 0.0024994387203139223, "1cycle_initial_lr_pct": 0.07849743552417578, "1cycle_final_lr_pct": 0.00024413176638625608, "1cycle_pct_warmup": 0.4032630449347198, "1cycle_max_lr": 0.23029503498054235, "conv1_channels": 27, "conv2_channels": 41, "conv3_channels": 70, "dense1_units": 17}