{"optimizer": "sgd", "nesterov": true, "epochs": 4, "batch_size": 194, "conv1_weight_decay": 4.22159392821095e-05, "conv2_weight_decay": 9.735823662349531e-06, "conv3_weight_decay": 0.051260187651433184, "dense1_weight_decay": 0.035005955152882316, "dense2_weight_decay": 0.0006583175076654212, "1cycle_initial_lr_pct": 0.06876720774791456, "1cycle_final_lr_pct": 8.025351272415173e-05, "1cycle_pct_warmup": 0.03463480075223067, "1cycle_max_lr": 0.03849848955937789, "1cycle_momentum_max_damping_factor": 0.06062449826108605, "1cycle_momentum_min_damping_factor_pct": 0.1783632373680144, "conv1_channels": 27, "conv2_channels": 17, "conv3_channels": 23, "dense1_units": 43}