{"accuracy": 0.9639999866485596, "loss": 0.24082258343696594, "training_time": 8.063997745513916}