{"optimizer": "sgd", "nesterov": true, "epochs": 13, "batch_size": 2027, "conv1_weight_decay": 1.1882281775790768e-07, "conv2_weight_decay": 6.551768500076176e-05, "conv3_weight_decay": 0.0004976085446547924, "dense1_weight_decay": 1.1723616649634348e-06, "dense2_weight_decay": 0.00010728677265027959, "1cycle_initial_lr_pct": 0.12782494638109024, "1cycle_final_lr_pct": 0.0023875627862775537, "1cycle_pct_warmup": 0.02275892490728755, "1cycle_max_lr": 0.18489877212642566, "1cycle_momentum_max_damping_factor": 0.008010185822587373, "1cycle_momentum_min_damping_factor_pct": 0.10025161397327814, "conv1_channels": 4, "conv2_channels": 23, "conv3_channels": 17, "dense1_units": 18}