{"optimizer": "adam", "epochs": 3, "batch_size": 139, "conv1_weight_decay": 3.5419089758421545e-07, "conv2_weight_decay": 2.105483140459876e-07, "conv3_weight_decay": 0.06204060425681051, "dense1_weight_decay": 0.010066557903111858, "dense2_weight_decay": 1.0983672510996446e-06, "1cycle_initial_lr_pct": 0.1274864794082373, "1cycle_final_lr_pct": 0.00254689406882277, "1cycle_pct_warmup": 0.36680708997882905, "1cycle_max_lr": 0.051539748392283764, "conv1_channels": 4, "conv2_channels": 121, "conv3_channels": 37, "dense1_units": 205}