{"accuracy": 0.11349999904632568, "loss": 2.9479029178619385, "training_time": 6.725619077682495}