{"accuracy": 0.9764000177383423, "loss": 0.14250178635120392, "training_time": 9.024809122085571}