{"optimizer": "adam", "epochs": 3, "batch_size": 244, "conv1_weight_decay": 1.3738140666236483e-05, "conv2_weight_decay": 0.13843307912189506, "conv3_weight_decay": 1.5178105582121018e-07, "dense1_weight_decay": 3.651905089676502e-06, "dense2_weight_decay": 8.76135007423431e-05, "1cycle_initial_lr_pct": 0.0517728427853696, "1cycle_final_lr_pct": 0.00035845044040862137, "1cycle_pct_warmup": 0.2790631958656013, "1cycle_max_lr": 0.9805943833917591, "conv1_channels": 13, "conv2_channels": 108, "conv3_channels": 49, "dense1_units": 29}