{"optimizer": "sgd", "nesterov": false, "epochs": 12, "batch_size": 1049, "conv1_weight_decay": 2.4577943965522765e-05, "conv2_weight_decay": 0.00221346263969077, "conv3_weight_decay": 9.379073095731937e-06, "dense1_weight_decay": 0.029885086871145664, "dense2_weight_decay": 7.653181936925984e-07, "1cycle_initial_lr_pct": 0.05147121810311763, "1cycle_final_lr_pct": 5.3288375275332736e-05, "1cycle_pct_warmup": 0.01522066924787079, "1cycle_max_lr": 0.5588216458717239, "1cycle_momentum_max_damping_factor": 0.009257131975115133, "1cycle_momentum_min_damping_factor_pct": 0.642202735836103, "conv1_channels": 48, "conv2_channels": 71, "conv3_channels": 61, "dense1_units": 57}