{"accuracy": 0.11349999904632568, "loss": 2.3385791778564453, "training_time": 11.185460567474365}