{"optimizer": "adam", "epochs": 10, "batch_size": 70, "conv1_weight_decay": 0.23203795202340646, "conv2_weight_decay": 0.001649967004919171, "conv3_weight_decay": 1.0608005584767616e-05, "dense1_weight_decay": 0.057284506033750654, "dense2_weight_decay": 2.3921341493057196e-06, "1cycle_initial_lr_pct": 0.026151805339600556, "1cycle_final_lr_pct": 7.442688090966545e-05, "1cycle_pct_warmup": 0.14647355425171554, "1cycle_max_lr": 3.7129059879593727, "conv1_channels": 19, "conv2_channels": 19, "conv3_channels": 27, "dense1_units": 247}