{"optimizer": "sgd", "nesterov": true, "epochs": 43, "batch_size": 3583, "conv1_weight_decay": 0.2842351289523202, "conv2_weight_decay": 0.2586212420895981, "conv3_weight_decay": 4.6601527759436583e-07, "dense1_weight_decay": 2.5822693644978535e-07, "dense2_weight_decay": 4.072559778550259e-05, "1cycle_initial_lr_pct": 0.01289063908903532, "1cycle_final_lr_pct": 0.00040077470747764337, "1cycle_pct_warmup": 0.14146298709790509, "1cycle_max_lr": 4.185467649279028, "1cycle_momentum_max_damping_factor": 0.17786650964426687, "1cycle_momentum_min_damping_factor_pct": 0.10508779342815433, "conv1_channels": 4, "conv2_channels": 72, "conv3_channels": 161, "dense1_units": 21}