{"accuracy": 0.11349999904632568, "loss": 2.3028194904327393, "training_time": 38.17498421669006}