{"optimizer": "adam", "epochs": 13, "batch_size": 79, "conv1_weight_decay": 2.885341649610575e-05, "conv2_weight_decay": 1.1737023874624588e-06, "conv3_weight_decay": 1.446804300621235e-07, "dense1_weight_decay": 4.0563440715670746e-07, "dense2_weight_decay": 0.13444566643329994, "1cycle_initial_lr_pct": 0.04959590949662628, "1cycle_final_lr_pct": 0.00712181340033662, "1cycle_pct_warmup": 0.08063912059132897, "1cycle_max_lr": 0.04098447840887911, "1cycle_beta1_max_damping_factor": 0.2116390880752389, "1cycle_beta1_min_damping_factor_pct": 0.1767201263318977, "beta2_damping_factor": 0.14549768071708025, "conv1_channels": 12, "conv2_channels": 108, "conv3_channels": 29, "dense1_units": 199}