{"optimizer": "sgd", "nesterov": true, "epochs": 4, "batch_size": 2508, "conv1_weight_decay": 0.00016567521738422927, "conv2_weight_decay": 6.980798309679643e-06, "conv3_weight_decay": 6.932305343192092e-06, "dense1_weight_decay": 0.08304273581790622, "dense2_weight_decay": 0.007793216894221005, "1cycle_initial_lr_pct": 0.040483334667937146, "1cycle_final_lr_pct": 0.002072929741922916, "1cycle_pct_warmup": 0.25193239364773035, "1cycle_max_lr": 0.24179233489759414, "1cycle_max_momentum": 0.8707954433748498, "1cycle_min_momentum_pct": 0.9207002064213157, "conv1_channels": 4, "conv2_channels": 37, "conv3_channels": 24, "dense1_units": 68}