{"accuracy": 0.9879000186920166, "loss": 0.0535036064684391, "training_time": 41.37326455116272}