{"accuracy": 0.11349999904632568, "loss": 2.3286118507385254, "training_time": 6.168917894363403}