{"optimizer": "adam", "epochs": 46, "batch_size": 689, "conv1_weight_decay": 1.89787600473763e-05, "conv2_weight_decay": 0.001260585440919312, "conv3_weight_decay": 0.03160223172420888, "dense1_weight_decay": 1.5845919142719032e-06, "dense2_weight_decay": 1.1937339285106388e-07, "1cycle_initial_lr_pct": 0.013393669033794884, "1cycle_final_lr_pct": 0.005560690398015663, "1cycle_pct_warmup": 0.433533800188452, "1cycle_max_lr": 0.02407455842678142, "conv1_channels": 27, "conv2_channels": 13, "conv3_channels": 121, "dense1_units": 202}