{"optimizer": "sgd", "nesterov": false, "epochs": 3, "batch_size": 49, "conv1_weight_decay": 1.486024351311787e-05, "conv2_weight_decay": 0.2319212839026615, "conv3_weight_decay": 0.00658875210850832, "dense1_weight_decay": 0.012603852156118664, "dense2_weight_decay": 1.2365242369192845e-05, "1cycle_initial_lr_pct": 0.02842182023037083, "1cycle_final_lr_pct": 0.0009698119701834927, "1cycle_pct_warmup": 0.03381518203296267, "1cycle_max_lr": 0.0714051916026554, "1cycle_momentum_max_damping_factor": 0.016778921908285227, "1cycle_momentum_min_damping_factor_pct": 0.1427080442170773, "conv1_channels": 4, "conv2_channels": 76, "conv3_channels": 139, "dense1_units": 52}