{"accuracy": 0.9926999807357788, "loss": 0.04292060062289238, "training_time": 41.94532918930054}