{"accuracy": 0.10279999673366547, "loss": 20.0, "training_time": 16.170507669448853}