{"optimizer": "sgd", "nesterov": true, "epochs": 13, "batch_size": 3280, "conv1_weight_decay": 0.00040514016209125786, "conv2_weight_decay": 1.9532177355511072e-07, "conv3_weight_decay": 0.06566013968965641, "dense1_weight_decay": 0.0003691512693025854, "dense2_weight_decay": 2.3771535889538676e-07, "1cycle_initial_lr_pct": 0.1963815763330662, "1cycle_final_lr_pct": 0.0003097460254486305, "1cycle_pct_warmup": 0.029177693696692583, "1cycle_max_lr": 0.07713604065409739, "1cycle_max_momentum": 0.7471350179661066, "1cycle_min_momentum_pct": 0.44483136385679245, "conv1_channels": 43, "conv2_channels": 15, "conv3_channels": 139, "dense1_units": 30}