{"optimizer": "adam", "epochs": 10, "batch_size": 95, "conv1_weight_decay": 0.00019147579012143706, "conv2_weight_decay": 5.011624275487078e-05, "conv3_weight_decay": 0.0005378348297805877, "dense1_weight_decay": 0.00014447147970104575, "dense2_weight_decay": 2.1631077910387357e-05, "1cycle_initial_lr_pct": 0.17676484803638462, "1cycle_final_lr_pct": 5.790485254164642e-05, "1cycle_pct_warmup": 0.38881146508157055, "1cycle_max_lr": 0.01394378302653909, "1cycle_beta1_max_damping_factor": 0.003804532278265275, "1cycle_beta1_min_damping_factor_pct": 0.6419667871135606, "beta2_damping_factor": 0.0027762776240942053, "conv1_channels": 48, "conv2_channels": 27, "conv3_channels": 31, "dense1_units": 26}