{"accuracy": 0.9344000220298767, "loss": 0.3472900986671448, "training_time": 21.5325288772583}