{"accuracy": 0.9911999702453613, "loss": 0.06262651830911636, "training_time": 28.66129183769226}