{"optimizer": "sgd", "nesterov": false, "epochs": 4, "batch_size": 48, "conv1_weight_decay": 6.537983941906926e-05, "conv2_weight_decay": 8.209582225207547e-05, "conv3_weight_decay": 1.4436951821212117e-05, "dense1_weight_decay": 0.011545359734360416, "dense2_weight_decay": 0.07330426370575792, "1cycle_initial_lr_pct": 0.1689035781733005, "1cycle_final_lr_pct": 3.942242217295249e-05, "1cycle_pct_warmup": 0.10995905075222254, "1cycle_max_lr": 0.3914584375529291, "1cycle_max_momentum": 0.4026076346738264, "1cycle_min_momentum_pct": 0.054578131064772606, "conv1_channels": 13, "conv2_channels": 29, "conv3_channels": 65, "dense1_units": 220}