{"optimizer": "adam", "epochs": 30, "batch_size": 844, "conv1_weight_decay": 9.925711172223284e-05, "conv2_weight_decay": 1.4890763449769122e-07, "conv3_weight_decay": 6.188493627929949e-07, "dense1_weight_decay": 9.597526415368401e-07, "dense2_weight_decay": 0.030095331231003553, "1cycle_initial_lr_pct": 0.18946264424924453, "1cycle_final_lr_pct": 0.00014740818916642834, "1cycle_pct_warmup": 0.2316337931820773, "1cycle_max_lr": 0.048151198665185045, "1cycle_beta1_max_damping_factor": 0.04874096879463929, "1cycle_beta1_min_damping_factor_pct": 0.5054885736480278, "beta2_damping_factor": 0.0004842893044262798, "conv1_channels": 4, "conv2_channels": 18, "conv3_channels": 181, "dense1_units": 62}