{"accuracy": 0.9907000064849854, "loss": 0.05046381801366806, "training_time": 16.488987922668457}