{"accuracy": 0.9868000149726868, "loss": 0.11521659791469574, "training_time": 22.47342562675476}