{"optimizer": "adam", "epochs": 17, "batch_size": 43, "conv1_weight_decay": 3.214955753588119e-05, "conv2_weight_decay": 9.420534150682594e-06, "conv3_weight_decay": 0.13798514703649234, "dense1_weight_decay": 0.00010058536861689675, "dense2_weight_decay": 6.748291692556577e-07, "1cycle_initial_lr_pct": 0.1410567652687958, "1cycle_final_lr_pct": 0.0024278225625367213, "1cycle_pct_warmup": 0.38657280412502587, "1cycle_max_lr": 0.06932741605634084, "conv1_channels": 33, "conv2_channels": 34, "conv3_channels": 26, "dense1_units": 15}