{"optimizer": "sgd", "nesterov": false, "epochs": 6, "batch_size": 647, "conv1_weight_decay": 0.00015984664766113975, "conv2_weight_decay": 1.4685884371948164e-06, "conv3_weight_decay": 0.0002220499121938555, "dense1_weight_decay": 0.00035569292847975674, "dense2_weight_decay": 0.00015348928326058952, "1cycle_initial_lr_pct": 0.14335430658864268, "1cycle_final_lr_pct": 0.0022510228553055344, "1cycle_pct_warmup": 0.040937687672896204, "1cycle_max_lr": 0.015656963717103796, "1cycle_momentum_max_damping_factor": 0.044122259643073626, "1cycle_momentum_min_damping_factor_pct": 0.25742957826614155, "conv1_channels": 30, "conv2_channels": 9, "conv3_channels": 43, "dense1_units": 18}