{"accuracy": 0.9742000102996826, "loss": 0.11838995665311813, "training_time": 7.322869777679443}