{"optimizer": "sgd", "nesterov": false, "epochs": 41, "batch_size": 385, "conv1_weight_decay": 4.71515523975868e-06, "conv2_weight_decay": 2.822030421439818e-07, "conv3_weight_decay": 0.0002425927145141136, "dense1_weight_decay": 1.4870753584954773e-06, "dense2_weight_decay": 0.00023277269964934, "1cycle_initial_lr_pct": 0.09754116999190757, "1cycle_final_lr_pct": 0.00014479872040593002, "1cycle_pct_warmup": 0.05275068542332152, "1cycle_max_lr": 0.027330931057973046, "1cycle_momentum_max_damping_factor": 0.11993646883613979, "1cycle_momentum_min_damping_factor_pct": 0.12797626863819242, "conv1_channels": 44, "conv2_channels": 31, "conv3_channels": 164, "dense1_units": 37}