{"optimizer": "adam", "epochs": 10, "batch_size": 24, "conv1_weight_decay": 7.857004313601257e-06, "conv2_weight_decay": 3.604224871714687e-05, "conv3_weight_decay": 0.14305735400450517, "dense1_weight_decay": 0.008472260134879164, "dense2_weight_decay": 0.0028513309049100458, "1cycle_initial_lr_pct": 0.09275710095556755, "1cycle_final_lr_pct": 3.7165038717104305e-05, "1cycle_pct_warmup": 0.44382486699149015, "1cycle_max_lr": 0.21136453167282715, "conv1_channels": 10, "conv2_channels": 34, "conv3_channels": 59, "dense1_units": 27}