{"optimizer": "adam", "epochs": 15, "batch_size": 313, "conv1_weight_decay": 0.17502341138324215, "conv2_weight_decay": 0.006092782855544882, "conv3_weight_decay": 1.3370068705045956e-05, "dense1_weight_decay": 2.8722745881153316e-07, "dense2_weight_decay": 0.03503012025893065, "1cycle_initial_lr_pct": 0.15875637332404655, "1cycle_final_lr_pct": 0.00934205163791303, "1cycle_pct_warmup": 0.15882907119866368, "1cycle_max_lr": 6.737579145733343, "1cycle_beta1_max_damping_factor": 0.01969038866691521, "1cycle_beta1_min_damping_factor_pct": 0.18336307301911944, "beta2_damping_factor": 0.4008615304402455, "conv1_channels": 4, "conv2_channels": 10, "conv3_channels": 22, "dense1_units": 108}