{"optimizer": "sgd", "nesterov": true, "epochs": 4, "batch_size": 18, "conv1_weight_decay": 0.17603611296145658, "conv2_weight_decay": 0.0651211418006941, "conv3_weight_decay": 4.625305533018138e-07, "dense1_weight_decay": 0.04946315530718297, "dense2_weight_decay": 0.06589794362576855, "1cycle_initial_lr_pct": 0.18376960260257533, "1cycle_final_lr_pct": 0.0019348487428796966, "1cycle_pct_warmup": 0.16450085335411133, "1cycle_max_lr": 7.448151995811286, "1cycle_max_momentum": 0.3575308123435825, "1cycle_min_momentum_pct": 0.3963733213022351, "conv1_channels": 7, "conv2_channels": 65, "conv3_channels": 17, "dense1_units": 202}