{"optimizer": "adam", "epochs": 17, "batch_size": 52, "conv1_weight_decay": 7.62276501736128e-07, "conv2_weight_decay": 0.0029192315170728407, "conv3_weight_decay": 2.762027832830718e-07, "dense1_weight_decay": 0.0004106998361533138, "dense2_weight_decay": 0.0001511894952764548, "1cycle_initial_lr_pct": 0.05891855221024969, "1cycle_final_lr_pct": 0.0003415664185230441, "1cycle_pct_warmup": 0.473732529822737, "1cycle_max_lr": 11.206225136034845, "conv1_channels": 27, "conv2_channels": 36, "conv3_channels": 19, "dense1_units": 100}