{"optimizer": "sgd", "nesterov": true, "epochs": 6, "batch_size": 797, "conv1_weight_decay": 7.276916702242849e-07, "conv2_weight_decay": 0.0880491141288699, "conv3_weight_decay": 2.0868147783060546e-05, "dense1_weight_decay": 0.00015827385121404942, "dense2_weight_decay": 1.0753904562209337e-06, "1cycle_initial_lr_pct": 0.057691920593765336, "1cycle_final_lr_pct": 5.6477691867391606e-05, "1cycle_pct_warmup": 0.057591248238057204, "1cycle_max_lr": 10.673815248285702, "1cycle_momentum_max_damping_factor": 0.05103407967114909, "1cycle_momentum_min_damping_factor_pct": 0.4517111563590127, "conv1_channels": 7, "conv2_channels": 59, "conv3_channels": 22, "dense1_units": 57}