{"optimizer": "adam", "epochs": 59, "batch_size": 1223, "conv1_weight_decay": 3.123243944913802e-06, "conv2_weight_decay": 0.0082271763171839, "conv3_weight_decay": 2.7292689940604237e-05, "dense1_weight_decay": 0.010789892669776702, "dense2_weight_decay": 0.12335502158812028, "1cycle_initial_lr_pct": 0.18826659851037458, "1cycle_final_lr_pct": 0.007214105255082608, "1cycle_pct_warmup": 0.4914914419595152, "1cycle_max_lr": 3.462333923586491, "conv1_channels": 32, "conv2_channels": 43, "conv3_channels": 111, "dense1_units": 95}