{"optimizer": "sgd", "nesterov": false, "epochs": 4, "batch_size": 173, "conv1_weight_decay": 3.163397542687556e-06, "conv2_weight_decay": 0.000319129280717315, "conv3_weight_decay": 3.762605454102446e-06, "dense1_weight_decay": 1.092260131744622e-06, "dense2_weight_decay": 0.008974096528365484, "1cycle_initial_lr_pct": 0.1702601064292401, "1cycle_final_lr_pct": 0.0007858946156918037, "1cycle_pct_warmup": 0.07060452399540247, "1cycle_max_lr": 3.866555908209402, "1cycle_momentum_max_damping_factor": 0.07003297119758935, "1cycle_momentum_min_damping_factor_pct": 0.36131431715169904, "conv1_channels": 7, "conv2_channels": 95, "conv3_channels": 43, "dense1_units": 82}