{"accuracy": 0.11349999904632568, "loss": 2.365724563598633, "training_time": 8.573847532272339}