{"optimizer": "adam", "epochs": 9, "batch_size": 957, "conv1_weight_decay": 2.0351567326416132e-06, "conv2_weight_decay": 0.16669585225820072, "conv3_weight_decay": 0.05037536832489098, "dense1_weight_decay": 3.0378741889709773e-07, "dense2_weight_decay": 1.0410285544879344e-05, "1cycle_initial_lr_pct": 0.01858707609465209, "1cycle_final_lr_pct": 0.0006183005051980223, "1cycle_pct_warmup": 0.19263513484038414, "1cycle_max_lr": 7.720235586062334, "conv1_channels": 24, "conv2_channels": 9, "conv3_channels": 24, "dense1_units": 7}