{"optimizer": "sgd", "nesterov": false, "epochs": 48, "batch_size": 34, "conv1_weight_decay": 2.114617579158866e-06, "conv2_weight_decay": 0.002639202462295981, "conv3_weight_decay": 0.0006951701825741707, "dense1_weight_decay": 0.07609525837758821, "dense2_weight_decay": 4.844412048389024e-07, "1cycle_initial_lr_pct": 0.024445479605933684, "1cycle_final_lr_pct": 0.0029414062434899545, "1cycle_pct_warmup": 0.1869638360099273, "1cycle_max_lr": 6.528399398501449, "1cycle_momentum_max_damping_factor": 0.00047047881480334624, "1cycle_momentum_min_damping_factor_pct": 0.15798480929639436, "conv1_channels": 17, "conv2_channels": 33, "conv3_channels": 64, "dense1_units": 95}