{"accuracy": 0.11349999904632568, "loss": 2.3063571453094482, "training_time": 11.311055421829224}