{"optimizer": "sgd", "nesterov": true, "epochs": 44, "batch_size": 90, "conv1_weight_decay": 0.0002984176963894648, "conv2_weight_decay": 4.811888602326343e-06, "conv3_weight_decay": 1.6378577252416342e-07, "dense1_weight_decay": 0.02660041422438411, "dense2_weight_decay": 0.20105194179967872, "1cycle_initial_lr_pct": 0.12948676072283302, "1cycle_final_lr_pct": 0.005778504377028645, "1cycle_pct_warmup": 0.06866141563904689, "1cycle_max_lr": 0.042542187121743145, "1cycle_momentum_max_damping_factor": 0.0009314752245356766, "1cycle_momentum_min_damping_factor_pct": 0.1488058420300963, "conv1_channels": 9, "conv2_channels": 13, "conv3_channels": 64, "dense1_units": 53}