{"optimizer": "adam", "epochs": 9, "batch_size": 2832, "conv1_weight_decay": 0.00020362852092231475, "conv2_weight_decay": 2.370844966257415e-06, "conv3_weight_decay": 4.7028397692728995e-06, "dense1_weight_decay": 1.869409815727346e-06, "dense2_weight_decay": 0.012787787186921157, "1cycle_initial_lr_pct": 0.13213619283075997, "1cycle_final_lr_pct": 0.0012871632582515428, "1cycle_pct_warmup": 0.48947800282388926, "1cycle_max_lr": 0.4275172546588744, "conv1_channels": 12, "conv2_channels": 74, "conv3_channels": 48, "dense1_units": 72}