{"accuracy": 0.11349999904632568, "loss": 2.3305504322052, "training_time": 11.198301315307617}