{"optimizer": "adam", "epochs": 6, "batch_size": 65, "conv1_weight_decay": 0.01617737782056355, "conv2_weight_decay": 3.452852953952109e-05, "conv3_weight_decay": 6.720624528465766e-06, "dense1_weight_decay": 3.370531352704193e-07, "dense2_weight_decay": 9.943309036077502e-05, "1cycle_initial_lr_pct": 0.05988292197938564, "1cycle_final_lr_pct": 0.004420221255792597, "1cycle_pct_warmup": 0.45420699211768806, "1cycle_max_lr": 0.06547582428586002, "conv1_channels": 7, "conv2_channels": 17, "conv3_channels": 197, "dense1_units": 41}