{"optimizer": "sgd", "nesterov": true, "epochs": 36, "batch_size": 4056, "conv1_weight_decay": 0.04334343236382862, "conv2_weight_decay": 2.607534245271854e-07, "conv3_weight_decay": 1.4774961147879292e-07, "dense1_weight_decay": 0.0971382094411506, "dense2_weight_decay": 6.954385958225121e-07, "1cycle_initial_lr_pct": 0.061833408368128104, "1cycle_final_lr_pct": 0.0015141224645591176, "1cycle_pct_warmup": 0.04482707849793292, "1cycle_max_lr": 0.2206741862378136, "1cycle_momentum_max_damping_factor": 0.0012498663378981906, "1cycle_momentum_min_damping_factor_pct": 0.3813497240483411, "conv1_channels": 62, "conv2_channels": 37, "conv3_channels": 68, "dense1_units": 122}