{"accuracy": 0.11349999904632568, "loss": 2.3155014514923096, "training_time": 23.914473295211792}