{"accuracy": 0.11349999904632568, "loss": 2.523066997528076, "training_time": 42.1706120967865}