{"optimizer": "adam", "epochs": 6, "batch_size": 295, "conv1_weight_decay": 0.01446998677101231, "conv2_weight_decay": 1.3469744716404113e-06, "conv3_weight_decay": 0.0012764634414860825, "dense1_weight_decay": 0.008023609419740885, "dense2_weight_decay": 0.011278001540595505, "1cycle_initial_lr_pct": 0.05321393712867441, "1cycle_final_lr_pct": 3.994434378136914e-05, "1cycle_pct_warmup": 0.050715974575118755, "1cycle_max_lr": 1.4192399314751307, "1cycle_beta1_max_damping_factor": 0.10145377374583668, "1cycle_beta1_min_damping_factor_pct": 0.3162214214544075, "beta2_damping_factor": 0.000163712686848197, "conv1_channels": 15, "conv2_channels": 101, "conv3_channels": 24, "dense1_units": 15}