{"optimizer": "sgd", "nesterov": false, "epochs": 18, "batch_size": 15, "conv1_weight_decay": 0.04292484470587439, "conv2_weight_decay": 8.499206640970205e-06, "conv3_weight_decay": 0.00790112174678748, "dense1_weight_decay": 8.655152108118851e-07, "dense2_weight_decay": 0.15027839482121857, "1cycle_initial_lr_pct": 0.054740757250869805, "1cycle_final_lr_pct": 0.0004937462433819809, "1cycle_pct_warmup": 0.44723633480258285, "1cycle_max_lr": 1.9498699423668213, "1cycle_max_momentum": 0.7182740775821731, "1cycle_min_momentum_pct": 0.7519827606156468, "conv1_channels": 6, "conv2_channels": 114, "conv3_channels": 95, "dense1_units": 54}