{"accuracy": 0.11349999904632568, "loss": 4.441026210784912, "training_time": 9.997143983840942}