{"optimizer": "adam", "epochs": 24, "batch_size": 2060, "conv1_weight_decay": 0.00013225809677727186, "conv2_weight_decay": 0.006688786956763256, "conv3_weight_decay": 1.8567008633772025e-05, "dense1_weight_decay": 9.963350109567232e-06, "dense2_weight_decay": 1.363782291872143e-06, "1cycle_initial_lr_pct": 0.07939853673215867, "1cycle_final_lr_pct": 0.00021405280580251554, "1cycle_pct_warmup": 0.19322247304953635, "1cycle_max_lr": 0.02703064561361044, "conv1_channels": 7, "conv2_channels": 52, "conv3_channels": 57, "dense1_units": 15}