{"optimizer": "sgd", "nesterov": false, "epochs": 4, "batch_size": 69, "conv1_weight_decay": 3.872089173639722e-05, "conv2_weight_decay": 0.04921740691427977, "conv3_weight_decay": 3.682828789190365e-07, "dense1_weight_decay": 0.002108041455960095, "dense2_weight_decay": 7.933246104666991e-05, "1cycle_initial_lr_pct": 0.08549242755326751, "1cycle_final_lr_pct": 9.603147666323067e-05, "1cycle_pct_warmup": 0.18536344458433937, "1cycle_max_lr": 0.42282106948460463, "1cycle_momentum_max_damping_factor": 0.009731859054598078, "1cycle_momentum_min_damping_factor_pct": 0.8189782721611218, "conv1_channels": 32, "conv2_channels": 88, "conv3_channels": 88, "dense1_units": 70}