{"accuracy": 0.9918000102043152, "loss": 0.04035373777151108, "training_time": 21.431618452072144}