{"accuracy": 0.09740000218153, "loss": 20.0, "training_time": 17.10495615005493}