{"optimizer": "sgd", "nesterov": true, "epochs": 13, "batch_size": 636, "conv1_weight_decay": 0.056375684748806214, "conv2_weight_decay": 6.266976683068984e-06, "conv3_weight_decay": 0.020953665385546914, "dense1_weight_decay": 0.06773186237105742, "dense2_weight_decay": 0.007576450341445637, "1cycle_initial_lr_pct": 0.38859740764038886, "1cycle_final_lr_pct": 0.0001254835696034723, "1cycle_pct_warmup": 0.28323155147340967, "1cycle_max_lr": 0.2548142550516906, "1cycle_momentum_max_damping_factor": 0.00434618198216341, "1cycle_momentum_min_damping_factor_pct": 0.650368880665142, "conv1_channels": 6, "conv2_channels": 31, "conv3_channels": 59, "dense1_units": 78}