{"optimizer": "adam", "epochs": 3, "batch_size": 44, "conv1_weight_decay": 0.06224024760349209, "conv2_weight_decay": 1.7397121969766987e-06, "conv3_weight_decay": 0.0014470158261752424, "dense1_weight_decay": 5.280620687982291e-07, "dense2_weight_decay": 0.13389329014951706, "1cycle_initial_lr_pct": 0.29209562802457323, "1cycle_final_lr_pct": 0.00017511385475782899, "1cycle_pct_warmup": 0.08937529939226806, "1cycle_max_lr": 0.05934722680386653, "conv1_channels": 30, "conv2_channels": 13, "conv3_channels": 24, "dense1_units": 108}