{"accuracy": 0.10100000351667404, "loss": 2.6969566345214844, "training_time": 10.057795286178589}