{"accuracy": 0.9743000268936157, "loss": 0.15401893854141235, "training_time": 18.315265893936157}