{"optimizer": "adam", "epochs": 26, "batch_size": 90, "conv1_weight_decay": 0.0014377660999650734, "conv2_weight_decay": 2.0282166899545576e-06, "conv3_weight_decay": 6.907030936001832e-05, "dense1_weight_decay": 1.067532736004334e-06, "dense2_weight_decay": 3.0761371987842976e-06, "1cycle_initial_lr_pct": 0.06648703912434041, "1cycle_final_lr_pct": 0.0022917077174298742, "1cycle_pct_warmup": 0.21336849078536035, "1cycle_max_lr": 18.39402081990609, "conv1_channels": 10, "conv2_channels": 29, "conv3_channels": 57, "dense1_units": 61}