{"optimizer": "sgd", "nesterov": true, "epochs": 2, "batch_size": 2794, "conv1_weight_decay": 0.006980228996860692, "conv2_weight_decay": 5.619127247585304e-06, "conv3_weight_decay": 1.5559971049054203e-06, "dense1_weight_decay": 0.015625568043340855, "dense2_weight_decay": 4.517332926312571e-05, "1cycle_initial_lr_pct": 0.07195985362279879, "1cycle_final_lr_pct": 0.007838280178561868, "1cycle_pct_warmup": 0.09339462668629464, "1cycle_max_lr": 12.544827687677957, "1cycle_momentum_max_damping_factor": 0.35682512695945084, "1cycle_momentum_min_damping_factor_pct": 0.32052346054001063, "conv1_channels": 12, "conv2_channels": 85, "conv3_channels": 146, "dense1_units": 229}