{"optimizer": "adam", "epochs": 2, "batch_size": 30, "conv1_weight_decay": 1.1957937950264636e-07, "conv2_weight_decay": 1.0602551733901402e-05, "conv3_weight_decay": 0.0015882976277713202, "dense1_weight_decay": 7.707873122949121e-07, "dense2_weight_decay": 0.01148390822251662, "1cycle_initial_lr_pct": 0.08605008707495215, "1cycle_final_lr_pct": 0.0005935024999954422, "1cycle_pct_warmup": 0.019611462773755195, "1cycle_max_lr": 2.58049786224262, "conv1_channels": 37, "conv2_channels": 18, "conv3_channels": 108, "dense1_units": 104}