{"optimizer": "sgd", "nesterov": false, "epochs": 18, "batch_size": 508, "conv1_weight_decay": 2.722920859696587e-07, "conv2_weight_decay": 2.510562158643967e-06, "conv3_weight_decay": 0.019523299151934823, "dense1_weight_decay": 0.009158014427330382, "dense2_weight_decay": 0.16699143402792616, "1cycle_initial_lr_pct": 0.08237990849595307, "1cycle_final_lr_pct": 0.003089049836843934, "1cycle_pct_warmup": 0.3281062014082213, "1cycle_max_lr": 1.7764571816493073, "1cycle_momentum_max_damping_factor": 0.20225022013292127, "1cycle_momentum_min_damping_factor_pct": 0.9206222228400346, "conv1_channels": 9, "conv2_channels": 59, "conv3_channels": 124, "dense1_units": 15}