{"accuracy": 0.11349999904632568, "loss": 2.7050328254699707, "training_time": 17.03053045272827}