{"accuracy": 0.11349999904632568, "loss": 2.301203727722168, "training_time": 16.066591262817383}