{"optimizer": "adam", "epochs": 17, "batch_size": 1168, "conv1_weight_decay": 5.861434790700705e-06, "conv2_weight_decay": 5.648519501386879e-07, "conv3_weight_decay": 0.004358314688084669, "dense1_weight_decay": 5.780387267829206e-06, "dense2_weight_decay": 0.19584606862997292, "1cycle_initial_lr_pct": 0.012642082248877886, "1cycle_final_lr_pct": 0.008849426584859333, "1cycle_pct_warmup": 0.025418963978509665, "1cycle_max_lr": 0.012976830911852142, "1cycle_beta1_max_damping_factor": 0.00013288133134903678, "1cycle_beta1_min_damping_factor_pct": 0.31319576139308586, "beta2_damping_factor": 0.049323745712832906, "conv1_channels": 24, "conv2_channels": 22, "conv3_channels": 113, "dense1_units": 88}