{"optimizer": "sgd", "nesterov": false, "epochs": 2, "batch_size": 223, "conv1_weight_decay": 9.450334357625557e-06, "conv2_weight_decay": 6.637951351984708e-05, "conv3_weight_decay": 0.025480965304204274, "dense1_weight_decay": 0.0019456408409240504, "dense2_weight_decay": 0.01156315228149146, "1cycle_initial_lr_pct": 0.025021055045437862, "1cycle_final_lr_pct": 0.001733435682427494, "1cycle_pct_warmup": 0.35984069130383434, "1cycle_max_lr": 0.08333608427113072, "1cycle_max_momentum": 0.9124753018020653, "1cycle_min_momentum_pct": 0.7122660195454955, "conv1_channels": 17, "conv2_channels": 114, "conv3_channels": 37, "dense1_units": 13}