{"accuracy": 0.9761000275611877, "loss": 0.22635632753372192, "training_time": 11.172452211380005}