{"accuracy": 0.9696000218391418, "loss": 8.047283172607422, "training_time": 13.242724418640137}