{"optimizer": "sgd", "nesterov": true, "epochs": 9, "batch_size": 32, "conv1_weight_decay": 0.004164620041577629, "conv2_weight_decay": 0.0007521034988893953, "conv3_weight_decay": 7.987464843029374e-07, "dense1_weight_decay": 4.5680599439703126e-05, "dense2_weight_decay": 2.8683525398427963e-06, "1cycle_initial_lr_pct": 0.08737895499124707, "1cycle_final_lr_pct": 5.2522591292197906e-05, "1cycle_pct_warmup": 0.47810383268631995, "1cycle_max_lr": 0.05791912050967589, "1cycle_max_momentum": 0.9169631097363308, "1cycle_min_momentum_pct": 0.19657761696726084, "conv1_channels": 37, "conv2_channels": 110, "conv3_channels": 146, "dense1_units": 34}