{"optimizer": "adam", "epochs": 43, "batch_size": 516, "conv1_weight_decay": 0.0022174566529018966, "conv2_weight_decay": 0.028503373102434015, "conv3_weight_decay": 0.0001385853858913589, "dense1_weight_decay": 0.0004925880091559901, "dense2_weight_decay": 4.9423879116274587e-05, "1cycle_initial_lr_pct": 0.07927532050918429, "1cycle_final_lr_pct": 0.00027276993679617906, "1cycle_pct_warmup": 0.058873983015087436, "1cycle_max_lr": 0.2610985076390468, "1cycle_beta1_max_damping_factor": 0.007004691394257198, "1cycle_beta1_min_damping_factor_pct": 0.29766719296591887, "beta2_damping_factor": 0.0025960986502471884, "conv1_channels": 52, "conv2_channels": 12, "conv3_channels": 174, "dense1_units": 128}