{"optimizer": "sgd", "nesterov": false, "epochs": 15, "batch_size": 21, "conv1_weight_decay": 6.157456700110947e-06, "conv2_weight_decay": 1.6987199291946446e-05, "conv3_weight_decay": 1.3925126714303995e-05, "dense1_weight_decay": 0.00014112126748084316, "dense2_weight_decay": 0.00010324455598461565, "1cycle_initial_lr_pct": 0.11105646767818092, "1cycle_final_lr_pct": 0.0025732681430459003, "1cycle_pct_warmup": 0.04471473610959947, "1cycle_max_lr": 0.1557114380088438, "1cycle_max_momentum": 0.23490283543020488, "1cycle_min_momentum_pct": 0.26634468603879213, "conv1_channels": 46, "conv2_channels": 30, "conv3_channels": 164, "dense1_units": 66}