{"optimizer": "adam", "epochs": 9, "batch_size": 355, "conv1_weight_decay": 7.804108781252157e-06, "conv2_weight_decay": 2.7715393741771497e-06, "conv3_weight_decay": 6.001521975691433e-07, "dense1_weight_decay": 0.00023000281809500522, "dense2_weight_decay": 6.632771398107459e-07, "1cycle_initial_lr_pct": 0.11748749837936023, "1cycle_final_lr_pct": 0.0023124248223779236, "1cycle_pct_warmup": 0.4797357302502887, "1cycle_max_lr": 0.021747143526575162, "1cycle_beta1_max_damping_factor": 0.0008762247286803672, "1cycle_beta1_min_damping_factor_pct": 0.548218338069054, "beta2_damping_factor": 0.004854880729022467, "conv1_channels": 12, "conv2_channels": 15, "conv3_channels": 51, "dense1_units": 79}