{"accuracy": 0.982699990272522, "loss": 0.2288168966770172, "training_time": 9.702984094619751}