{"optimizer": "adam", "epochs": 3, "batch_size": 399, "conv1_weight_decay": 8.585839990248468e-05, "conv2_weight_decay": 0.00029435098821869413, "conv3_weight_decay": 0.030455745435163748, "dense1_weight_decay": 0.0008355584796368014, "dense2_weight_decay": 0.0005507729864736037, "1cycle_initial_lr_pct": 0.022229674662132454, "1cycle_final_lr_pct": 6.989916269976935e-05, "1cycle_pct_warmup": 0.4911293425504118, "1cycle_max_lr": 0.05661189089985182, "conv1_channels": 4, "conv2_channels": 11, "conv3_channels": 213, "dense1_units": 49}