{"optimizer": "sgd", "nesterov": false, "epochs": 15, "batch_size": 21, "conv1_weight_decay": 4.63933377854717e-05, "conv2_weight_decay": 0.009243918879514883, "conv3_weight_decay": 0.0072065009043763275, "dense1_weight_decay": 5.2760824929052825e-05, "dense2_weight_decay": 0.002037237822676319, "1cycle_initial_lr_pct": 0.019496163052054722, "1cycle_final_lr_pct": 0.0003674873791275854, "1cycle_pct_warmup": 0.07000028702740449, "1cycle_max_lr": 0.2539328917991902, "1cycle_momentum_max_damping_factor": 0.3419804589371703, "1cycle_momentum_min_damping_factor_pct": 0.21629667828456317, "conv1_channels": 13, "conv2_channels": 61, "conv3_channels": 33, "dense1_units": 101}