{"accuracy": 0.9812999963760376, "loss": 0.1542503982782364, "training_time": 5.619932651519775}