{"optimizer": "adam", "epochs": 57, "batch_size": 167, "conv1_weight_decay": 0.0009304280429718196, "conv2_weight_decay": 0.004629458514743014, "conv3_weight_decay": 0.00039445056798305113, "dense1_weight_decay": 7.250615218168538e-07, "dense2_weight_decay": 0.05488876298769793, "1cycle_initial_lr_pct": 0.47794160146281894, "1cycle_final_lr_pct": 6.943269640437931e-05, "1cycle_pct_warmup": 0.012801205369921501, "1cycle_max_lr": 0.5434690178172348, "1cycle_beta1_max_damping_factor": 0.0001765946973134739, "1cycle_beta1_min_damping_factor_pct": 0.6939943559232082, "beta2_damping_factor": 0.049934615045492556, "conv1_channels": 15, "conv2_channels": 21, "conv3_channels": 190, "dense1_units": 180}