{"optimizer": "sgd", "nesterov": true, "epochs": 7, "batch_size": 1253, "conv1_weight_decay": 0.00046959134834939544, "conv2_weight_decay": 0.05408620629329587, "conv3_weight_decay": 0.241075635665372, "dense1_weight_decay": 0.018160336948998424, "dense2_weight_decay": 0.041484809398844934, "1cycle_initial_lr_pct": 0.20946083477356475, "1cycle_final_lr_pct": 0.00028181115948449725, "1cycle_pct_warmup": 0.26122465236112474, "1cycle_max_lr": 1.0037328244326447, "1cycle_max_momentum": 0.24078417235119268, "1cycle_min_momentum_pct": 0.9257728606462479, "conv1_channels": 19, "conv2_channels": 11, "conv3_channels": 37, "dense1_units": 53}