{"accuracy": 0.11349999904632568, "loss": 2.301625967025757, "training_time": 11.180366277694702}