{"optimizer": "sgd", "nesterov": true, "epochs": 23, "batch_size": 931, "conv1_weight_decay": 6.761953823448546e-06, "conv2_weight_decay": 0.152285667271468, "conv3_weight_decay": 0.006142685790114185, "dense1_weight_decay": 0.0013001286022225268, "dense2_weight_decay": 0.0006192293270858414, "1cycle_initial_lr_pct": 0.11705302509333351, "1cycle_final_lr_pct": 5.1700145421974636e-05, "1cycle_pct_warmup": 0.1139174152072519, "1cycle_max_lr": 1.862794521899477, "1cycle_max_momentum": 0.45514096759557726, "1cycle_min_momentum_pct": 0.04614814091473818, "conv1_channels": 27, "conv2_channels": 119, "conv3_channels": 52, "dense1_units": 125}