{"optimizer": "adam", "epochs": 4, "batch_size": 33, "conv1_weight_decay": 4.634367766875688e-06, "conv2_weight_decay": 0.002817989771655327, "conv3_weight_decay": 0.01820439891366679, "dense1_weight_decay": 8.484792826766742e-06, "dense2_weight_decay": 0.002415253487988526, "1cycle_initial_lr_pct": 0.10678950100515347, "1cycle_final_lr_pct": 0.00024131168205367156, "1cycle_pct_warmup": 0.2395422719433928, "1cycle_max_lr": 1.4281359614819473, "1cycle_beta1_max_damping_factor": 0.00032052240702308766, "1cycle_beta1_min_damping_factor_pct": 0.2901522764354958, "beta2_damping_factor": 0.018707514069908143, "conv1_channels": 6, "conv2_channels": 12, "conv3_channels": 18, "dense1_units": 17}