{"accuracy": 0.11349999904632568, "loss": 2.301379680633545, "training_time": 41.90793251991272}