{"optimizer": "adam", "epochs": 6, "batch_size": 882, "conv1_weight_decay": 1.4028074888283713e-07, "conv2_weight_decay": 2.4681669995478226e-06, "conv3_weight_decay": 0.2043638396756903, "dense1_weight_decay": 0.05997110902862349, "dense2_weight_decay": 2.500524828786287e-07, "1cycle_initial_lr_pct": 0.033323285250951885, "1cycle_final_lr_pct": 0.0005313303568271599, "1cycle_pct_warmup": 0.46977393263019623, "1cycle_max_lr": 0.03273416297152441, "conv1_channels": 13, "conv2_channels": 7, "conv3_channels": 236, "dense1_units": 48}