{"optimizer": "sgd", "nesterov": false, "epochs": 33, "batch_size": 33, "conv1_weight_decay": 3.5448267492513864e-07, "conv2_weight_decay": 5.178458380922295e-06, "conv3_weight_decay": 0.0003289982361135452, "dense1_weight_decay": 3.319640082705288e-07, "dense2_weight_decay": 2.3175572988392808e-05, "1cycle_initial_lr_pct": 0.03252134278531563, "1cycle_final_lr_pct": 4.5328019844911335e-05, "1cycle_pct_warmup": 0.05615916326863449, "1cycle_max_lr": 0.36519717750731556, "1cycle_momentum_max_damping_factor": 0.09048344820840583, "1cycle_momentum_min_damping_factor_pct": 0.435391072606063, "conv1_channels": 13, "conv2_channels": 63, "conv3_channels": 155, "dense1_units": 15}