{"accuracy": 0.9641000032424927, "loss": 0.24378137290477753, "training_time": 11.208290576934814}