{"optimizer": "adam", "epochs": 13, "batch_size": 72, "conv1_weight_decay": 0.008027231255106139, "conv2_weight_decay": 0.021657142325458175, "conv3_weight_decay": 0.0015866453515332687, "dense1_weight_decay": 0.001250292794217484, "dense2_weight_decay": 1.2969982787328997e-05, "1cycle_initial_lr_pct": 0.23823152342919823, "1cycle_final_lr_pct": 0.0006073390128180623, "1cycle_pct_warmup": 0.24333592225679468, "1cycle_max_lr": 0.041788772529500626, "1cycle_beta1_max_damping_factor": 0.2976350101803237, "1cycle_beta1_min_damping_factor_pct": 0.845196895525136, "beta2_damping_factor": 0.00031484825122824806, "conv1_channels": 15, "conv2_channels": 22, "conv3_channels": 24, "dense1_units": 189}