{"optimizer": "sgd", "nesterov": true, "epochs": 3, "batch_size": 2099, "conv1_weight_decay": 0.019777167077053313, "conv2_weight_decay": 0.0010173962602382266, "conv3_weight_decay": 0.010141946999151948, "dense1_weight_decay": 6.555047002272644e-06, "dense2_weight_decay": 1.1519576504083566e-07, "1cycle_initial_lr_pct": 0.49926365103811865, "1cycle_final_lr_pct": 0.009537719071284905, "1cycle_pct_warmup": 0.08554540513083338, "1cycle_max_lr": 0.42980513071073745, "1cycle_max_momentum": 0.5503750899941661, "1cycle_min_momentum_pct": 0.7337209396064281, "conv1_channels": 4, "conv2_channels": 9, "conv3_channels": 71, "dense1_units": 9}