{"accuracy": 0.11349999904632568, "loss": 2.3014087677001953, "training_time": 42.39864468574524}