{"accuracy": 0.8299000263214111, "loss": 0.7476093769073486, "training_time": 6.076768398284912}