{"optimizer": "sgd", "nesterov": true, "epochs": 27, "batch_size": 1638, "conv1_weight_decay": 2.797136152427378e-05, "conv2_weight_decay": 0.001187344271480888, "conv3_weight_decay": 1.1263190432244959e-05, "dense1_weight_decay": 0.002099256017818796, "dense2_weight_decay": 2.771871279890104e-07, "1cycle_initial_lr_pct": 0.023981248123832816, "1cycle_final_lr_pct": 0.0006119767027423288, "1cycle_pct_warmup": 0.4830259435530752, "1cycle_max_lr": 2.1408608172092713, "1cycle_max_momentum": 0.3598058086649515, "1cycle_min_momentum_pct": 0.46356240566819906, "conv1_channels": 7, "conv2_channels": 38, "conv3_channels": 104, "dense1_units": 36}