{"optimizer": "adam", "epochs": 2, "batch_size": 198, "conv1_weight_decay": 0.00014022180664915562, "conv2_weight_decay": 0.19474945763193413, "conv3_weight_decay": 4.826947461415765e-07, "dense1_weight_decay": 6.226927242563522e-06, "dense2_weight_decay": 8.707287858121123e-06, "1cycle_initial_lr_pct": 0.016838984099275943, "1cycle_final_lr_pct": 0.0029288014161024225, "1cycle_pct_warmup": 0.061840841539047044, "1cycle_max_lr": 1.2319351884051897, "1cycle_beta1_max_damping_factor": 0.01700905734510467, "1cycle_beta1_min_damping_factor_pct": 0.1414807909326361, "beta2_damping_factor": 0.00011334258977175601, "conv1_channels": 56, "conv2_channels": 85, "conv3_channels": 206, "dense1_units": 29}