{"accuracy": 0.10100000351667404, "loss": 3.376035213470459, "training_time": 7.601290941238403}