{"optimizer": "adam", "epochs": 23, "batch_size": 762, "conv1_weight_decay": 0.013007070713382403, "conv2_weight_decay": 0.00014574607108270974, "conv3_weight_decay": 0.22322938292894193, "dense1_weight_decay": 6.692635172721332e-05, "dense2_weight_decay": 0.0020841686121940966, "1cycle_initial_lr_pct": 0.02816697436975764, "1cycle_final_lr_pct": 0.00043792775519429567, "1cycle_pct_warmup": 0.4891372824087739, "1cycle_max_lr": 0.4601930012249729, "conv1_channels": 17, "conv2_channels": 27, "conv3_channels": 30, "dense1_units": 59}