{"optimizer": "sgd", "nesterov": true, "epochs": 4, "batch_size": 43, "conv1_weight_decay": 0.03577280713772448, "conv2_weight_decay": 2.0434506173980274e-07, "conv3_weight_decay": 0.0003058198072102187, "dense1_weight_decay": 0.0005876514741459953, "dense2_weight_decay": 0.0004575754031318812, "1cycle_initial_lr_pct": 0.014405253196555022, "1cycle_final_lr_pct": 3.4120236323436106e-05, "1cycle_pct_warmup": 0.06925434587379403, "1cycle_max_lr": 0.8237418135117878, "1cycle_momentum_max_damping_factor": 0.004563927794295872, "1cycle_momentum_min_damping_factor_pct": 0.9234251761812867, "conv1_channels": 11, "conv2_channels": 24, "conv3_channels": 88, "dense1_units": 64}