{"accuracy": 0.11349999904632568, "loss": 2.302478790283203, "training_time": 21.52325129508972}