{"accuracy": 0.11349999904632568, "loss": 2.391697883605957, "training_time": 22.598188161849976}