{"optimizer": "adam", "epochs": 44, "batch_size": 380, "conv1_weight_decay": 8.150939597316002e-07, "conv2_weight_decay": 0.02833194750291438, "conv3_weight_decay": 9.442567651918923e-06, "dense1_weight_decay": 7.2422859249982184e-06, "dense2_weight_decay": 0.004010673591461241, "1cycle_initial_lr_pct": 0.1457402298324977, "1cycle_final_lr_pct": 0.0009224714160899866, "1cycle_pct_warmup": 0.02428133500739932, "1cycle_max_lr": 0.282452753217807, "conv1_channels": 4, "conv2_channels": 88, "conv3_channels": 44, "dense1_units": 46}