{"optimizer": "sgd", "nesterov": true, "epochs": 3, "batch_size": 18, "conv1_weight_decay": 9.473430606855026e-07, "conv2_weight_decay": 0.0010182380820763857, "conv3_weight_decay": 1.1047462776797665e-07, "dense1_weight_decay": 0.002667892425732323, "dense2_weight_decay": 0.00017627828415277234, "1cycle_initial_lr_pct": 0.1461357169063614, "1cycle_final_lr_pct": 0.003521297747947923, "1cycle_pct_warmup": 0.3364481172799661, "1cycle_max_lr": 0.06209092857275194, "1cycle_momentum_max_damping_factor": 0.11506254050711907, "1cycle_momentum_min_damping_factor_pct": 0.888880228700248, "conv1_channels": 13, "conv2_channels": 64, "conv3_channels": 37, "dense1_units": 59}