{"accuracy": 0.11349999904632568, "loss": 2.3010342121124268, "training_time": 41.89535903930664}