{"accuracy": 0.9909999966621399, "loss": 0.07078763097524643, "training_time": 36.31802535057068}