{"optimizer": "adam", "epochs": 52, "batch_size": 119, "conv1_weight_decay": 3.3531651466256087e-06, "conv2_weight_decay": 1.0161354493854579e-06, "conv3_weight_decay": 0.06245655256213304, "dense1_weight_decay": 7.588316595993105e-05, "dense2_weight_decay": 0.005066999793789502, "1cycle_initial_lr_pct": 0.08144320586469134, "1cycle_final_lr_pct": 3.8133741065646045e-05, "1cycle_pct_warmup": 0.30944662893190983, "1cycle_max_lr": 0.016471717916593714, "conv1_channels": 22, "conv2_channels": 117, "conv3_channels": 15, "dense1_units": 48}