{"optimizer": "sgd", "nesterov": true, "epochs": 4, "batch_size": 2419, "conv1_weight_decay": 3.770425859600143e-06, "conv2_weight_decay": 1.0883620431914614e-05, "conv3_weight_decay": 0.0005422235318704645, "dense1_weight_decay": 0.00028105157024939327, "dense2_weight_decay": 0.00042048984836156656, "1cycle_initial_lr_pct": 0.08682775802922559, "1cycle_final_lr_pct": 0.0001492595257650171, "1cycle_pct_warmup": 0.010835305952862261, "1cycle_max_lr": 0.09699201712076364, "1cycle_momentum_max_damping_factor": 0.00021755899177456852, "1cycle_momentum_min_damping_factor_pct": 0.27892758560950376, "conv1_channels": 13, "conv2_channels": 9, "conv3_channels": 74, "dense1_units": 36}