{"accuracy": 0.10090000182390213, "loss": 16.950984954833984, "training_time": 4.788215160369873}