{"optimizer": "adam", "epochs": 3, "batch_size": 2074, "conv1_weight_decay": 0.25616289467680886, "conv2_weight_decay": 0.007963719313772186, "conv3_weight_decay": 2.4580340764438006e-07, "dense1_weight_decay": 8.523301332609773e-07, "dense2_weight_decay": 0.27065771121488186, "1cycle_initial_lr_pct": 0.4134846378589829, "1cycle_final_lr_pct": 0.004237265477125651, "1cycle_pct_warmup": 0.351631661420688, "1cycle_max_lr": 0.1521767216730518, "conv1_channels": 6, "conv2_channels": 7, "conv3_channels": 61, "dense1_units": 117}