{"optimizer": "sgd", "nesterov": true, "epochs": 15, "batch_size": 71, "conv1_weight_decay": 0.2322740356742383, "conv2_weight_decay": 0.00030798974950424035, "conv3_weight_decay": 4.273004446198765e-06, "dense1_weight_decay": 0.007549634779123167, "dense2_weight_decay": 0.01797412221030694, "1cycle_initial_lr_pct": 0.20651479460350877, "1cycle_final_lr_pct": 0.0014414401270601636, "1cycle_pct_warmup": 0.024218985730612194, "1cycle_max_lr": 0.022995962831878998, "1cycle_momentum_max_damping_factor": 0.09531111550438787, "1cycle_momentum_min_damping_factor_pct": 0.20679974128101364, "conv1_channels": 6, "conv2_channels": 55, "conv3_channels": 118, "dense1_units": 22}