{"accuracy": 0.11349999904632568, "loss": 2.3085622787475586, "training_time": 6.1079418659210205}