{"optimizer": "adam", "epochs": 2, "batch_size": 76, "conv1_weight_decay": 5.110864656748549e-07, "conv2_weight_decay": 5.639477402297708e-06, "conv3_weight_decay": 0.0002811980972800578, "dense1_weight_decay": 0.0022978792359230667, "dense2_weight_decay": 0.00020252242683761244, "1cycle_initial_lr_pct": 0.10492137328631555, "1cycle_final_lr_pct": 0.005531871320142883, "1cycle_pct_warmup": 0.4884975435771048, "1cycle_max_lr": 0.015791743596137903, "conv1_channels": 4, "conv2_channels": 9, "conv3_channels": 43, "dense1_units": 51}