{"optimizer": "sgd", "nesterov": true, "epochs": 22, "batch_size": 3683, "conv1_weight_decay": 2.1187327183579924e-07, "conv2_weight_decay": 7.810392239400564e-07, "conv3_weight_decay": 0.11090818277404832, "dense1_weight_decay": 5.218716398180567e-06, "dense2_weight_decay": 0.004142926935555173, "1cycle_initial_lr_pct": 0.12053377306608014, "1cycle_final_lr_pct": 0.0009792828443310482, "1cycle_pct_warmup": 0.06817104142320592, "1cycle_max_lr": 0.1505082723013131, "1cycle_momentum_max_damping_factor": 0.039845365661551634, "1cycle_momentum_min_damping_factor_pct": 0.34902928508483094, "conv1_channels": 15, "conv2_channels": 43, "conv3_channels": 105, "dense1_units": 9}