{"accuracy": 0.9865999817848206, "loss": 0.10125671327114105, "training_time": 8.832624673843384}