{"accuracy": 0.11349999904632568, "loss": 2.3100521564483643, "training_time": 15.56074333190918}