{"optimizer": "sgd", "nesterov": false, "epochs": 13, "batch_size": 922, "conv1_weight_decay": 6.140546564147612e-07, "conv2_weight_decay": 0.00013166367875640998, "conv3_weight_decay": 0.0025145540286695537, "dense1_weight_decay": 0.0024855911755853107, "dense2_weight_decay": 2.103063722382174e-06, "1cycle_initial_lr_pct": 0.19535471734584706, "1cycle_final_lr_pct": 0.005273009800117038, "1cycle_pct_warmup": 0.13882355148234232, "1cycle_max_lr": 0.8958630134409339, "1cycle_momentum_max_damping_factor": 0.00015491517053473075, "1cycle_momentum_min_damping_factor_pct": 0.3062711204945798, "conv1_channels": 4, "conv2_channels": 17, "conv3_channels": 19, "dense1_units": 43}