{"optimizer": "adam", "epochs": 4, "batch_size": 61, "conv1_weight_decay": 1.8587965109576062e-07, "conv2_weight_decay": 4.5459004071526875e-07, "conv3_weight_decay": 0.013419266473176646, "dense1_weight_decay": 7.823646675329736e-06, "dense2_weight_decay": 5.545185544370665e-05, "1cycle_initial_lr_pct": 0.17570924955151038, "1cycle_final_lr_pct": 0.0013705650738120654, "1cycle_pct_warmup": 0.14507456405088306, "1cycle_max_lr": 0.49350203351915306, "conv1_channels": 43, "conv2_channels": 59, "conv3_channels": 125, "dense1_units": 152}