{"accuracy": 0.11349999904632568, "loss": 2.3310434818267822, "training_time": 18.98254895210266}