{"accuracy": 0.08919999748468399, "loss": 20.0, "training_time": 7.6636481285095215}