{"optimizer": "sgd", "nesterov": false, "epochs": 34, "batch_size": 15, "conv1_weight_decay": 3.0141989108876117e-06, "conv2_weight_decay": 0.05489207112881104, "conv3_weight_decay": 0.08916658637567479, "dense1_weight_decay": 0.0001927874364373526, "dense2_weight_decay": 0.03409633912611634, "1cycle_initial_lr_pct": 0.016340220679627714, "1cycle_final_lr_pct": 0.005021009362258763, "1cycle_pct_warmup": 0.4419163334441304, "1cycle_max_lr": 8.541237317929985, "1cycle_momentum_max_damping_factor": 0.6659443982995148, "1cycle_momentum_min_damping_factor_pct": 0.5251972091770397, "conv1_channels": 46, "conv2_channels": 30, "conv3_channels": 24, "dense1_units": 254}