{"optimizer": "adam", "epochs": 4, "batch_size": 503, "conv1_weight_decay": 2.9433569553779163e-06, "conv2_weight_decay": 0.005743224854377021, "conv3_weight_decay": 0.00039124107858375513, "dense1_weight_decay": 0.00012782845047752087, "dense2_weight_decay": 0.059374014335138135, "1cycle_initial_lr_pct": 0.022574664862889882, "1cycle_final_lr_pct": 0.001313308223249415, "1cycle_pct_warmup": 0.06549788692966103, "1cycle_max_lr": 9.70963127531332, "conv1_channels": 24, "conv2_channels": 122, "conv3_channels": 24, "dense1_units": 31}