{"accuracy": 0.11349999904632568, "loss": 11.896059036254883, "training_time": 11.280412673950195}