{"optimizer": "sgd", "nesterov": true, "epochs": 17, "batch_size": 24, "conv1_weight_decay": 3.245425554172493e-07, "conv2_weight_decay": 0.10321797103704566, "conv3_weight_decay": 0.00014360315671002887, "dense1_weight_decay": 3.669745846918791e-05, "dense2_weight_decay": 0.004805734649202876, "1cycle_initial_lr_pct": 0.16111150067472738, "1cycle_final_lr_pct": 3.797346912470725e-05, "1cycle_pct_warmup": 0.11306851561872756, "1cycle_max_lr": 0.03515538383754877, "1cycle_momentum_max_damping_factor": 0.00563615941087958, "1cycle_momentum_min_damping_factor_pct": 0.10948877696601458, "conv1_channels": 15, "conv2_channels": 18, "conv3_channels": 53, "dense1_units": 193}