{"optimizer": "adam", "epochs": 2, "batch_size": 307, "conv1_weight_decay": 1.283745930004756e-07, "conv2_weight_decay": 0.003915159637723805, "conv3_weight_decay": 7.826798095317761e-07, "dense1_weight_decay": 0.0005624847278246414, "dense2_weight_decay": 0.0004078743072090514, "1cycle_initial_lr_pct": 0.18707741421885002, "1cycle_final_lr_pct": 0.000466434604882965, "1cycle_pct_warmup": 0.1994440765492618, "1cycle_max_lr": 0.27123176677476807, "conv1_channels": 17, "conv2_channels": 13, "conv3_channels": 17, "dense1_units": 56}