{"accuracy": 0.8779000043869019, "loss": 0.4461783766746521, "training_time": 5.083153963088989}