{"optimizer": "adam", "epochs": 4, "batch_size": 2762, "conv1_weight_decay": 0.00010105322580727034, "conv2_weight_decay": 0.007261028252924208, "conv3_weight_decay": 3.685953102568082e-06, "dense1_weight_decay": 0.2964458216257141, "dense2_weight_decay": 8.942314605283131e-07, "1cycle_initial_lr_pct": 0.35480140765774254, "1cycle_final_lr_pct": 7.848562879791679e-05, "1cycle_pct_warmup": 0.13841393014374617, "1cycle_max_lr": 0.09669925793767395, "1cycle_beta1_max_damping_factor": 0.0013236514164037534, "1cycle_beta1_min_damping_factor_pct": 0.6996930369270099, "beta2_damping_factor": 0.001030524515057391, "conv1_channels": 23, "conv2_channels": 22, "conv3_channels": 24, "dense1_units": 10}