{"optimizer": "sgd", "nesterov": true, "epochs": 19, "batch_size": 95, "conv1_weight_decay": 6.768709831849587e-05, "conv2_weight_decay": 0.0004398398646122303, "conv3_weight_decay": 3.1666631480991295e-05, "dense1_weight_decay": 1.2888264298810465e-07, "dense2_weight_decay": 7.789339973693077e-05, "1cycle_initial_lr_pct": 0.30772071007882834, "1cycle_final_lr_pct": 0.0002372568484578382, "1cycle_pct_warmup": 0.13541085809469225, "1cycle_max_lr": 0.01613517691536467, "1cycle_max_momentum": 0.6401735860948451, "1cycle_min_momentum_pct": 0.8339504711329937, "conv1_channels": 52, "conv2_channels": 12, "conv3_channels": 198, "dense1_units": 13}