{"accuracy": 0.8626000285148621, "loss": 1.4652628898620605, "training_time": 5.393159627914429}