{"optimizer": "sgd", "nesterov": false, "epochs": 7, "batch_size": 176, "conv1_weight_decay": 0.011988001299837238, "conv2_weight_decay": 1.3560684612111256e-05, "conv3_weight_decay": 0.013500842094989054, "dense1_weight_decay": 0.00012672577869353525, "dense2_weight_decay": 2.9557003170313936e-07, "1cycle_initial_lr_pct": 0.023013544302478553, "1cycle_final_lr_pct": 0.0004618872405414546, "1cycle_pct_warmup": 0.14526540551652595, "1cycle_max_lr": 0.13904023620092443, "1cycle_momentum_max_damping_factor": 0.1016500814476509, "1cycle_momentum_min_damping_factor_pct": 0.1015191107482747, "conv1_channels": 6, "conv2_channels": 56, "conv3_channels": 23, "dense1_units": 197}