{"optimizer": "adam", "epochs": 13, "batch_size": 1325, "conv1_weight_decay": 0.037969556927638586, "conv2_weight_decay": 7.14920298989916e-07, "conv3_weight_decay": 0.004546553975043186, "dense1_weight_decay": 0.00029420460748809493, "dense2_weight_decay": 5.388711078286946e-06, "1cycle_initial_lr_pct": 0.018892368569987564, "1cycle_final_lr_pct": 9.760265920425845e-05, "1cycle_pct_warmup": 0.14254505321383476, "1cycle_max_lr": 0.014610115349547165, "conv1_channels": 9, "conv2_channels": 85, "conv3_channels": 173, "dense1_units": 110}