{"accuracy": 0.991100013256073, "loss": 0.07895039021968842, "training_time": 21.423132181167603}