{"accuracy": 0.9800999760627747, "loss": 0.13687174022197723, "training_time": 12.213790893554688}