{"optimizer": "sgd", "nesterov": false, "epochs": 2, "batch_size": 164, "conv1_weight_decay": 4.702546107501661e-07, "conv2_weight_decay": 4.15393674237055e-05, "conv3_weight_decay": 7.512508988849168e-07, "dense1_weight_decay": 0.025814574476827615, "dense2_weight_decay": 0.0002411592748566893, "1cycle_initial_lr_pct": 0.2888842950354416, "1cycle_final_lr_pct": 0.00016975643139402596, "1cycle_pct_warmup": 0.14875128812218935, "1cycle_max_lr": 0.2451714337886445, "1cycle_momentum_max_damping_factor": 0.00031818503259027506, "1cycle_momentum_min_damping_factor_pct": 0.1327747641414515, "conv1_channels": 31, "conv2_channels": 46, "conv3_channels": 17, "dense1_units": 15}