{"optimizer": "adam", "epochs": 36, "batch_size": 1386, "conv1_weight_decay": 2.1825362957902023e-07, "conv2_weight_decay": 1.0382943511986121e-07, "conv3_weight_decay": 0.0001118484207317408, "dense1_weight_decay": 1.8026761133647472e-06, "dense2_weight_decay": 0.002960306085876977, "1cycle_initial_lr_pct": 0.3325867230999414, "1cycle_final_lr_pct": 4.559378124450414e-05, "1cycle_pct_warmup": 0.17234931715764107, "1cycle_max_lr": 0.06104954826874029, "conv1_channels": 4, "conv2_channels": 37, "conv3_channels": 44, "dense1_units": 15}