{"accuracy": 0.9926999807357788, "loss": 0.03539171442389488, "training_time": 21.437269687652588}