{"optimizer": "adam", "epochs": 6, "batch_size": 1360, "conv1_weight_decay": 0.00033745087809545213, "conv2_weight_decay": 0.00016976241014781247, "conv3_weight_decay": 1.5217237815361623e-06, "dense1_weight_decay": 2.077255561622722e-05, "dense2_weight_decay": 3.080133955890812e-05, "1cycle_initial_lr_pct": 0.10123216560356099, "1cycle_final_lr_pct": 0.0006318452592530336, "1cycle_pct_warmup": 0.364258366888389, "1cycle_max_lr": 0.08023546878117822, "conv1_channels": 12, "conv2_channels": 11, "conv3_channels": 49, "dense1_units": 115}