{"optimizer": "sgd", "nesterov": true, "epochs": 33, "batch_size": 163, "conv1_weight_decay": 0.0002642446143110113, "conv2_weight_decay": 2.3135446354757946e-07, "conv3_weight_decay": 8.891670428195291e-05, "dense1_weight_decay": 0.007123260808117479, "dense2_weight_decay": 2.7034852415410433e-06, "1cycle_initial_lr_pct": 0.12203933576139919, "1cycle_final_lr_pct": 0.003385180130457201, "1cycle_pct_warmup": 0.022944326664610264, "1cycle_max_lr": 0.01339302857703435, "1cycle_momentum_max_damping_factor": 0.3367409957493407, "1cycle_momentum_min_damping_factor_pct": 0.4473316852301014, "conv1_channels": 6, "conv2_channels": 74, "conv3_channels": 24, "dense1_units": 114}