{"accuracy": 0.9911999702453613, "loss": 0.05183245986700058, "training_time": 6.0425403118133545}