{"optimizer": "adam", "epochs": 31, "batch_size": 2214, "conv1_weight_decay": 0.0009266160442620826, "conv2_weight_decay": 2.2794338429892833e-05, "conv3_weight_decay": 0.00019414796657613693, "dense1_weight_decay": 1.0620339005184855e-07, "dense2_weight_decay": 0.0007025427496633309, "1cycle_initial_lr_pct": 0.020059080204404143, "1cycle_final_lr_pct": 0.0008639584214236396, "1cycle_pct_warmup": 0.44072430044412614, "1cycle_max_lr": 10.206458318159836, "conv1_channels": 42, "conv2_channels": 101, "conv3_channels": 22, "dense1_units": 21}