{"optimizer": "sgd", "nesterov": false, "epochs": 2, "batch_size": 74, "conv1_weight_decay": 0.0006139394068734068, "conv2_weight_decay": 3.871888528313958e-06, "conv3_weight_decay": 0.05499648091056286, "dense1_weight_decay": 0.20317697860815118, "dense2_weight_decay": 0.0013903019290758887, "1cycle_initial_lr_pct": 0.018189322977893024, "1cycle_final_lr_pct": 0.004041629647512011, "1cycle_pct_warmup": 0.05530487995612151, "1cycle_max_lr": 11.758417883339352, "1cycle_momentum_max_damping_factor": 0.0001398694280574712, "1cycle_momentum_min_damping_factor_pct": 0.25184546518002066, "conv1_channels": 34, "conv2_channels": 34, "conv3_channels": 194, "dense1_units": 167}