{"optimizer": "adam", "epochs": 13, "batch_size": 32, "conv1_weight_decay": 0.036922036580134654, "conv2_weight_decay": 0.010820445649408945, "conv3_weight_decay": 0.0007858947499391285, "dense1_weight_decay": 9.192942515361106e-07, "dense2_weight_decay": 2.547486334525547e-07, "1cycle_initial_lr_pct": 0.2617039189759663, "1cycle_final_lr_pct": 0.004762924610502804, "1cycle_pct_warmup": 0.030590309133379588, "1cycle_max_lr": 3.474378444505364, "1cycle_beta1_max_damping_factor": 0.006091964598086386, "1cycle_beta1_min_damping_factor_pct": 0.39588905190734236, "beta2_damping_factor": 0.012938848734959981, "conv1_channels": 27, "conv2_channels": 15, "conv3_channels": 27, "dense1_units": 144}