{"optimizer": "sgd", "nesterov": false, "epochs": 4, "batch_size": 923, "conv1_weight_decay": 0.01654878982669232, "conv2_weight_decay": 0.00033590252275874114, "conv3_weight_decay": 0.09096401166402479, "dense1_weight_decay": 0.01192077940206631, "dense2_weight_decay": 6.3446419862154715e-06, "1cycle_initial_lr_pct": 0.36220758052775476, "1cycle_final_lr_pct": 0.0010233271565084237, "1cycle_pct_warmup": 0.43025551208294927, "1cycle_max_lr": 4.116548183181087, "1cycle_max_momentum": 0.7926634837822057, "1cycle_min_momentum_pct": 0.9933960568159819, "conv1_channels": 36, "conv2_channels": 18, "conv3_channels": 48, "dense1_units": 17}