{"accuracy": 0.11349999904632568, "loss": 2.3038113117218018, "training_time": 11.139262437820435}