{"optimizer": "adam", "epochs": 22, "batch_size": 24, "conv1_weight_decay": 1.4981912471155703e-06, "conv2_weight_decay": 0.004187133421388866, "conv3_weight_decay": 0.0008228078361480972, "dense1_weight_decay": 1.298492276717761e-07, "dense2_weight_decay": 8.708534536136739e-07, "1cycle_initial_lr_pct": 0.19677087941840288, "1cycle_final_lr_pct": 9.403334234650982e-05, "1cycle_pct_warmup": 0.06213668621607345, "1cycle_max_lr": 0.012115168771786426, "1cycle_beta1_max_damping_factor": 0.0005395265422331213, "1cycle_beta1_min_damping_factor_pct": 0.746421117096964, "beta2_damping_factor": 0.0017287417736612154, "conv1_channels": 33, "conv2_channels": 32, "conv3_channels": 217, "dense1_units": 21}