{"optimizer": "sgd", "nesterov": true, "epochs": 2, "batch_size": 310, "conv1_weight_decay": 1.0476767543113343e-06, "conv2_weight_decay": 0.08487831378350748, "conv3_weight_decay": 0.08272157420999926, "dense1_weight_decay": 0.1800412209943834, "dense2_weight_decay": 8.073249460958571e-05, "1cycle_initial_lr_pct": 0.1745157340433868, "1cycle_final_lr_pct": 0.0002117114665221324, "1cycle_pct_warmup": 0.4845853834506124, "1cycle_max_lr": 0.09050136491444777, "1cycle_max_momentum": 0.2223003397654742, "1cycle_min_momentum_pct": 0.8281010324135423, "conv1_channels": 23, "conv2_channels": 12, "conv3_channels": 216, "dense1_units": 18}