{"accuracy": 0.8382999897003174, "loss": 1.0366920232772827, "training_time": 6.107336521148682}