{"optimizer": "sgd", "nesterov": false, "epochs": 34, "batch_size": 829, "conv1_weight_decay": 8.469292652900748e-06, "conv2_weight_decay": 2.3672672697738157e-05, "conv3_weight_decay": 0.2023881453885401, "dense1_weight_decay": 6.619741776801064e-06, "dense2_weight_decay": 5.463474316727618e-06, "1cycle_initial_lr_pct": 0.16374547390517635, "1cycle_final_lr_pct": 0.0003530278895502554, "1cycle_pct_warmup": 0.0174935867851896, "1cycle_max_lr": 0.020885890657154658, "1cycle_momentum_max_damping_factor": 0.00026137112264546864, "1cycle_momentum_min_damping_factor_pct": 0.3712241129834698, "conv1_channels": 27, "conv2_channels": 32, "conv3_channels": 62, "dense1_units": 17}