{"optimizer": "adam", "epochs": 6, "batch_size": 51, "conv1_weight_decay": 5.063750179849179e-06, "conv2_weight_decay": 1.3753682122106616e-06, "conv3_weight_decay": 0.0011118121201491053, "dense1_weight_decay": 0.0021355918358653054, "dense2_weight_decay": 4.992887003959731e-07, "1cycle_initial_lr_pct": 0.1813114583258811, "1cycle_final_lr_pct": 7.281892685675193e-05, "1cycle_pct_warmup": 0.3185449328739196, "1cycle_max_lr": 0.16592528809910165, "conv1_channels": 10, "conv2_channels": 23, "conv3_channels": 56, "dense1_units": 17}