{"accuracy": 0.11349999904632568, "loss": 2.301260232925415, "training_time": 27.66217803955078}