{"optimizer": "adam", "epochs": 3, "batch_size": 547, "conv1_weight_decay": 0.0013758767938742086, "conv2_weight_decay": 1.2204568072490013e-06, "conv3_weight_decay": 0.00854770484264171, "dense1_weight_decay": 1.3211422824915273e-05, "dense2_weight_decay": 0.06604706283303922, "1cycle_initial_lr_pct": 0.02197119495645996, "1cycle_final_lr_pct": 5.33857939731801e-05, "1cycle_pct_warmup": 0.24064171603880824, "1cycle_max_lr": 0.07217082392801472, "conv1_channels": 19, "conv2_channels": 17, "conv3_channels": 103, "dense1_units": 44}