{"optimizer": "sgd", "nesterov": true, "epochs": 11, "batch_size": 62, "conv1_weight_decay": 0.005317682746162033, "conv2_weight_decay": 1.7924246133300217e-05, "conv3_weight_decay": 0.0011456127066124518, "dense1_weight_decay": 0.003821594940197492, "dense2_weight_decay": 0.030989908688700597, "1cycle_initial_lr_pct": 0.019349820685896996, "1cycle_final_lr_pct": 0.00027891391752592816, "1cycle_pct_warmup": 0.08855644651608961, "1cycle_max_lr": 0.01467860548717672, "1cycle_momentum_max_damping_factor": 0.17375084557060325, "1cycle_momentum_min_damping_factor_pct": 0.7666522118638415, "conv1_channels": 61, "conv2_channels": 15, "conv3_channels": 164, "dense1_units": 74}