{"accuracy": 0.9840999841690063, "loss": 0.1700044572353363, "training_time": 43.28850984573364}