{"accuracy": 0.9850999712944031, "loss": 0.12000742554664612, "training_time": 11.348356008529663}