{"optimizer": "adam", "epochs": 2, "batch_size": 591, "conv1_weight_decay": 3.9975777495065276e-07, "conv2_weight_decay": 1.2966321189961998e-05, "conv3_weight_decay": 2.449483187106056e-06, "dense1_weight_decay": 1.5210022932225498e-07, "dense2_weight_decay": 0.00047011350175690927, "1cycle_initial_lr_pct": 0.14727990167179314, "1cycle_final_lr_pct": 6.350490697470867e-05, "1cycle_pct_warmup": 0.025687395880620665, "1cycle_max_lr": 1.6793684175354548, "1cycle_beta1_max_damping_factor": 0.020686554085433392, "1cycle_beta1_min_damping_factor_pct": 0.3368021514888024, "beta2_damping_factor": 0.2574075202983211, "conv1_channels": 19, "conv2_channels": 7, "conv3_channels": 101, "dense1_units": 74}