{"optimizer": "sgd", "nesterov": false, "epochs": 37, "batch_size": 34, "conv1_weight_decay": 1.4997778922829655e-07, "conv2_weight_decay": 8.553138417338543e-07, "conv3_weight_decay": 5.842023085237303e-05, "dense1_weight_decay": 0.1528078283855671, "dense2_weight_decay": 0.0021801761167846347, "1cycle_initial_lr_pct": 0.1488835439637955, "1cycle_final_lr_pct": 0.00029090234886298483, "1cycle_pct_warmup": 0.3585205092187971, "1cycle_max_lr": 2.494691958906171, "1cycle_max_momentum": 0.5523320528363809, "1cycle_min_momentum_pct": 0.07430241350084543, "conv1_channels": 12, "conv2_channels": 17, "conv3_channels": 18, "dense1_units": 11}