{"optimizer": "adam", "epochs": 21, "batch_size": 167, "conv1_weight_decay": 3.6608154452259793e-06, "conv2_weight_decay": 0.0015176920395431881, "conv3_weight_decay": 3.962520732369788e-06, "dense1_weight_decay": 1.1072744549569477e-07, "dense2_weight_decay": 2.7654203395274343e-06, "1cycle_initial_lr_pct": 0.0766600318854496, "1cycle_final_lr_pct": 4.3674379890797885e-05, "1cycle_pct_warmup": 0.038223848463967446, "1cycle_max_lr": 0.13673713797056306, "conv1_channels": 12, "conv2_channels": 72, "conv3_channels": 244, "dense1_units": 53}