{"optimizer": "sgd", "nesterov": false, "epochs": 4, "batch_size": 1471, "conv1_weight_decay": 4.105159250609951e-06, "conv2_weight_decay": 0.2819896587711677, "conv3_weight_decay": 3.4626212088932906e-05, "dense1_weight_decay": 0.2059118737092493, "dense2_weight_decay": 5.183219671027073e-05, "1cycle_initial_lr_pct": 0.06819139609762989, "1cycle_final_lr_pct": 0.0001786488680367969, "1cycle_pct_warmup": 0.36492558617800497, "1cycle_max_lr": 0.02585804672310519, "1cycle_momentum_max_damping_factor": 0.2431675273775271, "1cycle_momentum_min_damping_factor_pct": 0.720603922281863, "conv1_channels": 15, "conv2_channels": 43, "conv3_channels": 27, "dense1_units": 85}