{"accuracy": 0.11349999904632568, "loss": 2.3011586666107178, "training_time": 41.910791635513306}