{"accuracy": 0.7831000089645386, "loss": 1.2666844129562378, "training_time": 5.471867322921753}