{"optimizer": "adam", "epochs": 4, "batch_size": 18, "conv1_weight_decay": 5.371532825343232e-07, "conv2_weight_decay": 0.009870265308126519, "conv3_weight_decay": 0.07308445094188774, "dense1_weight_decay": 0.01813742667330702, "dense2_weight_decay": 5.22453327643744e-07, "1cycle_initial_lr_pct": 0.1338709306790596, "1cycle_final_lr_pct": 0.008836077496729506, "1cycle_pct_warmup": 0.012611032936130147, "1cycle_max_lr": 0.016879502155900495, "1cycle_beta1_max_damping_factor": 0.06459416298470372, "1cycle_beta1_min_damping_factor_pct": 0.1985463777031877, "beta2_damping_factor": 0.00012020039491901208, "conv1_channels": 36, "conv2_channels": 9, "conv3_channels": 158, "dense1_units": 15}