{"optimizer": "sgd", "nesterov": true, "epochs": 52, "batch_size": 394, "conv1_weight_decay": 1.60264478822592e-07, "conv2_weight_decay": 0.00028727088943099414, "conv3_weight_decay": 0.00022695623133767796, "dense1_weight_decay": 1.1920182006363739e-06, "dense2_weight_decay": 7.333908677179878e-06, "1cycle_initial_lr_pct": 0.13923987785308276, "1cycle_final_lr_pct": 0.0017439408274767725, "1cycle_pct_warmup": 0.2903938769455999, "1cycle_max_lr": 0.12704582080771656, "1cycle_max_momentum": 0.7725436039885506, "1cycle_min_momentum_pct": 0.36319045070558786, "conv1_channels": 6, "conv2_channels": 71, "conv3_channels": 101, "dense1_units": 23}