{"optimizer": "sgd", "nesterov": false, "epochs": 13, "batch_size": 264, "conv1_weight_decay": 1.0100354545296482e-07, "conv2_weight_decay": 5.199486979965408e-06, "conv3_weight_decay": 1.8647418802136977e-06, "dense1_weight_decay": 1.97654237460863e-06, "dense2_weight_decay": 3.24174079011661e-05, "1cycle_initial_lr_pct": 0.05760329203664006, "1cycle_final_lr_pct": 0.001083837824041086, "1cycle_pct_warmup": 0.1385213643591851, "1cycle_max_lr": 0.030096662320523982, "1cycle_max_momentum": 0.8300999382359907, "1cycle_min_momentum_pct": 0.461046458221972, "conv1_channels": 37, "conv2_channels": 10, "conv3_channels": 42, "dense1_units": 12}