{"optimizer": "adam", "epochs": 10, "batch_size": 29, "conv1_weight_decay": 3.0696494536525705e-07, "conv2_weight_decay": 9.742003602564902e-07, "conv3_weight_decay": 5.7255595942509255e-05, "dense1_weight_decay": 0.02866151174317526, "dense2_weight_decay": 2.878289527474913e-06, "1cycle_initial_lr_pct": 0.058986698787052864, "1cycle_final_lr_pct": 0.00432473965305583, "1cycle_pct_warmup": 0.13280009721621278, "1cycle_max_lr": 0.3946403203508938, "1cycle_beta1_max_damping_factor": 0.00627936290726363, "1cycle_beta1_min_damping_factor_pct": 0.7768422502497071, "beta2_damping_factor": 0.022013354120984426, "conv1_channels": 24, "conv2_channels": 31, "conv3_channels": 133, "dense1_units": 77}