{"accuracy": 0.9804999828338623, "loss": 0.06414830684661865, "training_time": 21.369234561920166}