{"optimizer": "sgd", "nesterov": true, "epochs": 13, "batch_size": 299, "conv1_weight_decay": 5.530840327506843e-05, "conv2_weight_decay": 5.989551886621372e-07, "conv3_weight_decay": 2.8828648925851744e-07, "dense1_weight_decay": 0.013577510764542966, "dense2_weight_decay": 0.06873299114191797, "1cycle_initial_lr_pct": 0.02404204518892846, "1cycle_final_lr_pct": 0.0013210680592570672, "1cycle_pct_warmup": 0.010887182339856798, "1cycle_max_lr": 10.050890820457601, "1cycle_momentum_max_damping_factor": 0.0010623886095040727, "1cycle_momentum_min_damping_factor_pct": 0.4577666214077059, "conv1_channels": 7, "conv2_channels": 19, "conv3_channels": 77, "dense1_units": 32}