{"optimizer": "adam", "epochs": 4, "batch_size": 15, "conv1_weight_decay": 8.952750705882971e-05, "conv2_weight_decay": 5.5851477616148126e-05, "conv3_weight_decay": 2.374475612149608e-05, "dense1_weight_decay": 1.3155405459730568e-06, "dense2_weight_decay": 0.03392902741619614, "1cycle_initial_lr_pct": 0.018136817060594657, "1cycle_final_lr_pct": 0.0039605072299263334, "1cycle_pct_warmup": 0.30980136835947636, "1cycle_max_lr": 11.81275084484275, "conv1_channels": 15, "conv2_channels": 17, "conv3_channels": 41, "dense1_units": 94}