{"accuracy": 0.10320000350475311, "loss": 2.3369462490081787, "training_time": 14.087707042694092}