{"optimizer": "adam", "epochs": 44, "batch_size": 471, "conv1_weight_decay": 0.030064357692180695, "conv2_weight_decay": 0.003266845291004442, "conv3_weight_decay": 0.00906001740171396, "dense1_weight_decay": 0.1734277676282066, "dense2_weight_decay": 0.0046622210005164855, "1cycle_initial_lr_pct": 0.01657310093278937, "1cycle_final_lr_pct": 5.7180096405513894e-05, "1cycle_pct_warmup": 0.2958373985886068, "1cycle_max_lr": 0.017234897769234897, "1cycle_beta1_max_damping_factor": 0.02645522975060491, "1cycle_beta1_min_damping_factor_pct": 0.9653482296064173, "beta2_damping_factor": 0.15094362541042547, "conv1_channels": 17, "conv2_channels": 15, "conv3_channels": 42, "dense1_units": 142}