{"optimizer": "sgd", "nesterov": false, "epochs": 9, "batch_size": 31, "conv1_weight_decay": 0.011906597648778145, "conv2_weight_decay": 0.09552133023051995, "conv3_weight_decay": 0.0037738175624778365, "dense1_weight_decay": 2.5317592362894116e-07, "dense2_weight_decay": 0.0004267101843733133, "1cycle_initial_lr_pct": 0.02233821610361203, "1cycle_final_lr_pct": 0.000314846837255958, "1cycle_pct_warmup": 0.09947660115547477, "1cycle_max_lr": 0.12938917478606915, "1cycle_max_momentum": 0.5746294376098551, "1cycle_min_momentum_pct": 0.6066500898450613, "conv1_channels": 13, "conv2_channels": 7, "conv3_channels": 26, "dense1_units": 7}