{"accuracy": 0.9603000283241272, "loss": 0.5318011045455933, "training_time": 33.40588045120239}