{"optimizer": "sgd", "nesterov": false, "epochs": 6, "batch_size": 2024, "conv1_weight_decay": 0.00106365897356662, "conv2_weight_decay": 1.4419178308327774e-07, "conv3_weight_decay": 0.009129465445904959, "dense1_weight_decay": 4.267976956923163e-06, "dense2_weight_decay": 0.013637042127376495, "1cycle_initial_lr_pct": 0.3466567519262987, "1cycle_final_lr_pct": 0.00012098597714023019, "1cycle_pct_warmup": 0.1544671892615004, "1cycle_max_lr": 0.01010160023032433, "1cycle_momentum_max_damping_factor": 0.0756838881774011, "1cycle_momentum_min_damping_factor_pct": 0.5294450589619174, "conv1_channels": 19, "conv2_channels": 9, "conv3_channels": 23, "dense1_units": 79}