{"optimizer": "adam", "epochs": 17, "batch_size": 142, "conv1_weight_decay": 0.0005436401769507963, "conv2_weight_decay": 8.494682499576317e-05, "conv3_weight_decay": 0.003228225477122158, "dense1_weight_decay": 0.0027568702566255865, "dense2_weight_decay": 0.23422998545136323, "1cycle_initial_lr_pct": 0.26411502687871546, "1cycle_final_lr_pct": 0.00016811209894396884, "1cycle_pct_warmup": 0.17781396380625666, "1cycle_max_lr": 0.10122964926435349, "conv1_channels": 13, "conv2_channels": 18, "conv3_channels": 42, "dense1_units": 11}