{"accuracy": 0.8970999717712402, "loss": 0.5590816736221313, "training_time": 5.605041265487671}