{"accuracy": 0.11349999904632568, "loss": 2.301126003265381, "training_time": 30.955455780029297}