{"optimizer": "adam", "epochs": 2, "batch_size": 133, "conv1_weight_decay": 8.030165834243352e-07, "conv2_weight_decay": 0.01643837380105335, "conv3_weight_decay": 0.24852873272356157, "dense1_weight_decay": 1.946401213246769e-06, "dense2_weight_decay": 4.574722131318314e-05, "1cycle_initial_lr_pct": 0.4904876508327771, "1cycle_final_lr_pct": 0.0001320791241688852, "1cycle_pct_warmup": 0.05060197749175131, "1cycle_max_lr": 4.700490345155909, "conv1_channels": 40, "conv2_channels": 101, "conv3_channels": 65, "dense1_units": 32}