{"optimizer": "sgd", "nesterov": true, "epochs": 21, "batch_size": 1790, "conv1_weight_decay": 7.763725277272258e-07, "conv2_weight_decay": 0.00019820768941091035, "conv3_weight_decay": 0.00040947435993891163, "dense1_weight_decay": 0.027010603466637792, "dense2_weight_decay": 1.8060105713879592e-06, "1cycle_initial_lr_pct": 0.24162876977090653, "1cycle_final_lr_pct": 0.0005214836941343053, "1cycle_pct_warmup": 0.4604738626015732, "1cycle_max_lr": 3.0949545618469214, "1cycle_momentum_max_damping_factor": 0.5604329965287894, "1cycle_momentum_min_damping_factor_pct": 0.3687119506928389, "conv1_channels": 49, "conv2_channels": 12, "conv3_channels": 40, "dense1_units": 110}