{"accuracy": 0.11349999904632568, "loss": 2.3036744594573975, "training_time": 18.923827648162842}