{"optimizer": "sgd", "nesterov": false, "epochs": 21, "batch_size": 2515, "conv1_weight_decay": 0.2015228835930095, "conv2_weight_decay": 2.5936952146499953e-06, "conv3_weight_decay": 5.750252885182343e-07, "dense1_weight_decay": 0.0002158895548507737, "dense2_weight_decay": 3.15155072978746e-07, "1cycle_initial_lr_pct": 0.02071912343861069, "1cycle_final_lr_pct": 0.00010469086828172713, "1cycle_pct_warmup": 0.29257066586986186, "1cycle_max_lr": 0.016823415669651034, "1cycle_max_momentum": 0.376976586318668, "1cycle_min_momentum_pct": 0.11786528304219246, "conv1_channels": 13, "conv2_channels": 12, "conv3_channels": 22, "dense1_units": 33}