{"optimizer": "adam", "epochs": 4, "batch_size": 81, "conv1_weight_decay": 0.2509138339370146, "conv2_weight_decay": 5.063571743662686e-06, "conv3_weight_decay": 1.0736108213167619e-05, "dense1_weight_decay": 7.730832656992372e-05, "dense2_weight_decay": 1.0006909467994826e-05, "1cycle_initial_lr_pct": 0.017768309433572167, "1cycle_final_lr_pct": 0.0004688854797636909, "1cycle_pct_warmup": 0.01246543416180208, "1cycle_max_lr": 0.10010123861477385, "1cycle_beta1_max_damping_factor": 0.056916154955014904, "1cycle_beta1_min_damping_factor_pct": 0.6602891738710054, "beta2_damping_factor": 0.12340693396633062, "conv1_channels": 51, "conv2_channels": 44, "conv3_channels": 18, "dense1_units": 7}