{"accuracy": 0.9560999870300293, "loss": 0.16439752280712128, "training_time": 14.978462219238281}