{"accuracy": 0.5325999855995178, "loss": 1.8595300912857056, "training_time": 21.380083084106445}