{"optimizer": "sgd", "nesterov": true, "epochs": 15, "batch_size": 24, "conv1_weight_decay": 1.5436534399356691e-07, "conv2_weight_decay": 0.0016179933606939726, "conv3_weight_decay": 0.004361529810228201, "dense1_weight_decay": 0.0002187527172073384, "dense2_weight_decay": 1.1855365990113706e-06, "1cycle_initial_lr_pct": 0.04201382833426285, "1cycle_final_lr_pct": 0.00036228082994707757, "1cycle_pct_warmup": 0.08053077608346938, "1cycle_max_lr": 12.901996997579873, "1cycle_max_momentum": 0.22730943969804793, "1cycle_min_momentum_pct": 0.9967620987445116, "conv1_channels": 18, "conv2_channels": 27, "conv3_channels": 206, "dense1_units": 10}