{"optimizer": "adam", "epochs": 9, "batch_size": 374, "conv1_weight_decay": 3.6595213450858127e-07, "conv2_weight_decay": 0.26593855266720307, "conv3_weight_decay": 0.0077205254014975, "dense1_weight_decay": 0.00010233328308192156, "dense2_weight_decay": 9.293906985725499e-05, "1cycle_initial_lr_pct": 0.04446829096088491, "1cycle_final_lr_pct": 5.321697204238676e-05, "1cycle_pct_warmup": 0.2548670971962383, "1cycle_max_lr": 19.95082756117632, "1cycle_beta1_max_damping_factor": 0.00020614147678957043, "1cycle_beta1_min_damping_factor_pct": 0.49859189903193457, "beta2_damping_factor": 0.0008506457396443579, "conv1_channels": 21, "conv2_channels": 40, "conv3_channels": 19, "dense1_units": 42}