{"accuracy": 0.0982000008225441, "loss": 20.0, "training_time": 11.36677360534668}