{"optimizer": "sgd", "nesterov": true, "epochs": 59, "batch_size": 3329, "conv1_weight_decay": 2.6790402986303337e-05, "conv2_weight_decay": 1.4043120929342093e-07, "conv3_weight_decay": 0.005148486878546016, "dense1_weight_decay": 0.001963102000370568, "dense2_weight_decay": 0.010596984004620422, "1cycle_initial_lr_pct": 0.10106519397520389, "1cycle_final_lr_pct": 6.376156731686765e-05, "1cycle_pct_warmup": 0.42361250336240946, "1cycle_max_lr": 5.575451623272395, "1cycle_momentum_max_damping_factor": 0.05818525458336481, "1cycle_momentum_min_damping_factor_pct": 0.2533489189428164, "conv1_channels": 51, "conv2_channels": 21, "conv3_channels": 133, "dense1_units": 22}