{"optimizer": "adam", "epochs": 7, "batch_size": 83, "conv1_weight_decay": 1.4971404313233895e-05, "conv2_weight_decay": 6.901128686448888e-05, "conv3_weight_decay": 0.03920577925036359, "dense1_weight_decay": 9.229749964348216e-06, "dense2_weight_decay": 0.1605920081614664, "1cycle_initial_lr_pct": 0.12062846646645156, "1cycle_final_lr_pct": 0.00028743885002602596, "1cycle_pct_warmup": 0.06812970050610602, "1cycle_max_lr": 5.20484640313666, "conv1_channels": 15, "conv2_channels": 72, "conv3_channels": 79, "dense1_units": 34}