{"accuracy": 0.11349999904632568, "loss": 8.08040714263916, "training_time": 23.879030466079712}