{"optimizer": "sgd", "nesterov": false, "epochs": 22, "batch_size": 1198, "conv1_weight_decay": 0.00016960264289894126, "conv2_weight_decay": 6.160410200527372e-06, "conv3_weight_decay": 1.1317151708712033e-05, "dense1_weight_decay": 8.395325044798712e-07, "dense2_weight_decay": 3.491278621259879e-05, "1cycle_initial_lr_pct": 0.01549428495388348, "1cycle_final_lr_pct": 0.0035755239161892388, "1cycle_pct_warmup": 0.25600298314560627, "1cycle_max_lr": 0.02991254896966123, "1cycle_momentum_max_damping_factor": 0.4853470654192383, "1cycle_momentum_min_damping_factor_pct": 0.23625967016668128, "conv1_channels": 4, "conv2_channels": 36, "conv3_channels": 24, "dense1_units": 9}