{"optimizer": "adam", "epochs": 2, "batch_size": 214, "conv1_weight_decay": 3.022555143339984e-05, "conv2_weight_decay": 1.6718034989520094e-06, "conv3_weight_decay": 6.130313999066799e-07, "dense1_weight_decay": 0.013333984259814418, "dense2_weight_decay": 2.1040319771248543e-06, "1cycle_initial_lr_pct": 0.03015364301427641, "1cycle_final_lr_pct": 0.0009384813618126571, "1cycle_pct_warmup": 0.078531247805804, "1cycle_max_lr": 0.18595301685927637, "conv1_channels": 24, "conv2_channels": 92, "conv3_channels": 119, "dense1_units": 183}