{"accuracy": 0.95660001039505, "loss": 0.19749312102794647, "training_time": 11.187901020050049}