{"accuracy": 0.9599000215530396, "loss": 0.13573019206523895, "training_time": 11.04016375541687}