{"optimizer": "sgd", "nesterov": false, "epochs": 2, "batch_size": 106, "conv1_weight_decay": 0.04582534341184798, "conv2_weight_decay": 1.8528196428384095e-06, "conv3_weight_decay": 1.3097091222575152e-06, "dense1_weight_decay": 0.0007510072685314787, "dense2_weight_decay": 0.048372215756694675, "1cycle_initial_lr_pct": 0.416448968185412, "1cycle_final_lr_pct": 9.13674135365164e-05, "1cycle_pct_warmup": 0.015978903453797103, "1cycle_max_lr": 0.7818899213953848, "1cycle_max_momentum": 0.766704591445718, "1cycle_min_momentum_pct": 0.9537709765136242, "conv1_channels": 9, "conv2_channels": 38, "conv3_channels": 27, "dense1_units": 29}