{"optimizer": "adam", "epochs": 24, "batch_size": 2621, "conv1_weight_decay": 0.013518001570652546, "conv2_weight_decay": 5.262762024520162e-06, "conv3_weight_decay": 0.00010329300820476194, "dense1_weight_decay": 4.545614163320482e-05, "dense2_weight_decay": 0.04323922711216076, "1cycle_initial_lr_pct": 0.2081289778740138, "1cycle_final_lr_pct": 0.00031531578654360497, "1cycle_pct_warmup": 0.31760361289764366, "1cycle_max_lr": 0.6599866358287897, "1cycle_beta1_max_damping_factor": 0.013014924783621273, "1cycle_beta1_min_damping_factor_pct": 0.14082429044271297, "beta2_damping_factor": 0.08851692791578329, "conv1_channels": 43, "conv2_channels": 27, "conv3_channels": 43, "dense1_units": 43}