{"accuracy": 0.11349999904632568, "loss": 2.325416088104248, "training_time": 8.155569553375244}