{"optimizer": "sgd", "nesterov": false, "epochs": 7, "batch_size": 54, "conv1_weight_decay": 1.4863406099932538e-07, "conv2_weight_decay": 0.03912457277301064, "conv3_weight_decay": 0.08650198921591405, "dense1_weight_decay": 8.072919729065052e-07, "dense2_weight_decay": 7.385776820571937e-07, "1cycle_initial_lr_pct": 0.026946832044431372, "1cycle_final_lr_pct": 6.493604785367095e-05, "1cycle_pct_warmup": 0.2093142461393946, "1cycle_max_lr": 4.480539177037974, "1cycle_momentum_max_damping_factor": 0.024570974514260654, "1cycle_momentum_min_damping_factor_pct": 0.616199711737903, "conv1_channels": 17, "conv2_channels": 10, "conv3_channels": 92, "dense1_units": 131}