{"optimizer": "adam", "epochs": 12, "batch_size": 584, "conv1_weight_decay": 3.196477674664414e-07, "conv2_weight_decay": 0.0006642509151519599, "conv3_weight_decay": 0.00035088448109875614, "dense1_weight_decay": 0.01692670456556471, "dense2_weight_decay": 9.061075229413659e-05, "1cycle_initial_lr_pct": 0.014486552936928944, "1cycle_final_lr_pct": 0.00028597479836182, "1cycle_pct_warmup": 0.1227308187726885, "1cycle_max_lr": 3.0232159190891696, "conv1_channels": 6, "conv2_channels": 115, "conv3_channels": 55, "dense1_units": 9}