{"accuracy": 0.10279999673366547, "loss": 2.744370222091675, "training_time": 30.58177614212036}