{"accuracy": 0.11349999904632568, "loss": 2.3016529083251953, "training_time": 21.426312685012817}