{"optimizer": "adam", "epochs": 24, "batch_size": 258, "conv1_weight_decay": 0.00010859907430989145, "conv2_weight_decay": 0.001857933060378912, "conv3_weight_decay": 0.07633820221134786, "dense1_weight_decay": 1.596859897346107e-05, "dense2_weight_decay": 3.4850703645608205e-06, "1cycle_initial_lr_pct": 0.03936299168401546, "1cycle_final_lr_pct": 0.0001759585771994906, "1cycle_pct_warmup": 0.017332949931592807, "1cycle_max_lr": 0.21660828196322476, "1cycle_beta1_max_damping_factor": 0.00017019289980090495, "1cycle_beta1_min_damping_factor_pct": 0.3211887273194678, "beta2_damping_factor": 0.0078721659882807, "conv1_channels": 4, "conv2_channels": 64, "conv3_channels": 44, "dense1_units": 19}