{"optimizer": "sgd", "nesterov": true, "epochs": 2, "batch_size": 17, "conv1_weight_decay": 6.340453564824999e-05, "conv2_weight_decay": 0.12992337546730479, "conv3_weight_decay": 0.0004243662624833531, "dense1_weight_decay": 0.004656278813022464, "dense2_weight_decay": 3.984748795244761e-05, "1cycle_initial_lr_pct": 0.03703965779296418, "1cycle_final_lr_pct": 4.521521964091551e-05, "1cycle_pct_warmup": 0.3295735539775342, "1cycle_max_lr": 0.04594692231352337, "1cycle_max_momentum": 0.8135305541435257, "1cycle_min_momentum_pct": 0.8821775736287236, "conv1_channels": 17, "conv2_channels": 17, "conv3_channels": 62, "dense1_units": 249}