{"accuracy": 0.5769000053405762, "loss": 20.0, "training_time": 26.301640033721924}