{"accuracy": 0.9800999760627747, "loss": 0.18056951463222504, "training_time": 31.262887716293335}