{"optimizer": "sgd", "nesterov": true, "epochs": 40, "batch_size": 701, "conv1_weight_decay": 1.776992921404606e-06, "conv2_weight_decay": 8.730370590861885e-05, "conv3_weight_decay": 2.9399601242354396e-06, "dense1_weight_decay": 7.112329952631972e-06, "dense2_weight_decay": 1.677968707591529e-05, "1cycle_initial_lr_pct": 0.01904344715441585, "1cycle_final_lr_pct": 3.9437474815966806e-05, "1cycle_pct_warmup": 0.204438680261075, "1cycle_max_lr": 0.16497439567543046, "1cycle_momentum_max_damping_factor": 0.013595103720998675, "1cycle_momentum_min_damping_factor_pct": 0.6378575077272827, "conv1_channels": 31, "conv2_channels": 26, "conv3_channels": 38, "dense1_units": 34}