{"optimizer": "adam", "epochs": 9, "batch_size": 38, "conv1_weight_decay": 2.1769118774902115e-06, "conv2_weight_decay": 2.596866661573417e-07, "conv3_weight_decay": 3.395188589483834e-05, "dense1_weight_decay": 0.0014245895908214727, "dense2_weight_decay": 1.4984311235544026e-07, "1cycle_initial_lr_pct": 0.021514804656588712, "1cycle_final_lr_pct": 0.00044446617123331455, "1cycle_pct_warmup": 0.11831613728776573, "1cycle_max_lr": 0.014202315515905128, "conv1_channels": 59, "conv2_channels": 29, "conv3_channels": 88, "dense1_units": 15}