{"accuracy": 0.9919999837875366, "loss": 0.06336145102977753, "training_time": 34.39523267745972}