{"optimizer": "sgd", "nesterov": true, "epochs": 2, "batch_size": 108, "conv1_weight_decay": 0.012330428714776624, "conv2_weight_decay": 0.2135020705826169, "conv3_weight_decay": 3.505751181779458e-06, "dense1_weight_decay": 1.9428089331488863e-07, "dense2_weight_decay": 0.17669063507019428, "1cycle_initial_lr_pct": 0.2867067781358033, "1cycle_final_lr_pct": 0.0005513534626138488, "1cycle_pct_warmup": 0.027115044348392438, "1cycle_max_lr": 0.014221542381071666, "1cycle_momentum_max_damping_factor": 0.00016171143457220974, "1cycle_momentum_min_damping_factor_pct": 0.45399739089406527, "conv1_channels": 6, "conv2_channels": 11, "conv3_channels": 85, "dense1_units": 15}