{"optimizer": "adam", "epochs": 29, "batch_size": 3630, "conv1_weight_decay": 0.03908089740206487, "conv2_weight_decay": 0.0013548000536286035, "conv3_weight_decay": 3.048887272295211e-05, "dense1_weight_decay": 0.20479044676531863, "dense2_weight_decay": 0.00987610117835225, "1cycle_initial_lr_pct": 0.33108854387024095, "1cycle_final_lr_pct": 0.00012155130578527873, "1cycle_pct_warmup": 0.4233455983456224, "1cycle_max_lr": 0.07556009121859264, "conv1_channels": 24, "conv2_channels": 93, "conv3_channels": 24, "dense1_units": 119}