{"accuracy": 0.9631999731063843, "loss": 0.32575759291648865, "training_time": 41.9202196598053}