{"accuracy": 0.7609999775886536, "loss": 3.3008065223693848, "training_time": 7.000852346420288}