{"optimizer": "adam", "epochs": 30, "batch_size": 1895, "conv1_weight_decay": 0.05460042502276222, "conv2_weight_decay": 1.0507902201744567e-06, "conv3_weight_decay": 3.759326511294273e-07, "dense1_weight_decay": 4.254602257674159e-05, "dense2_weight_decay": 1.5393127461692335e-06, "1cycle_initial_lr_pct": 0.0973082183297972, "1cycle_final_lr_pct": 0.005207929830476446, "1cycle_pct_warmup": 0.12335032541304826, "1cycle_max_lr": 0.5076565712900183, "conv1_channels": 15, "conv2_channels": 10, "conv3_channels": 245, "dense1_units": 13}