{"optimizer": "sgd", "nesterov": true, "epochs": 2, "batch_size": 227, "conv1_weight_decay": 0.06979785130294046, "conv2_weight_decay": 2.029343270081021e-05, "conv3_weight_decay": 2.2716331876140285e-05, "dense1_weight_decay": 0.0010036995850789625, "dense2_weight_decay": 7.327891396303073e-05, "1cycle_initial_lr_pct": 0.09087956338092011, "1cycle_final_lr_pct": 0.0008472392674118734, "1cycle_pct_warmup": 0.2068985824072339, "1cycle_max_lr": 0.7555360361170795, "1cycle_momentum_max_damping_factor": 0.001190266580063944, "1cycle_momentum_min_damping_factor_pct": 0.504207292517076, "conv1_channels": 24, "conv2_channels": 43, "conv3_channels": 46, "dense1_units": 232}