{"accuracy": 0.10320000350475311, "loss": 20.0, "training_time": 5.684478759765625}