{"accuracy": 0.11349999904632568, "loss": 2.3030500411987305, "training_time": 21.471599102020264}