{"optimizer": "sgd", "nesterov": true, "epochs": 3, "batch_size": 1293, "conv1_weight_decay": 0.0030777052678157262, "conv2_weight_decay": 1.7138197023415174e-07, "conv3_weight_decay": 1.3280445799628347e-05, "dense1_weight_decay": 0.0014861413991742567, "dense2_weight_decay": 0.0019254694360731693, "1cycle_initial_lr_pct": 0.03397573636622682, "1cycle_final_lr_pct": 0.004591843941990424, "1cycle_pct_warmup": 0.2818819801045619, "1cycle_max_lr": 3.947150355088518, "1cycle_momentum_max_damping_factor": 0.000894003882842203, "1cycle_momentum_min_damping_factor_pct": 0.1106464911065059, "conv1_channels": 4, "conv2_channels": 11, "conv3_channels": 46, "dense1_units": 105}