{"optimizer": "adam", "epochs": 41, "batch_size": 194, "conv1_weight_decay": 0.002511256413389723, "conv2_weight_decay": 0.00012463410131400172, "conv3_weight_decay": 5.29461430902526e-07, "dense1_weight_decay": 4.540322513301843e-06, "dense2_weight_decay": 0.0004734522796037266, "1cycle_initial_lr_pct": 0.0321057182271669, "1cycle_final_lr_pct": 0.0010319069147323532, "1cycle_pct_warmup": 0.08975994604639709, "1cycle_max_lr": 3.517725230845639, "conv1_channels": 10, "conv2_channels": 37, "conv3_channels": 59, "dense1_units": 211}