{"optimizer": "adam", "epochs": 6, "batch_size": 19, "conv1_weight_decay": 0.017220239041917964, "conv2_weight_decay": 0.1712240667214455, "conv3_weight_decay": 2.482060997575602e-07, "dense1_weight_decay": 2.7743115980026403e-05, "dense2_weight_decay": 0.00033518039668621987, "1cycle_initial_lr_pct": 0.04393640966356108, "1cycle_final_lr_pct": 0.0027775369945857516, "1cycle_pct_warmup": 0.012887088429535652, "1cycle_max_lr": 0.028080509132241017, "1cycle_beta1_max_damping_factor": 0.04849428881088589, "1cycle_beta1_min_damping_factor_pct": 0.15199759191814785, "beta2_damping_factor": 0.2627896552594116, "conv1_channels": 9, "conv2_channels": 7, "conv3_channels": 237, "dense1_units": 211}