{"optimizer": "sgd", "nesterov": true, "epochs": 15, "batch_size": 412, "conv1_weight_decay": 0.032725524825833026, "conv2_weight_decay": 0.001975988028480223, "conv3_weight_decay": 5.502584438025439e-06, "dense1_weight_decay": 0.0005000188792248341, "dense2_weight_decay": 0.006208077863896246, "1cycle_initial_lr_pct": 0.04465107191148824, "1cycle_final_lr_pct": 0.00081858577843818, "1cycle_pct_warmup": 0.2618418977968395, "1cycle_max_lr": 0.2049297029105694, "1cycle_max_momentum": 0.3488598686741665, "1cycle_min_momentum_pct": 0.28779746405780315, "conv1_channels": 13, "conv2_channels": 43, "conv3_channels": 18, "dense1_units": 101}