{"accuracy": 0.9815000295639038, "loss": 0.18898160755634308, "training_time": 21.38955545425415}