{"optimizer": "sgd", "nesterov": true, "epochs": 15, "batch_size": 221, "conv1_weight_decay": 0.011500367867060369, "conv2_weight_decay": 2.6217996309475494e-07, "conv3_weight_decay": 0.00021126255431084173, "dense1_weight_decay": 0.008966467269410083, "dense2_weight_decay": 4.819109628147248e-07, "1cycle_initial_lr_pct": 0.03268703559036347, "1cycle_final_lr_pct": 0.00012508561659420515, "1cycle_pct_warmup": 0.18420488202013077, "1cycle_max_lr": 0.0623615599148771, "1cycle_max_momentum": 0.34340834722090513, "1cycle_min_momentum_pct": 0.2647777609527111, "conv1_channels": 55, "conv2_channels": 21, "conv3_channels": 34, "dense1_units": 159}