{"optimizer": "adam", "epochs": 9, "batch_size": 1188, "conv1_weight_decay": 0.02951550134728772, "conv2_weight_decay": 8.928454674060348e-05, "conv3_weight_decay": 0.05019483169837773, "dense1_weight_decay": 1.5965693025264478e-06, "dense2_weight_decay": 5.765326764516567e-06, "1cycle_initial_lr_pct": 0.03478054208955427, "1cycle_final_lr_pct": 0.0005392016583011514, "1cycle_pct_warmup": 0.1768633911740424, "1cycle_max_lr": 0.23843924942812877, "1cycle_beta1_max_damping_factor": 0.0014342301551918892, "1cycle_beta1_min_damping_factor_pct": 0.3667420513528591, "beta2_damping_factor": 0.04187841163319192, "conv1_channels": 6, "conv2_channels": 13, "conv3_channels": 76, "dense1_units": 26}