{"accuracy": 0.8980000019073486, "loss": 6.056868553161621, "training_time": 6.510700464248657}