{"accuracy": 0.9851999878883362, "loss": 0.11776381731033325, "training_time": 41.88353896141052}