{"optimizer": "sgd", "nesterov": false, "epochs": 36, "batch_size": 1113, "conv1_weight_decay": 0.0024591069770711236, "conv2_weight_decay": 9.39545250076818e-05, "conv3_weight_decay": 0.004922622592082461, "dense1_weight_decay": 0.0003437396580270199, "dense2_weight_decay": 0.14663036640852142, "1cycle_initial_lr_pct": 0.48105055835861005, "1cycle_final_lr_pct": 0.006570314784022079, "1cycle_pct_warmup": 0.22424655270814625, "1cycle_max_lr": 0.020093536207264447, "1cycle_momentum_max_damping_factor": 0.0001524392828109511, "1cycle_momentum_min_damping_factor_pct": 0.18064339969488422, "conv1_channels": 22, "conv2_channels": 43, "conv3_channels": 15, "dense1_units": 139}