{"optimizer": "adam", "epochs": 6, "batch_size": 245, "conv1_weight_decay": 0.003563395571153186, "conv2_weight_decay": 2.730598772653224e-07, "conv3_weight_decay": 0.04507862223279853, "dense1_weight_decay": 7.756401262079204e-05, "dense2_weight_decay": 0.007470031779864853, "1cycle_initial_lr_pct": 0.20464653111255762, "1cycle_final_lr_pct": 0.0015381843163196178, "1cycle_pct_warmup": 0.10596573642455041, "1cycle_max_lr": 0.11533233223585172, "conv1_channels": 49, "conv2_channels": 57, "conv3_channels": 15, "dense1_units": 10}