{"accuracy": 0.11349999904632568, "loss": 2.301079034805298, "training_time": 21.42765522003174}