{"accuracy": 0.8352000117301941, "loss": 15.768409729003906, "training_time": 27.623337507247925}