{"optimizer": "sgd", "nesterov": false, "epochs": 2, "batch_size": 126, "conv1_weight_decay": 7.580840839938572e-05, "conv2_weight_decay": 0.060784232807269495, "conv3_weight_decay": 0.0012000834096720485, "dense1_weight_decay": 2.4735633321228074e-06, "dense2_weight_decay": 7.950879534310204e-07, "1cycle_initial_lr_pct": 0.047850372577174546, "1cycle_final_lr_pct": 0.000353601523564342, "1cycle_pct_warmup": 0.18236960116773845, "1cycle_max_lr": 0.5536367226415099, "1cycle_max_momentum": 0.5871159123295918, "1cycle_min_momentum_pct": 0.6417916556820273, "conv1_channels": 10, "conv2_channels": 9, "conv3_channels": 77, "dense1_units": 121}