{"optimizer": "adam", "epochs": 17, "batch_size": 2276, "conv1_weight_decay": 4.8585352280013025e-05, "conv2_weight_decay": 0.005922430425044012, "conv3_weight_decay": 0.028259733477017462, "dense1_weight_decay": 0.019324548694840498, "dense2_weight_decay": 0.00016807070530703335, "1cycle_initial_lr_pct": 0.03959750822409364, "1cycle_final_lr_pct": 5.485644270801574e-05, "1cycle_pct_warmup": 0.17167795082151857, "1cycle_max_lr": 0.7792565144190009, "1cycle_beta1_max_damping_factor": 0.008100812331477275, "1cycle_beta1_min_damping_factor_pct": 0.8980821672871859, "beta2_damping_factor": 0.0005532043838849646, "conv1_channels": 6, "conv2_channels": 95, "conv3_channels": 37, "dense1_units": 41}