{"accuracy": 0.9559000134468079, "loss": 0.20326633751392365, "training_time": 8.892454862594604}