{"accuracy": 0.11349999904632568, "loss": 2.3826515674591064, "training_time": 11.460433721542358}