{"optimizer": "adam", "epochs": 13, "batch_size": 3159, "conv1_weight_decay": 0.0012964366260663697, "conv2_weight_decay": 1.3877642298871134e-05, "conv3_weight_decay": 1.577208717182593e-06, "dense1_weight_decay": 0.11785971518701219, "dense2_weight_decay": 0.1369694005038122, "1cycle_initial_lr_pct": 0.1626570368544166, "1cycle_final_lr_pct": 0.00014058089232337398, "1cycle_pct_warmup": 0.3144495517387986, "1cycle_max_lr": 0.18262826048778227, "conv1_channels": 54, "conv2_channels": 12, "conv3_channels": 31, "dense1_units": 83}