{"optimizer": "sgd", "nesterov": true, "epochs": 7, "batch_size": 97, "conv1_weight_decay": 0.005704494423474271, "conv2_weight_decay": 1.8102228968169426e-06, "conv3_weight_decay": 9.137437537201186e-05, "dense1_weight_decay": 5.663867545553834e-07, "dense2_weight_decay": 0.007378486460201771, "1cycle_initial_lr_pct": 0.18227433118964922, "1cycle_final_lr_pct": 0.00010526338083618748, "1cycle_pct_warmup": 0.011081013037310078, "1cycle_max_lr": 0.031906525548489495, "1cycle_momentum_max_damping_factor": 0.016512567773770855, "1cycle_momentum_min_damping_factor_pct": 0.6778123276073713, "conv1_channels": 10, "conv2_channels": 46, "conv3_channels": 90, "dense1_units": 221}