{"accuracy": 0.11349999904632568, "loss": 2.301698684692383, "training_time": 21.523589372634888}