{"accuracy": 0.9916999936103821, "loss": 0.062158189713954926, "training_time": 19.11181402206421}