{"optimizer": "sgd", "nesterov": false, "epochs": 43, "batch_size": 37, "conv1_weight_decay": 0.001049455220922973, "conv2_weight_decay": 1.7063897816597406e-06, "conv3_weight_decay": 0.19312023603118048, "dense1_weight_decay": 0.0023977091246756496, "dense2_weight_decay": 1.0446242248038429e-06, "1cycle_initial_lr_pct": 0.04573929653049623, "1cycle_final_lr_pct": 0.0043690190998437505, "1cycle_pct_warmup": 0.13316138205118477, "1cycle_max_lr": 0.12116870359901141, "1cycle_max_momentum": 0.026012061812728644, "1cycle_min_momentum_pct": 0.5924625853076577, "conv1_channels": 23, "conv2_channels": 66, "conv3_channels": 46, "dense1_units": 7}