{"optimizer": "adam", "epochs": 3, "batch_size": 710, "conv1_weight_decay": 0.0006598860498882535, "conv2_weight_decay": 5.9556482813570256e-06, "conv3_weight_decay": 0.00031791507928698734, "dense1_weight_decay": 4.738494404411262e-06, "dense2_weight_decay": 0.00010226692404347843, "1cycle_initial_lr_pct": 0.04243946375473976, "1cycle_final_lr_pct": 0.0014950492914825306, "1cycle_pct_warmup": 0.13581553212184516, "1cycle_max_lr": 0.01626098026936167, "1cycle_beta1_max_damping_factor": 0.0005180256370690073, "1cycle_beta1_min_damping_factor_pct": 0.1873815091147994, "beta2_damping_factor": 0.014904359318096182, "conv1_channels": 15, "conv2_channels": 79, "conv3_channels": 198, "dense1_units": 12}