{"accuracy": 0.9810000061988831, "loss": 0.39167872071266174, "training_time": 6.144803762435913}