{"optimizer": "adam", "epochs": 3, "batch_size": 3482, "conv1_weight_decay": 1.7356461258381548e-05, "conv2_weight_decay": 0.017688794873367775, "conv3_weight_decay": 0.0020074647972955586, "dense1_weight_decay": 4.891846522953905e-07, "dense2_weight_decay": 5.9855968806257545e-06, "1cycle_initial_lr_pct": 0.03723951059623788, "1cycle_final_lr_pct": 0.002548858069791875, "1cycle_pct_warmup": 0.1959025588693506, "1cycle_max_lr": 0.5248636862385574, "1cycle_beta1_max_damping_factor": 0.0048648823982550046, "1cycle_beta1_min_damping_factor_pct": 0.25304489763449844, "beta2_damping_factor": 0.00271939522689169, "conv1_channels": 6, "conv2_channels": 29, "conv3_channels": 53, "dense1_units": 7}