{"optimizer": "sgd", "nesterov": false, "epochs": 48, "batch_size": 71, "conv1_weight_decay": 1.1607041367793903e-05, "conv2_weight_decay": 0.00025131070869194744, "conv3_weight_decay": 0.014906164526742696, "dense1_weight_decay": 0.08643788769761938, "dense2_weight_decay": 4.238653510510844e-07, "1cycle_initial_lr_pct": 0.03768199069788747, "1cycle_final_lr_pct": 0.0007311874012414958, "1cycle_pct_warmup": 0.13156110767275095, "1cycle_max_lr": 0.9287523543338456, "1cycle_max_momentum": 0.4196553969182074, "1cycle_min_momentum_pct": 0.16906860377639532, "conv1_channels": 32, "conv2_channels": 100, "conv3_channels": 139, "dense1_units": 118}