{"accuracy": 0.11349999904632568, "loss": 5.011140823364258, "training_time": 4.383843421936035}