{"optimizer": "sgd", "nesterov": true, "epochs": 4, "batch_size": 935, "conv1_weight_decay": 0.00020579289623199524, "conv2_weight_decay": 2.90817216524736e-07, "conv3_weight_decay": 0.23761005557035156, "dense1_weight_decay": 0.011217285166799732, "dense2_weight_decay": 0.000301148095195089, "1cycle_initial_lr_pct": 0.45231452926588606, "1cycle_final_lr_pct": 0.00031756292189254187, "1cycle_pct_warmup": 0.01924532502607352, "1cycle_max_lr": 14.618844234464394, "1cycle_momentum_max_damping_factor": 0.1639696965445535, "1cycle_momentum_min_damping_factor_pct": 0.5907487453072897, "conv1_channels": 23, "conv2_channels": 12, "conv3_channels": 27, "dense1_units": 59}