{"optimizer": "adam", "epochs": 22, "batch_size": 62, "conv1_weight_decay": 0.0003629705088728388, "conv2_weight_decay": 4.0360344508398846e-05, "conv3_weight_decay": 0.0009075535114921485, "dense1_weight_decay": 6.810784123517469e-07, "dense2_weight_decay": 0.006632353888991044, "1cycle_initial_lr_pct": 0.21658649690761594, "1cycle_final_lr_pct": 9.046639180562066e-05, "1cycle_pct_warmup": 0.33793690115213393, "1cycle_max_lr": 16.547105731571172, "conv1_channels": 24, "conv2_channels": 9, "conv3_channels": 117, "dense1_units": 13}