{"optimizer": "sgd", "nesterov": true, "epochs": 6, "batch_size": 76, "conv1_weight_decay": 1.0317413253838955e-05, "conv2_weight_decay": 0.09927297355689524, "conv3_weight_decay": 2.47826198666615e-07, "dense1_weight_decay": 0.032660582370138046, "dense2_weight_decay": 7.063129697302026e-06, "1cycle_initial_lr_pct": 0.24997670127239513, "1cycle_final_lr_pct": 0.0021708255375768653, "1cycle_pct_warmup": 0.07898722440004348, "1cycle_max_lr": 0.01593522013868737, "1cycle_max_momentum": 0.3701835394556634, "1cycle_min_momentum_pct": 0.3534187339246273, "conv1_channels": 13, "conv2_channels": 74, "conv3_channels": 108, "dense1_units": 12}