{"optimizer": "adam", "epochs": 32, "batch_size": 2987, "conv1_weight_decay": 5.385944866295775e-06, "conv2_weight_decay": 0.0035502909141245935, "conv3_weight_decay": 4.307963353145652e-06, "dense1_weight_decay": 2.117490587361697e-06, "dense2_weight_decay": 5.374946339526028e-07, "1cycle_initial_lr_pct": 0.4203243514207914, "1cycle_final_lr_pct": 0.007413541113692207, "1cycle_pct_warmup": 0.2526859615787283, "1cycle_max_lr": 0.15236896814216225, "1cycle_beta1_max_damping_factor": 0.054649005057142146, "1cycle_beta1_min_damping_factor_pct": 0.19710066762593434, "beta2_damping_factor": 0.00020927639993483405, "conv1_channels": 24, "conv2_channels": 74, "conv3_channels": 17, "dense1_units": 34}