{"accuracy": 0.9641000032424927, "loss": 0.2646096646785736, "training_time": 23.20729947090149}