{"accuracy": 0.11349999904632568, "loss": 2.3140852451324463, "training_time": 27.009431838989258}