{"optimizer": "sgd", "nesterov": false, "epochs": 6, "batch_size": 29, "conv1_weight_decay": 1.6751848254221343e-07, "conv2_weight_decay": 0.0004681062779230438, "conv3_weight_decay": 0.0006356506082290417, "dense1_weight_decay": 7.665306168891393e-06, "dense2_weight_decay": 0.05843278229026212, "1cycle_initial_lr_pct": 0.014296922314685557, "1cycle_final_lr_pct": 0.00011084345706590033, "1cycle_pct_warmup": 0.08935039200029268, "1cycle_max_lr": 14.24043159005107, "1cycle_momentum_max_damping_factor": 0.0012990222376853288, "1cycle_momentum_min_damping_factor_pct": 0.17875683115519173, "conv1_channels": 51, "conv2_channels": 101, "conv3_channels": 17, "dense1_units": 48}