{"optimizer": "adam", "epochs": 17, "batch_size": 289, "conv1_weight_decay": 4.6231913331068767e-07, "conv2_weight_decay": 0.043575091297880106, "conv3_weight_decay": 0.04855621268300594, "dense1_weight_decay": 0.0017283496703134743, "dense2_weight_decay": 0.044978837890487476, "1cycle_initial_lr_pct": 0.028294234264649, "1cycle_final_lr_pct": 0.00016406582268532768, "1cycle_pct_warmup": 0.2424476436711848, "1cycle_max_lr": 15.778897143649251, "conv1_channels": 6, "conv2_channels": 11, "conv3_channels": 63, "dense1_units": 34}