{"accuracy": 0.11349999904632568, "loss": 2.3023059368133545, "training_time": 17.896929025650024}