{"optimizer": "adam", "epochs": 10, "batch_size": 37, "conv1_weight_decay": 2.6851621354273265e-05, "conv2_weight_decay": 4.9211348315401114e-06, "conv3_weight_decay": 0.022122665876067194, "dense1_weight_decay": 0.0029799227218657224, "dense2_weight_decay": 0.09005120275151461, "1cycle_initial_lr_pct": 0.4459307225966032, "1cycle_final_lr_pct": 0.0010774735864654218, "1cycle_pct_warmup": 0.010089104217190326, "1cycle_max_lr": 0.011425257602753293, "1cycle_beta1_max_damping_factor": 0.02377230073741486, "1cycle_beta1_min_damping_factor_pct": 0.25197140314804606, "beta2_damping_factor": 0.00028758178354463144, "conv1_channels": 34, "conv2_channels": 26, "conv3_channels": 32, "dense1_units": 105}