{"optimizer": "sgd", "nesterov": true, "epochs": 13, "batch_size": 987, "conv1_weight_decay": 0.0001554196058999159, "conv2_weight_decay": 2.4265108426714584e-06, "conv3_weight_decay": 0.0015361488858880053, "dense1_weight_decay": 1.4853010925639269e-05, "dense2_weight_decay": 0.02574409533997558, "1cycle_initial_lr_pct": 0.21290067613821437, "1cycle_final_lr_pct": 0.006532826947057989, "1cycle_pct_warmup": 0.303009337997064, "1cycle_max_lr": 0.084949519381937, "1cycle_max_momentum": 0.6771236677919514, "1cycle_min_momentum_pct": 0.8714698981493711, "conv1_channels": 13, "conv2_channels": 101, "conv3_channels": 126, "dense1_units": 22}