{"accuracy": 0.9793999791145325, "loss": 0.20991787314414978, "training_time": 21.40454363822937}