{"optimizer": "adam", "epochs": 3, "batch_size": 87, "conv1_weight_decay": 1.5260013481466944e-06, "conv2_weight_decay": 6.980256772760255e-05, "conv3_weight_decay": 0.004552347346181971, "dense1_weight_decay": 0.039925776604647537, "dense2_weight_decay": 0.02957612084439001, "1cycle_initial_lr_pct": 0.37410279815194103, "1cycle_final_lr_pct": 0.000174713573297602, "1cycle_pct_warmup": 0.013138332716777983, "1cycle_max_lr": 0.433449988994672, "1cycle_beta1_max_damping_factor": 0.07034925513190726, "1cycle_beta1_min_damping_factor_pct": 0.5006809030566356, "beta2_damping_factor": 0.0007578267101972889, "conv1_channels": 13, "conv2_channels": 37, "conv3_channels": 30, "dense1_units": 117}