{"optimizer": "sgd", "nesterov": false, "epochs": 43, "batch_size": 2869, "conv1_weight_decay": 1.0767828898971613e-06, "conv2_weight_decay": 3.7129429193306056e-07, "conv3_weight_decay": 0.04243822867754941, "dense1_weight_decay": 3.1929048624452916e-06, "dense2_weight_decay": 0.0714950793032225, "1cycle_initial_lr_pct": 0.29784865184429976, "1cycle_final_lr_pct": 4.4949573837069346e-05, "1cycle_pct_warmup": 0.25941276299767196, "1cycle_max_lr": 0.027187812060700194, "1cycle_max_momentum": 0.9847545262548141, "1cycle_min_momentum_pct": 0.04485319834202528, "conv1_channels": 6, "conv2_channels": 27, "conv3_channels": 85, "dense1_units": 62}