{"accuracy": 0.9434000253677368, "loss": 0.3763085901737213, "training_time": 21.38033676147461}