{"accuracy": 0.11349999904632568, "loss": 2.328953742980957, "training_time": 10.40357518196106}