{"optimizer": "sgd", "nesterov": true, "epochs": 10, "batch_size": 676, "conv1_weight_decay": 0.11831854754284596, "conv2_weight_decay": 0.00020342995581313164, "conv3_weight_decay": 5.622025403538117e-06, "dense1_weight_decay": 9.345481306329049e-07, "dense2_weight_decay": 1.4368734765239092e-06, "1cycle_initial_lr_pct": 0.07397455873949595, "1cycle_final_lr_pct": 0.00017824023248576203, "1cycle_pct_warmup": 0.32684369903989136, "1cycle_max_lr": 0.07152076766470879, "1cycle_max_momentum": 0.009381648667529226, "1cycle_min_momentum_pct": 0.001875367946922779, "conv1_channels": 46, "conv2_channels": 38, "conv3_channels": 34, "dense1_units": 144}