{"optimizer": "adam", "epochs": 41, "batch_size": 49, "conv1_weight_decay": 0.13494817097553816, "conv2_weight_decay": 0.012582151678786334, "conv3_weight_decay": 2.2695501995741865e-07, "dense1_weight_decay": 0.008399177556744039, "dense2_weight_decay": 8.444275140881293e-05, "1cycle_initial_lr_pct": 0.06358232137436247, "1cycle_final_lr_pct": 0.00012271796849460352, "1cycle_pct_warmup": 0.016422333329857864, "1cycle_max_lr": 0.01428548039913977, "1cycle_beta1_max_damping_factor": 0.0009259738331740582, "1cycle_beta1_min_damping_factor_pct": 0.14269200179212158, "beta2_damping_factor": 0.04473547124612328, "conv1_channels": 6, "conv2_channels": 26, "conv3_channels": 55, "dense1_units": 113}