{"accuracy": 0.9466000199317932, "loss": 0.2277420461177826, "training_time": 21.476834535598755}