{"optimizer": "adam", "epochs": 4, "batch_size": 3552, "conv1_weight_decay": 0.005883243732899555, "conv2_weight_decay": 4.112745875085846e-06, "conv3_weight_decay": 0.09749199037537962, "dense1_weight_decay": 0.0384619386954182, "dense2_weight_decay": 0.0013567065451173341, "1cycle_initial_lr_pct": 0.02547160903973758, "1cycle_final_lr_pct": 0.0004175174951649044, "1cycle_pct_warmup": 0.263669693171978, "1cycle_max_lr": 15.29994700912872, "conv1_channels": 7, "conv2_channels": 9, "conv3_channels": 34, "dense1_units": 21}