{"optimizer": "sgd", "nesterov": false, "epochs": 15, "batch_size": 113, "conv1_weight_decay": 0.0016883430988597632, "conv2_weight_decay": 8.897075649544776e-06, "conv3_weight_decay": 0.0010924754687854134, "dense1_weight_decay": 1.9386149185079352e-06, "dense2_weight_decay": 0.0008124105991869874, "1cycle_initial_lr_pct": 0.012828840073707022, "1cycle_final_lr_pct": 3.6165434659419755e-05, "1cycle_pct_warmup": 0.01427925297892277, "1cycle_max_lr": 16.635210989649465, "1cycle_momentum_max_damping_factor": 0.0824840417956359, "1cycle_momentum_min_damping_factor_pct": 0.4151690747179707, "conv1_channels": 37, "conv2_channels": 10, "conv3_channels": 135, "dense1_units": 63}