{"accuracy": 0.11349999904632568, "loss": 2.309230089187622, "training_time": 34.504143714904785}