{"optimizer": "adam", "epochs": 24, "batch_size": 34, "conv1_weight_decay": 1.636956923611225e-06, "conv2_weight_decay": 4.2317564106549537e-07, "conv3_weight_decay": 5.879130330010296e-05, "dense1_weight_decay": 9.529798420966031e-05, "dense2_weight_decay": 0.007791020337340861, "1cycle_initial_lr_pct": 0.037616300129294594, "1cycle_final_lr_pct": 7.88092679415176e-05, "1cycle_pct_warmup": 0.10491036760061848, "1cycle_max_lr": 0.12493764408556036, "1cycle_beta1_max_damping_factor": 0.009024108431064617, "1cycle_beta1_min_damping_factor_pct": 0.8271475626052343, "beta2_damping_factor": 0.4092464700666102, "conv1_channels": 37, "conv2_channels": 9, "conv3_channels": 37, "dense1_units": 61}