{"optimizer": "sgd", "nesterov": false, "epochs": 4, "batch_size": 872, "conv1_weight_decay": 1.14379618414238e-06, "conv2_weight_decay": 4.4964368344097796e-05, "conv3_weight_decay": 2.0510052016931165e-06, "dense1_weight_decay": 0.000265568375568189, "dense2_weight_decay": 0.14848007405101035, "1cycle_initial_lr_pct": 0.035915011263784866, "1cycle_final_lr_pct": 0.00024113572600890535, "1cycle_pct_warmup": 0.20378843069076538, "1cycle_max_lr": 0.010902041758495726, "1cycle_max_momentum": 0.5612394840851426, "1cycle_min_momentum_pct": 0.24928064830601215, "conv1_channels": 10, "conv2_channels": 10, "conv3_channels": 17, "dense1_units": 21}