{"accuracy": 0.3021000027656555, "loss": 2.8746957778930664, "training_time": 6.0536580085754395}