{"optimizer": "sgd", "nesterov": true, "epochs": 10, "batch_size": 1050, "conv1_weight_decay": 4.028482974537743e-06, "conv2_weight_decay": 2.077568673791771e-06, "conv3_weight_decay": 7.28365340949407e-05, "dense1_weight_decay": 2.9971512779085227e-05, "dense2_weight_decay": 5.477956169685794e-07, "1cycle_initial_lr_pct": 0.06096123006011131, "1cycle_final_lr_pct": 6.143040520757923e-05, "1cycle_pct_warmup": 0.4278845589235425, "1cycle_max_lr": 0.6951320935717386, "1cycle_max_momentum": 0.4364689046714455, "1cycle_min_momentum_pct": 0.7367145894095302, "conv1_channels": 15, "conv2_channels": 63, "conv3_channels": 213, "dense1_units": 11}