{"optimizer": "adam", "epochs": 43, "batch_size": 138, "conv1_weight_decay": 3.3449165381233983e-06, "conv2_weight_decay": 4.349594787052418e-06, "conv3_weight_decay": 1.4971053970686453e-06, "dense1_weight_decay": 0.0008798215093006914, "dense2_weight_decay": 5.070115395032159e-06, "1cycle_initial_lr_pct": 0.06274984242392191, "1cycle_final_lr_pct": 0.00020917554518185363, "1cycle_pct_warmup": 0.03024990830743177, "1cycle_max_lr": 0.9456650890643438, "1cycle_beta1_max_damping_factor": 0.0001276685338076882, "1cycle_beta1_min_damping_factor_pct": 0.10495382101821955, "beta2_damping_factor": 0.0009096687902216831, "conv1_channels": 19, "conv2_channels": 71, "conv3_channels": 229, "dense1_units": 171}