{"accuracy": 0.9884999990463257, "loss": 0.048336874693632126, "training_time": 21.38399648666382}