{"optimizer": "adam", "epochs": 2, "batch_size": 847, "conv1_weight_decay": 0.00012394752270877146, "conv2_weight_decay": 0.007603820671342325, "conv3_weight_decay": 0.0036088439379599923, "dense1_weight_decay": 0.13944022546951304, "dense2_weight_decay": 2.663014111527496e-06, "1cycle_initial_lr_pct": 0.017038559602920625, "1cycle_final_lr_pct": 3.878491452205049e-05, "1cycle_pct_warmup": 0.36369677538052203, "1cycle_max_lr": 0.01068425522370087, "conv1_channels": 6, "conv2_channels": 72, "conv3_channels": 188, "dense1_units": 166}