{"optimizer": "sgd", "nesterov": false, "epochs": 17, "batch_size": 38, "conv1_weight_decay": 4.146545513129413e-05, "conv2_weight_decay": 0.00028193720491678277, "conv3_weight_decay": 0.008602357267892439, "dense1_weight_decay": 1.1385425679396276e-07, "dense2_weight_decay": 5.389777007365488e-05, "1cycle_initial_lr_pct": 0.020628964823465507, "1cycle_final_lr_pct": 0.00015072863917109781, "1cycle_pct_warmup": 0.023215005776369063, "1cycle_max_lr": 0.1280765406395815, "1cycle_momentum_max_damping_factor": 0.0009166526358650201, "1cycle_momentum_min_damping_factor_pct": 0.7463895206904619, "conv1_channels": 4, "conv2_channels": 15, "conv3_channels": 206, "dense1_units": 216}