{"accuracy": 0.9613000154495239, "loss": 0.4095298647880554, "training_time": 6.117629528045654}