{"optimizer": "adam", "epochs": 7, "batch_size": 2631, "conv1_weight_decay": 1.5981519704688984e-05, "conv2_weight_decay": 1.3856450481355978e-06, "conv3_weight_decay": 6.919322313762486e-07, "dense1_weight_decay": 1.201823528489301e-07, "dense2_weight_decay": 3.3817519131846355e-05, "1cycle_initial_lr_pct": 0.08481802557253561, "1cycle_final_lr_pct": 0.005207521070799669, "1cycle_pct_warmup": 0.04662551181955396, "1cycle_max_lr": 12.090059305609149, "1cycle_beta1_max_damping_factor": 0.0852160354584834, "1cycle_beta1_min_damping_factor_pct": 0.6076069806693158, "beta2_damping_factor": 0.06995385686157614, "conv1_channels": 11, "conv2_channels": 10, "conv3_channels": 59, "dense1_units": 61}