{"optimizer": "sgd", "nesterov": true, "epochs": 12, "batch_size": 104, "conv1_weight_decay": 1.8554881045170975e-05, "conv2_weight_decay": 8.938172345639159e-06, "conv3_weight_decay": 0.00012858741389458776, "dense1_weight_decay": 0.14137700953493124, "dense2_weight_decay": 1.8748395869154184e-06, "1cycle_initial_lr_pct": 0.08116583032519005, "1cycle_final_lr_pct": 0.0013846976651417614, "1cycle_pct_warmup": 0.46718363121151923, "1cycle_max_lr": 9.839554498536199, "1cycle_max_momentum": 0.47745963189303875, "1cycle_min_momentum_pct": 0.006671718321740627, "conv1_channels": 6, "conv2_channels": 15, "conv3_channels": 30, "dense1_units": 81}