{"accuracy": 0.11349999904632568, "loss": 2.3012635707855225, "training_time": 39.48972201347351}