{"optimizer": "sgd", "nesterov": true, "epochs": 37, "batch_size": 27, "conv1_weight_decay": 0.00011512205703055945, "conv2_weight_decay": 1.1684519239680051e-05, "conv3_weight_decay": 0.21260428594914854, "dense1_weight_decay": 0.0005094955114280478, "dense2_weight_decay": 5.61338128139255e-07, "1cycle_initial_lr_pct": 0.01349893549444254, "1cycle_final_lr_pct": 4.9351019351548415e-05, "1cycle_pct_warmup": 0.21700105193071068, "1cycle_max_lr": 5.573061005404925, "1cycle_max_momentum": 0.9557752824825235, "1cycle_min_momentum_pct": 0.7269740756601095, "conv1_channels": 34, "conv2_channels": 59, "conv3_channels": 234, "dense1_units": 40}