{"optimizer": "adam", "epochs": 2, "batch_size": 454, "conv1_weight_decay": 3.497460251322689e-05, "conv2_weight_decay": 2.3857416386634995e-06, "conv3_weight_decay": 0.0002951716892502458, "dense1_weight_decay": 2.7377763420585766e-05, "dense2_weight_decay": 5.215558867428709e-06, "1cycle_initial_lr_pct": 0.02823891644198894, "1cycle_final_lr_pct": 0.0002506726616081082, "1cycle_pct_warmup": 0.09611521751780554, "1cycle_max_lr": 5.28009260726946, "1cycle_beta1_max_damping_factor": 0.005483882521601528, "1cycle_beta1_min_damping_factor_pct": 0.10210230056568025, "beta2_damping_factor": 0.0015259159304833823, "conv1_channels": 57, "conv2_channels": 10, "conv3_channels": 24, "dense1_units": 101}