{"optimizer": "adam", "epochs": 4, "batch_size": 98, "conv1_weight_decay": 0.010121484717076164, "conv2_weight_decay": 0.002704413710252929, "conv3_weight_decay": 0.2770490271310526, "dense1_weight_decay": 2.185046982052283e-07, "dense2_weight_decay": 2.2525847917486406e-05, "1cycle_initial_lr_pct": 0.12898940076098597, "1cycle_final_lr_pct": 0.008094284302882265, "1cycle_pct_warmup": 0.11966860554181039, "1cycle_max_lr": 0.10685566883189607, "conv1_channels": 32, "conv2_channels": 40, "conv3_channels": 18, "dense1_units": 10}