{"optimizer": "sgd", "nesterov": false, "epochs": 13, "batch_size": 2677, "conv1_weight_decay": 0.01977059427432308, "conv2_weight_decay": 0.1328529826710378, "conv3_weight_decay": 0.0003815227044114044, "dense1_weight_decay": 0.1558818562652856, "dense2_weight_decay": 1.3000084452360196e-07, "1cycle_initial_lr_pct": 0.12870449883150564, "1cycle_final_lr_pct": 0.0007433103792633683, "1cycle_pct_warmup": 0.2006000734768449, "1cycle_max_lr": 0.010727667477101606, "1cycle_momentum_max_damping_factor": 0.002101001308324449, "1cycle_momentum_min_damping_factor_pct": 0.5231405465413236, "conv1_channels": 22, "conv2_channels": 93, "conv3_channels": 78, "dense1_units": 27}