{"accuracy": 0.6507999897003174, "loss": 12.274287223815918, "training_time": 15.033376455307007}