{"accuracy": 0.9470999836921692, "loss": 0.2471378892660141, "training_time": 15.659921646118164}