{"optimizer": "adam", "epochs": 2, "batch_size": 278, "conv1_weight_decay": 2.615875363995019e-06, "conv2_weight_decay": 0.13741232699668826, "conv3_weight_decay": 1.5696996781077644e-05, "dense1_weight_decay": 0.0005084465764378818, "dense2_weight_decay": 3.8103924733292635e-07, "1cycle_initial_lr_pct": 0.4711770584630457, "1cycle_final_lr_pct": 0.007034126403159567, "1cycle_pct_warmup": 0.17349156885952458, "1cycle_max_lr": 0.05103474434544272, "1cycle_beta1_max_damping_factor": 0.00044495963340546245, "1cycle_beta1_min_damping_factor_pct": 0.11330502821486027, "beta2_damping_factor": 0.0028809414196977077, "conv1_channels": 4, "conv2_channels": 62, "conv3_channels": 37, "dense1_units": 34}