{"optimizer": "sgd", "nesterov": false, "epochs": 36, "batch_size": 17, "conv1_weight_decay": 2.8032337937479985e-06, "conv2_weight_decay": 0.00280086524566121, "conv3_weight_decay": 4.4966076194837956e-07, "dense1_weight_decay": 5.094998017107588e-05, "dense2_weight_decay": 4.399229254205784e-06, "1cycle_initial_lr_pct": 0.2195603500512178, "1cycle_final_lr_pct": 0.002083655293760909, "1cycle_pct_warmup": 0.18392904106527566, "1cycle_max_lr": 0.3713671686985859, "1cycle_max_momentum": 0.947745263064187, "1cycle_min_momentum_pct": 0.00436581764370203, "conv1_channels": 30, "conv2_channels": 55, "conv3_channels": 146, "dense1_units": 230}