{"accuracy": 0.9488999843597412, "loss": 0.5679711103439331, "training_time": 5.003843307495117}