{"optimizer": "adam", "epochs": 6, "batch_size": 432, "conv1_weight_decay": 0.0006798172400105122, "conv2_weight_decay": 0.07535538878240121, "conv3_weight_decay": 0.00015109700594200312, "dense1_weight_decay": 2.0681331620330258e-06, "dense2_weight_decay": 0.0005097498946265991, "1cycle_initial_lr_pct": 0.1405069611292125, "1cycle_final_lr_pct": 0.0012494790642718875, "1cycle_pct_warmup": 0.028671691972152632, "1cycle_max_lr": 0.07342233734974608, "1cycle_beta1_max_damping_factor": 0.008227638584892229, "1cycle_beta1_min_damping_factor_pct": 0.274574636726003, "beta2_damping_factor": 0.0006940211261667546, "conv1_channels": 17, "conv2_channels": 15, "conv3_channels": 41, "dense1_units": 245}