{"optimizer": "sgd", "nesterov": true, "epochs": 19, "batch_size": 27, "conv1_weight_decay": 0.0010800394864822346, "conv2_weight_decay": 0.003235312700406085, "conv3_weight_decay": 7.368199619068419e-07, "dense1_weight_decay": 0.040066470431454754, "dense2_weight_decay": 0.0019210707722271969, "1cycle_initial_lr_pct": 0.13628618136021442, "1cycle_final_lr_pct": 0.00350821227163908, "1cycle_pct_warmup": 0.4130652607418597, "1cycle_max_lr": 0.023559807640644814, "1cycle_max_momentum": 0.695057359822467, "1cycle_min_momentum_pct": 0.4824995044618845, "conv1_channels": 10, "conv2_channels": 127, "conv3_channels": 90, "dense1_units": 7}