{"accuracy": 0.9764000177383423, "loss": 0.19931425154209137, "training_time": 7.4376983642578125}