{"optimizer": "adam", "epochs": 3, "batch_size": 345, "conv1_weight_decay": 0.004859339203186443, "conv2_weight_decay": 0.0709196767299272, "conv3_weight_decay": 0.08455102443900075, "dense1_weight_decay": 0.02826800280633182, "dense2_weight_decay": 0.1261555718851271, "1cycle_initial_lr_pct": 0.013259860118340098, "1cycle_final_lr_pct": 0.00016006738793202815, "1cycle_pct_warmup": 0.020101840973194517, "1cycle_max_lr": 0.6048101617000821, "1cycle_beta1_max_damping_factor": 0.055495603248781764, "1cycle_beta1_min_damping_factor_pct": 0.6446565098340634, "beta2_damping_factor": 0.000284060800921448, "conv1_channels": 4, "conv2_channels": 24, "conv3_channels": 18, "dense1_units": 188}