{"optimizer": "sgd", "nesterov": false, "epochs": 46, "batch_size": 21, "conv1_weight_decay": 0.0011971134596639279, "conv2_weight_decay": 0.005590558152231891, "conv3_weight_decay": 0.00036718346091203915, "dense1_weight_decay": 2.0163389162980622e-06, "dense2_weight_decay": 0.008999278595307615, "1cycle_initial_lr_pct": 0.02762613061337195, "1cycle_final_lr_pct": 3.520388061518388e-05, "1cycle_pct_warmup": 0.34032164378091695, "1cycle_max_lr": 0.8186561179497631, "1cycle_max_momentum": 0.4741347395614721, "1cycle_min_momentum_pct": 0.5222285473719239, "conv1_channels": 13, "conv2_channels": 15, "conv3_channels": 126, "dense1_units": 187}