{"accuracy": 0.10279999673366547, "loss": 2.3022842407226562, "training_time": 5.251669406890869}