{"optimizer": "sgd", "nesterov": true, "epochs": 6, "batch_size": 17, "conv1_weight_decay": 0.0068511039119330515, "conv2_weight_decay": 0.019148064793455755, "conv3_weight_decay": 9.993426912461339e-06, "dense1_weight_decay": 1.045829299140761e-07, "dense2_weight_decay": 0.0004962181194263137, "1cycle_initial_lr_pct": 0.16844821113890443, "1cycle_final_lr_pct": 0.00010522453830107466, "1cycle_pct_warmup": 0.3604770536161959, "1cycle_max_lr": 0.01107614680861117, "1cycle_max_momentum": 0.3000731344057247, "1cycle_min_momentum_pct": 0.9551004860550165, "conv1_channels": 32, "conv2_channels": 10, "conv3_channels": 137, "dense1_units": 9}