{"optimizer": "adam", "epochs": 33, "batch_size": 285, "conv1_weight_decay": 0.0015695409286214461, "conv2_weight_decay": 0.0008599026923949021, "conv3_weight_decay": 1.050896161936558e-07, "dense1_weight_decay": 0.19180662653453634, "dense2_weight_decay": 0.002215841834329104, "1cycle_initial_lr_pct": 0.18816522812194697, "1cycle_final_lr_pct": 0.0004656184298056544, "1cycle_pct_warmup": 0.025123990478779404, "1cycle_max_lr": 0.1245632871161028, "1cycle_beta1_max_damping_factor": 0.00479911917696753, "1cycle_beta1_min_damping_factor_pct": 0.7736455666715496, "beta2_damping_factor": 0.0034098369595706537, "conv1_channels": 17, "conv2_channels": 79, "conv3_channels": 56, "dense1_units": 48}