{"accuracy": 0.11349999904632568, "loss": 2.301039934158325, "training_time": 40.586666107177734}