{"optimizer": "adam", "epochs": 7, "batch_size": 258, "conv1_weight_decay": 0.08414945719320799, "conv2_weight_decay": 0.007928390729661457, "conv3_weight_decay": 0.006631306170868396, "dense1_weight_decay": 3.541455498560753e-06, "dense2_weight_decay": 0.00019188274283374402, "1cycle_initial_lr_pct": 0.0140966833205825, "1cycle_final_lr_pct": 0.003194068953101771, "1cycle_pct_warmup": 0.12455651121030663, "1cycle_max_lr": 0.011777938871047656, "1cycle_beta1_max_damping_factor": 0.0018370499653334949, "1cycle_beta1_min_damping_factor_pct": 0.27184031071602366, "beta2_damping_factor": 0.010605142280982248, "conv1_channels": 15, "conv2_channels": 53, "conv3_channels": 59, "dense1_units": 83}