{"optimizer": "sgd", "nesterov": false, "epochs": 13, "batch_size": 17, "conv1_weight_decay": 0.07782878919912702, "conv2_weight_decay": 0.00040609337695412005, "conv3_weight_decay": 0.03211621121612811, "dense1_weight_decay": 0.02089398476372336, "dense2_weight_decay": 0.003613804437511461, "1cycle_initial_lr_pct": 0.028829680854498285, "1cycle_final_lr_pct": 0.0006849981741464934, "1cycle_pct_warmup": 0.15391911474056544, "1cycle_max_lr": 0.08890498881720019, "1cycle_max_momentum": 0.43060506182676184, "1cycle_min_momentum_pct": 0.07923953793942928, "conv1_channels": 57, "conv2_channels": 95, "conv3_channels": 57, "dense1_units": 9}