{"accuracy": 0.9817000031471252, "loss": 0.47050565481185913, "training_time": 11.414294481277466}