{"optimizer": "adam", "epochs": 4, "batch_size": 1966, "conv1_weight_decay": 0.00152966949571231, "conv2_weight_decay": 2.293349243064943e-05, "conv3_weight_decay": 7.450855656306698e-07, "dense1_weight_decay": 6.951670900683111e-07, "dense2_weight_decay": 1.576869865703202e-05, "1cycle_initial_lr_pct": 0.35755969719040326, "1cycle_final_lr_pct": 5.040182740590566e-05, "1cycle_pct_warmup": 0.0396367466173651, "1cycle_max_lr": 0.03744135502606699, "1cycle_beta1_max_damping_factor": 0.008074932779029589, "1cycle_beta1_min_damping_factor_pct": 0.36224522118039815, "beta2_damping_factor": 0.00011192670274672308, "conv1_channels": 6, "conv2_channels": 88, "conv3_channels": 124, "dense1_units": 9}