{"optimizer": "sgd", "nesterov": false, "epochs": 24, "batch_size": 142, "conv1_weight_decay": 0.007092975981825377, "conv2_weight_decay": 1.3040470311417007e-06, "conv3_weight_decay": 0.00011203843305194297, "dense1_weight_decay": 0.014971623136074601, "dense2_weight_decay": 1.5559685169494215e-07, "1cycle_initial_lr_pct": 0.308550597359073, "1cycle_final_lr_pct": 0.0003700881519384586, "1cycle_pct_warmup": 0.38257948888465765, "1cycle_max_lr": 0.22545003420843707, "1cycle_max_momentum": 0.5317917397116311, "1cycle_min_momentum_pct": 0.17194205522537231, "conv1_channels": 10, "conv2_channels": 17, "conv3_channels": 103, "dense1_units": 142}