{"accuracy": 0.9340000152587891, "loss": 0.27358919382095337, "training_time": 5.990666389465332}