{"optimizer": "sgd", "nesterov": false, "epochs": 46, "batch_size": 93, "conv1_weight_decay": 0.025739750371894448, "conv2_weight_decay": 0.00025422099064696907, "conv3_weight_decay": 0.028490733380676796, "dense1_weight_decay": 8.264994979965919e-07, "dense2_weight_decay": 0.002252622260056379, "1cycle_initial_lr_pct": 0.05081045855697386, "1cycle_final_lr_pct": 0.00018888519920321018, "1cycle_pct_warmup": 0.034345523394096376, "1cycle_max_lr": 5.581840061553792, "1cycle_momentum_max_damping_factor": 0.0008069049361605769, "1cycle_momentum_min_damping_factor_pct": 0.7683717686060005, "conv1_channels": 22, "conv2_channels": 42, "conv3_channels": 254, "dense1_units": 27}