{"optimizer": "adam", "epochs": 9, "batch_size": 3370, "conv1_weight_decay": 0.00861172561020209, "conv2_weight_decay": 0.01159697628911038, "conv3_weight_decay": 0.0012379345279085855, "dense1_weight_decay": 0.01307642761367824, "dense2_weight_decay": 0.0005793269845152447, "1cycle_initial_lr_pct": 0.04990605566633452, "1cycle_final_lr_pct": 4.352840344837432e-05, "1cycle_pct_warmup": 0.4013887709658593, "1cycle_max_lr": 5.287069818687654, "conv1_channels": 4, "conv2_channels": 69, "conv3_channels": 43, "dense1_units": 13}