{"accuracy": 0.11349999904632568, "loss": 4.439593315124512, "training_time": 11.188366651535034}