{"optimizer": "adam", "epochs": 4, "batch_size": 30, "conv1_weight_decay": 1.9060436375002177e-06, "conv2_weight_decay": 0.012965480918289434, "conv3_weight_decay": 6.879154890520456e-05, "dense1_weight_decay": 1.2507227683740059e-06, "dense2_weight_decay": 0.00017099193237924516, "1cycle_initial_lr_pct": 0.013924949377782507, "1cycle_final_lr_pct": 6.609186195605024e-05, "1cycle_pct_warmup": 0.047852382921486164, "1cycle_max_lr": 6.223439735530278, "1cycle_beta1_max_damping_factor": 0.42500433555205225, "1cycle_beta1_min_damping_factor_pct": 0.8915430510043478, "beta2_damping_factor": 0.0002983953260033524, "conv1_channels": 10, "conv2_channels": 15, "conv3_channels": 79, "dense1_units": 13}