{"optimizer": "sgd", "nesterov": false, "epochs": 22, "batch_size": 280, "conv1_weight_decay": 2.373771544376078e-06, "conv2_weight_decay": 0.00018577946460909695, "conv3_weight_decay": 1.1589843906310403e-06, "dense1_weight_decay": 0.009350110610542467, "dense2_weight_decay": 7.788249518560833e-07, "1cycle_initial_lr_pct": 0.027028017239257043, "1cycle_final_lr_pct": 0.0003030533509433255, "1cycle_pct_warmup": 0.46263787287287417, "1cycle_max_lr": 7.098502507263709, "1cycle_max_momentum": 0.052205520602222534, "1cycle_min_momentum_pct": 0.6359844151884317, "conv1_channels": 4, "conv2_channels": 7, "conv3_channels": 71, "dense1_units": 74}