{"accuracy": 0.11349999904632568, "loss": 2.3012027740478516, "training_time": 25.448642015457153}