{"accuracy": 0.0957999974489212, "loss": 2.57425594329834, "training_time": 27.700105667114258}