{"optimizer": "sgd", "nesterov": true, "epochs": 9, "batch_size": 245, "conv1_weight_decay": 2.1697981769592548e-06, "conv2_weight_decay": 4.28929198927393e-05, "conv3_weight_decay": 0.003904430091924577, "dense1_weight_decay": 1.7809407477085808e-06, "dense2_weight_decay": 0.06608659466197721, "1cycle_initial_lr_pct": 0.07262936232729986, "1cycle_final_lr_pct": 0.0016008468486934688, "1cycle_pct_warmup": 0.27960110179851144, "1cycle_max_lr": 1.2570406538122236, "1cycle_momentum_max_damping_factor": 0.037226314705952904, "1cycle_momentum_min_damping_factor_pct": 0.4781400470524206, "conv1_channels": 4, "conv2_channels": 34, "conv3_channels": 34, "dense1_units": 17}