{"optimizer": "adam", "epochs": 15, "batch_size": 1813, "conv1_weight_decay": 1.9665942076499748e-06, "conv2_weight_decay": 1.7116016587221288e-07, "conv3_weight_decay": 0.027250384776573877, "dense1_weight_decay": 0.04481504383573227, "dense2_weight_decay": 0.03323125738588601, "1cycle_initial_lr_pct": 0.0641187870724881, "1cycle_final_lr_pct": 0.004534548945831671, "1cycle_pct_warmup": 0.09199457389302551, "1cycle_max_lr": 2.1215916760659748, "conv1_channels": 6, "conv2_channels": 17, "conv3_channels": 32, "dense1_units": 154}