{"accuracy": 0.11349999904632568, "loss": 2.3196260929107666, "training_time": 11.817962884902954}