{"optimizer": "sgd", "nesterov": true, "epochs": 2, "batch_size": 467, "conv1_weight_decay": 2.5022873145910827e-05, "conv2_weight_decay": 5.875814061250883e-05, "conv3_weight_decay": 6.553620129608301e-05, "dense1_weight_decay": 1.088127925442998e-07, "dense2_weight_decay": 0.04637412860133959, "1cycle_initial_lr_pct": 0.027465720135050577, "1cycle_final_lr_pct": 0.0004211932583185582, "1cycle_pct_warmup": 0.06771660475780811, "1cycle_max_lr": 19.42581734950722, "1cycle_momentum_max_damping_factor": 0.6118953749192768, "1cycle_momentum_min_damping_factor_pct": 0.20893856703200392, "conv1_channels": 7, "conv2_channels": 68, "conv3_channels": 110, "dense1_units": 12}