{"optimizer": "adam", "epochs": 27, "batch_size": 27, "conv1_weight_decay": 1.4062243965302215e-05, "conv2_weight_decay": 2.3157448266929783e-07, "conv3_weight_decay": 1.7014085140128794e-06, "dense1_weight_decay": 0.12932860191963969, "dense2_weight_decay": 0.05161876512017943, "1cycle_initial_lr_pct": 0.014103725688104586, "1cycle_final_lr_pct": 0.00010866205548248395, "1cycle_pct_warmup": 0.486945697311312, "1cycle_max_lr": 13.171050917615412, "conv1_channels": 48, "conv2_channels": 52, "conv3_channels": 15, "dense1_units": 95}