{"accuracy": 0.09740000218153, "loss": 2.310967206954956, "training_time": 4.950105428695679}