{"optimizer": "sgd", "nesterov": false, "epochs": 48, "batch_size": 235, "conv1_weight_decay": 2.0003870973339134e-05, "conv2_weight_decay": 0.044285646695490045, "conv3_weight_decay": 4.0290479499837917e-07, "dense1_weight_decay": 1.6811179417390088e-07, "dense2_weight_decay": 0.0003175050105808377, "1cycle_initial_lr_pct": 0.1303782021638291, "1cycle_final_lr_pct": 0.003711479238164997, "1cycle_pct_warmup": 0.09029379057001057, "1cycle_max_lr": 0.11028161813957056, "1cycle_momentum_max_damping_factor": 0.0002012670117107243, "1cycle_momentum_min_damping_factor_pct": 0.40496972026606015, "conv1_channels": 43, "conv2_channels": 54, "conv3_channels": 19, "dense1_units": 57}