{"optimizer": "adam", "epochs": 7, "batch_size": 1775, "conv1_weight_decay": 1.2321111960415785e-05, "conv2_weight_decay": 0.00061454644921449, "conv3_weight_decay": 1.7132363365853697e-05, "dense1_weight_decay": 0.2186479927445561, "dense2_weight_decay": 0.005720681050076111, "1cycle_initial_lr_pct": 0.13177892995171792, "1cycle_final_lr_pct": 0.0009830999829079977, "1cycle_pct_warmup": 0.24281827131286263, "1cycle_max_lr": 0.012141415196189081, "conv1_channels": 44, "conv2_channels": 44, "conv3_channels": 23, "dense1_units": 27}