{"accuracy": 0.9803000092506409, "loss": 0.20278102159500122, "training_time": 11.198809146881104}