{"optimizer": "sgd", "nesterov": true, "epochs": 19, "batch_size": 261, "conv1_weight_decay": 9.271652458010633e-06, "conv2_weight_decay": 0.1467230664550712, "conv3_weight_decay": 2.3902598926129643e-07, "dense1_weight_decay": 2.3508789954312e-06, "dense2_weight_decay": 0.0011737409318264577, "1cycle_initial_lr_pct": 0.03221863603426371, "1cycle_final_lr_pct": 0.00029587398784575175, "1cycle_pct_warmup": 0.22164511815377214, "1cycle_max_lr": 0.09466655367927472, "1cycle_momentum_max_damping_factor": 0.23383322452589317, "1cycle_momentum_min_damping_factor_pct": 0.1659130369459821, "conv1_channels": 31, "conv2_channels": 9, "conv3_channels": 128, "dense1_units": 176}