{"optimizer": "adam", "epochs": 2, "batch_size": 17, "conv1_weight_decay": 4.915276498458075e-06, "conv2_weight_decay": 0.0025931606168652145, "conv3_weight_decay": 5.8423211576007915e-06, "dense1_weight_decay": 0.035682347076603574, "dense2_weight_decay": 0.0008142137471431672, "1cycle_initial_lr_pct": 0.03444333360666571, "1cycle_final_lr_pct": 8.352996555863502e-05, "1cycle_pct_warmup": 0.10951802412047981, "1cycle_max_lr": 0.01936708758148681, "conv1_channels": 22, "conv2_channels": 21, "conv3_channels": 72, "dense1_units": 15}