{"accuracy": 0.9684000015258789, "loss": 0.13166658580303192, "training_time": 24.141390085220337}