{"accuracy": 0.9853000044822693, "loss": 0.12205945700407028, "training_time": 29.140596628189087}