{"optimizer": "sgd", "nesterov": false, "epochs": 13, "batch_size": 2226, "conv1_weight_decay": 7.53267725815512e-05, "conv2_weight_decay": 1.8584971962744738e-07, "conv3_weight_decay": 1.4470486223445127e-06, "dense1_weight_decay": 8.956388286421879e-06, "dense2_weight_decay": 0.0015154647047395315, "1cycle_initial_lr_pct": 0.026059488996111744, "1cycle_final_lr_pct": 0.008717339895201575, "1cycle_pct_warmup": 0.10926552074518965, "1cycle_max_lr": 0.024340322748957165, "1cycle_momentum_max_damping_factor": 0.0006568713414749701, "1cycle_momentum_min_damping_factor_pct": 0.6802329237310579, "conv1_channels": 13, "conv2_channels": 27, "conv3_channels": 65, "dense1_units": 26}