{"optimizer": "adam", "epochs": 3, "batch_size": 115, "conv1_weight_decay": 5.3203100324778655e-05, "conv2_weight_decay": 0.00011971321367793607, "conv3_weight_decay": 8.476976881813547e-05, "dense1_weight_decay": 0.0013567682056014416, "dense2_weight_decay": 0.0011031735776570986, "1cycle_initial_lr_pct": 0.0156432486231219, "1cycle_final_lr_pct": 0.0017684048039590292, "1cycle_pct_warmup": 0.19441987377591433, "1cycle_max_lr": 0.14539822550334522, "conv1_channels": 24, "conv2_channels": 7, "conv3_channels": 111, "dense1_units": 44}