{"accuracy": 0.6585000157356262, "loss": 8.207137107849121, "training_time": 8.83339786529541}