{"accuracy": 0.9634000062942505, "loss": 0.1832079440355301, "training_time": 9.29902696609497}