{"optimizer": "sgd", "nesterov": false, "epochs": 21, "batch_size": 2306, "conv1_weight_decay": 1.0836537868164512e-05, "conv2_weight_decay": 0.0725731268526845, "conv3_weight_decay": 1.738602392195425e-06, "dense1_weight_decay": 0.0031510100737927784, "dense2_weight_decay": 0.0565019651990985, "1cycle_initial_lr_pct": 0.048554389074501665, "1cycle_final_lr_pct": 0.00012992305273368813, "1cycle_pct_warmup": 0.03566636194246036, "1cycle_max_lr": 2.8664279586418955, "1cycle_momentum_max_damping_factor": 0.03445850778484888, "1cycle_momentum_min_damping_factor_pct": 0.18515293688641374, "conv1_channels": 17, "conv2_channels": 13, "conv3_channels": 158, "dense1_units": 156}