{"optimizer": "adam", "epochs": 2, "batch_size": 122, "conv1_weight_decay": 2.360424382089031e-05, "conv2_weight_decay": 0.005477235133281502, "conv3_weight_decay": 5.259180350625309e-05, "dense1_weight_decay": 1.342391490452746e-05, "dense2_weight_decay": 0.04583452659008825, "1cycle_initial_lr_pct": 0.03962850983188562, "1cycle_final_lr_pct": 0.00018707289955489882, "1cycle_pct_warmup": 0.4062571769673377, "1cycle_max_lr": 1.2330076514500818, "conv1_channels": 13, "conv2_channels": 10, "conv3_channels": 48, "dense1_units": 7}