{"accuracy": 0.10090000182390213, "loss": 2.3091089725494385, "training_time": 6.879286766052246}