{"accuracy": 0.0982000008225441, "loss": 6.658820152282715, "training_time": 12.207377672195435}