{"optimizer": "adam", "epochs": 2, "batch_size": 329, "conv1_weight_decay": 0.0007383250245552917, "conv2_weight_decay": 1.8164581764103383e-07, "conv3_weight_decay": 0.1735369824098373, "dense1_weight_decay": 1.2678467378448262e-06, "dense2_weight_decay": 0.004343188078053724, "1cycle_initial_lr_pct": 0.05657851183011042, "1cycle_final_lr_pct": 0.00061321281054098, "1cycle_pct_warmup": 0.3209576025409479, "1cycle_max_lr": 0.034085011902968136, "1cycle_beta1_max_damping_factor": 0.0007030873183099345, "1cycle_beta1_min_damping_factor_pct": 0.7490639404539374, "beta2_damping_factor": 0.01894551296875378, "conv1_channels": 52, "conv2_channels": 13, "conv3_channels": 32, "dense1_units": 33}