{"optimizer": "sgd", "nesterov": false, "epochs": 30, "batch_size": 19, "conv1_weight_decay": 0.0006750933344932579, "conv2_weight_decay": 0.00011696588428587132, "conv3_weight_decay": 0.0005827738529705629, "dense1_weight_decay": 0.009507933458283078, "dense2_weight_decay": 0.0002159173123758371, "1cycle_initial_lr_pct": 0.05638383242105233, "1cycle_final_lr_pct": 0.009384091596833838, "1cycle_pct_warmup": 0.017269178312271833, "1cycle_max_lr": 0.24966339620452419, "1cycle_max_momentum": 0.6278583309452981, "1cycle_min_momentum_pct": 0.3182410467416048, "conv1_channels": 26, "conv2_channels": 13, "conv3_channels": 51, "dense1_units": 36}