{"accuracy": 0.95169997215271, "loss": 0.8713571429252625, "training_time": 5.495630264282227}