{"optimizer": "sgd", "nesterov": false, "epochs": 2, "batch_size": 1837, "conv1_weight_decay": 0.0007509669836020166, "conv2_weight_decay": 1.1496094852505781e-06, "conv3_weight_decay": 7.736616838782787e-06, "dense1_weight_decay": 0.02662687409906303, "dense2_weight_decay": 0.1540636913043188, "1cycle_initial_lr_pct": 0.01548637117900817, "1cycle_final_lr_pct": 0.00042346454665432383, "1cycle_pct_warmup": 0.16713266784325242, "1cycle_max_lr": 10.957191549035693, "1cycle_max_momentum": 0.17541620875177905, "1cycle_min_momentum_pct": 0.7734734937548637, "conv1_channels": 11, "conv2_channels": 113, "conv3_channels": 124, "dense1_units": 170}