{"optimizer": "adam", "epochs": 21, "batch_size": 254, "conv1_weight_decay": 0.0005316571480667461, "conv2_weight_decay": 1.9005620041529532e-05, "conv3_weight_decay": 1.3472718556679328e-07, "dense1_weight_decay": 3.003418109808362e-06, "dense2_weight_decay": 0.010883484268347494, "1cycle_initial_lr_pct": 0.026441325936598384, "1cycle_final_lr_pct": 3.4077667622032506e-05, "1cycle_pct_warmup": 0.16193897524317688, "1cycle_max_lr": 11.367414093397135, "1cycle_beta1_max_damping_factor": 0.033795372722988604, "1cycle_beta1_min_damping_factor_pct": 0.2964252258099914, "beta2_damping_factor": 0.000265905985138521, "conv1_channels": 4, "conv2_channels": 13, "conv3_channels": 223, "dense1_units": 37}