{"optimizer": "sgd", "nesterov": false, "epochs": 3, "batch_size": 1590, "conv1_weight_decay": 0.10460645018057192, "conv2_weight_decay": 0.016135128758920664, "conv3_weight_decay": 0.0003489366312516901, "dense1_weight_decay": 1.5709293420252683e-05, "dense2_weight_decay": 0.24459594735710888, "1cycle_initial_lr_pct": 0.08625380283459383, "1cycle_final_lr_pct": 0.0004794525107851827, "1cycle_pct_warmup": 0.42150691778797944, "1cycle_max_lr": 0.03758902572136526, "1cycle_momentum_max_damping_factor": 0.0007753163131349533, "1cycle_momentum_min_damping_factor_pct": 0.592093877737414, "conv1_channels": 61, "conv2_channels": 37, "conv3_channels": 21, "dense1_units": 34}