{"optimizer": "adam", "epochs": 42, "batch_size": 161, "conv1_weight_decay": 0.09452192846474297, "conv2_weight_decay": 0.00022064968318947218, "conv3_weight_decay": 0.28723299855011114, "dense1_weight_decay": 0.004799498550370505, "dense2_weight_decay": 0.014654769305818714, "1cycle_initial_lr_pct": 0.08225471819213331, "1cycle_final_lr_pct": 0.00010175155698940135, "1cycle_pct_warmup": 0.06993495274335146, "1cycle_max_lr": 0.22084215710267618, "conv1_channels": 6, "conv2_channels": 43, "conv3_channels": 32, "dense1_units": 43}