{"accuracy": 0.39820000529289246, "loss": 4.041940689086914, "training_time": 6.992556810379028}