{"optimizer": "sgd", "nesterov": false, "epochs": 4, "batch_size": 88, "conv1_weight_decay": 3.304340727357447e-07, "conv2_weight_decay": 1.2531784838116296e-06, "conv3_weight_decay": 2.4486103388700456e-05, "dense1_weight_decay": 0.0058030113801995934, "dense2_weight_decay": 5.282038659616372e-06, "1cycle_initial_lr_pct": 0.34348024510841974, "1cycle_final_lr_pct": 0.0002897743233848702, "1cycle_pct_warmup": 0.44846081962983947, "1cycle_max_lr": 0.11695450824808741, "1cycle_momentum_max_damping_factor": 0.9846893698787301, "1cycle_momentum_min_damping_factor_pct": 0.38276475525509573, "conv1_channels": 38, "conv2_channels": 22, "conv3_channels": 97, "dense1_units": 32}