{"optimizer": "adam", "epochs": 57, "batch_size": 2783, "conv1_weight_decay": 1.3236210846279146e-07, "conv2_weight_decay": 7.169092952880465e-06, "conv3_weight_decay": 3.372329574539494e-07, "dense1_weight_decay": 1.731591487897443e-05, "dense2_weight_decay": 4.878532848507145e-07, "1cycle_initial_lr_pct": 0.2548283230729875, "1cycle_final_lr_pct": 8.496280236299673e-05, "1cycle_pct_warmup": 0.054546541068702936, "1cycle_max_lr": 0.011503245187850543, "conv1_channels": 4, "conv2_channels": 24, "conv3_channels": 52, "dense1_units": 26}