{"accuracy": 0.9889000058174133, "loss": 0.058101460337638855, "training_time": 13.47849416732788}