{"accuracy": 0.9883999824523926, "loss": 0.048449210822582245, "training_time": 21.42426586151123}