{"optimizer": "adam", "epochs": 53, "batch_size": 1138, "conv1_weight_decay": 0.00404142976063248, "conv2_weight_decay": 0.008846525451307414, "conv3_weight_decay": 5.212781620877055e-06, "dense1_weight_decay": 3.6103039104145876e-07, "dense2_weight_decay": 1.1527011910043006e-06, "1cycle_initial_lr_pct": 0.12479757562978219, "1cycle_final_lr_pct": 3.536837723974964e-05, "1cycle_pct_warmup": 0.3795673588854015, "1cycle_max_lr": 0.9332308115318372, "1cycle_beta1_max_damping_factor": 0.3393976076533906, "1cycle_beta1_min_damping_factor_pct": 0.11234812132916441, "beta2_damping_factor": 0.10713249970648636, "conv1_channels": 44, "conv2_channels": 7, "conv3_channels": 149, "dense1_units": 214}