{"optimizer": "sgd", "nesterov": false, "epochs": 6, "batch_size": 226, "conv1_weight_decay": 0.0019452068189706833, "conv2_weight_decay": 0.00034959911722074556, "conv3_weight_decay": 2.2537014111581727e-07, "dense1_weight_decay": 0.06768637747451953, "dense2_weight_decay": 0.00014375550734242723, "1cycle_initial_lr_pct": 0.10059124128510323, "1cycle_final_lr_pct": 0.0004061982897228168, "1cycle_pct_warmup": 0.026205057483166455, "1cycle_max_lr": 0.7035768326818527, "1cycle_max_momentum": 0.6751925391169264, "1cycle_min_momentum_pct": 0.46791074704378843, "conv1_channels": 4, "conv2_channels": 55, "conv3_channels": 24, "dense1_units": 27}