{"accuracy": 0.11349999904632568, "loss": 2.305521011352539, "training_time": 10.029743671417236}