{"optimizer": "sgd", "nesterov": false, "epochs": 15, "batch_size": 72, "conv1_weight_decay": 0.004037208265514913, "conv2_weight_decay": 3.78410605144713e-05, "conv3_weight_decay": 3.234576562812349e-07, "dense1_weight_decay": 0.0015228610403165658, "dense2_weight_decay": 0.0022623868537136166, "1cycle_initial_lr_pct": 0.37508697429720445, "1cycle_final_lr_pct": 0.0001811537517590916, "1cycle_pct_warmup": 0.2572959185857326, "1cycle_max_lr": 0.10985263634795588, "1cycle_max_momentum": 0.18042338662678375, "1cycle_min_momentum_pct": 0.9173581032082438, "conv1_channels": 9, "conv2_channels": 53, "conv3_channels": 90, "dense1_units": 90}