{"optimizer": "adam", "epochs": 9, "batch_size": 3653, "conv1_weight_decay": 0.002176873968926183, "conv2_weight_decay": 2.743884496865947e-07, "conv3_weight_decay": 2.468625699341801e-05, "dense1_weight_decay": 6.997034884117907e-06, "dense2_weight_decay": 0.0006767398407017909, "1cycle_initial_lr_pct": 0.2677411024972756, "1cycle_final_lr_pct": 0.00012288265192331356, "1cycle_pct_warmup": 0.013233112500263235, "1cycle_max_lr": 0.018872792042308885, "1cycle_beta1_max_damping_factor": 0.009251193826097065, "1cycle_beta1_min_damping_factor_pct": 0.12097641064827458, "beta2_damping_factor": 0.00013304535284959542, "conv1_channels": 7, "conv2_channels": 11, "conv3_channels": 19, "dense1_units": 18}