{"accuracy": 0.9627000093460083, "loss": 0.14573808014392853, "training_time": 5.83555793762207}