{"optimizer": "sgd", "nesterov": false, "epochs": 38, "batch_size": 399, "conv1_weight_decay": 3.386778414239909e-05, "conv2_weight_decay": 0.24906929650265605, "conv3_weight_decay": 0.0007462012426622881, "dense1_weight_decay": 0.02145938671478789, "dense2_weight_decay": 0.008834845232133995, "1cycle_initial_lr_pct": 0.3257638856230464, "1cycle_final_lr_pct": 0.0006483318539742587, "1cycle_pct_warmup": 0.12187178017115344, "1cycle_max_lr": 0.48499340285772075, "1cycle_momentum_max_damping_factor": 0.0019985759381915863, "1cycle_momentum_min_damping_factor_pct": 0.34668553156213355, "conv1_channels": 4, "conv2_channels": 15, "conv3_channels": 68, "dense1_units": 211}