{"optimizer": "adam", "epochs": 6, "batch_size": 24, "conv1_weight_decay": 0.00014227022829249437, "conv2_weight_decay": 0.0017742129787865705, "conv3_weight_decay": 0.09086939613009906, "dense1_weight_decay": 2.2630151970557434e-06, "dense2_weight_decay": 0.11862832109329229, "1cycle_initial_lr_pct": 0.26745602844371014, "1cycle_final_lr_pct": 0.009087794926565057, "1cycle_pct_warmup": 0.15924476278945804, "1cycle_max_lr": 1.1147188683828726, "conv1_channels": 17, "conv2_channels": 42, "conv3_channels": 101, "dense1_units": 156}