{"optimizer": "sgd", "nesterov": false, "epochs": 4, "batch_size": 147, "conv1_weight_decay": 7.250849751258903e-06, "conv2_weight_decay": 4.644191286263995e-06, "conv3_weight_decay": 9.848245252437094e-05, "dense1_weight_decay": 4.08256177984116e-06, "dense2_weight_decay": 0.16084997439065196, "1cycle_initial_lr_pct": 0.2715431470268218, "1cycle_final_lr_pct": 0.0026062702476704848, "1cycle_pct_warmup": 0.023565132995594713, "1cycle_max_lr": 8.816249688468176, "1cycle_momentum_max_damping_factor": 0.0007158852884151139, "1cycle_momentum_min_damping_factor_pct": 0.8828804961970219, "conv1_channels": 6, "conv2_channels": 24, "conv3_channels": 46, "dense1_units": 34}