{"optimizer": "adam", "epochs": 23, "batch_size": 1175, "conv1_weight_decay": 5.444135384590636e-06, "conv2_weight_decay": 2.2772518370145998e-06, "conv3_weight_decay": 1.3956584162332775e-06, "dense1_weight_decay": 0.018750345688073145, "dense2_weight_decay": 0.011046071828870659, "1cycle_initial_lr_pct": 0.3816665515121121, "1cycle_final_lr_pct": 0.0007513032987232745, "1cycle_pct_warmup": 0.3534734835661948, "1cycle_max_lr": 8.000666632344727, "conv1_channels": 21, "conv2_channels": 19, "conv3_channels": 98, "dense1_units": 137}