{"optimizer": "sgd", "nesterov": false, "epochs": 26, "batch_size": 2564, "conv1_weight_decay": 5.992714177565944e-07, "conv2_weight_decay": 0.023654682864298664, "conv3_weight_decay": 0.010432215301136236, "dense1_weight_decay": 0.014703968971669975, "dense2_weight_decay": 0.0017192952079119373, "1cycle_initial_lr_pct": 0.08321843044448766, "1cycle_final_lr_pct": 0.007359665023738018, "1cycle_pct_warmup": 0.09626392814330756, "1cycle_max_lr": 6.411730559696242, "1cycle_max_momentum": 0.14750934179965408, "1cycle_min_momentum_pct": 0.8738329485058784, "conv1_channels": 46, "conv2_channels": 23, "conv3_channels": 34, "dense1_units": 12}