{"optimizer": "adam", "epochs": 2, "batch_size": 76, "conv1_weight_decay": 2.413313206513819e-07, "conv2_weight_decay": 0.0009602658726576782, "conv3_weight_decay": 0.001475552238392936, "dense1_weight_decay": 7.062099292052703e-07, "dense2_weight_decay": 0.0010145380903337537, "1cycle_initial_lr_pct": 0.08751752214345328, "1cycle_final_lr_pct": 0.000797692451366387, "1cycle_pct_warmup": 0.2999605364731979, "1cycle_max_lr": 7.198783390128543, "1cycle_beta1_max_damping_factor": 0.000913613177189606, "1cycle_beta1_min_damping_factor_pct": 0.4362576121850421, "beta2_damping_factor": 0.05587535385680579, "conv1_channels": 18, "conv2_channels": 70, "conv3_channels": 49, "dense1_units": 19}