{"accuracy": 0.09740000218153, "loss": 20.0, "training_time": 9.238260507583618}