{"accuracy": 0.11349999904632568, "loss": 2.3386480808258057, "training_time": 41.8647255897522}