{"optimizer": "adam", "epochs": 11, "batch_size": 435, "conv1_weight_decay": 1.8616153585601838e-07, "conv2_weight_decay": 0.0001870152495763785, "conv3_weight_decay": 1.2758950717572737e-06, "dense1_weight_decay": 1.8728886738630133e-05, "dense2_weight_decay": 1.6095044617726224e-06, "1cycle_initial_lr_pct": 0.3159386291174971, "1cycle_final_lr_pct": 7.56692651705967e-05, "1cycle_pct_warmup": 0.19422565288498367, "1cycle_max_lr": 0.02679714508022871, "1cycle_beta1_max_damping_factor": 0.15115348471740994, "1cycle_beta1_min_damping_factor_pct": 0.41733679877045166, "beta2_damping_factor": 0.0005866725171083622, "conv1_channels": 4, "conv2_channels": 13, "conv3_channels": 55, "dense1_units": 10}