{"optimizer": "sgd", "nesterov": false, "epochs": 3, "batch_size": 27, "conv1_weight_decay": 4.415251485231462e-07, "conv2_weight_decay": 0.015588875086500848, "conv3_weight_decay": 8.888984867735399e-05, "dense1_weight_decay": 0.004340205606484232, "dense2_weight_decay": 0.00013472331433043332, "1cycle_initial_lr_pct": 0.27830611600315386, "1cycle_final_lr_pct": 0.0002531309788346133, "1cycle_pct_warmup": 0.13119900826364755, "1cycle_max_lr": 0.20704455387178092, "1cycle_max_momentum": 0.060632351785618814, "1cycle_min_momentum_pct": 0.555091799236834, "conv1_channels": 4, "conv2_channels": 19, "conv3_channels": 81, "dense1_units": 225}