{"accuracy": 0.9891999959945679, "loss": 0.04357066750526428, "training_time": 9.48017930984497}