{"accuracy": 0.9896000027656555, "loss": 0.0941363200545311, "training_time": 29.227208614349365}