{"optimizer": "sgd", "nesterov": false, "epochs": 6, "batch_size": 349, "conv1_weight_decay": 7.036500204209807e-05, "conv2_weight_decay": 3.0212989832198182e-05, "conv3_weight_decay": 0.1961841338189296, "dense1_weight_decay": 0.06585077886462927, "dense2_weight_decay": 0.005822778522626916, "1cycle_initial_lr_pct": 0.10748859791497774, "1cycle_final_lr_pct": 0.0009232595323000827, "1cycle_pct_warmup": 0.013672327603066628, "1cycle_max_lr": 0.04976093928352582, "1cycle_momentum_max_damping_factor": 0.007229630968126612, "1cycle_momentum_min_damping_factor_pct": 0.7747357103028893, "conv1_channels": 41, "conv2_channels": 104, "conv3_channels": 228, "dense1_units": 9}