{"optimizer": "adam", "epochs": 11, "batch_size": 21, "conv1_weight_decay": 4.988670715681795e-05, "conv2_weight_decay": 1.5898187046369873e-07, "conv3_weight_decay": 0.0009964527115121308, "dense1_weight_decay": 6.243777738552824e-07, "dense2_weight_decay": 0.0003342354740399278, "1cycle_initial_lr_pct": 0.1160498543896126, "1cycle_final_lr_pct": 0.005796743027723762, "1cycle_pct_warmup": 0.268706694226712, "1cycle_max_lr": 0.36802079798162524, "conv1_channels": 37, "conv2_channels": 26, "conv3_channels": 22, "dense1_units": 24}