{"optimizer": "sgd", "nesterov": false, "epochs": 19, "batch_size": 37, "conv1_weight_decay": 0.05041154985519793, "conv2_weight_decay": 0.011039030177200433, "conv3_weight_decay": 0.0038034527124958823, "dense1_weight_decay": 0.005586417181845436, "dense2_weight_decay": 6.32425432306057e-07, "1cycle_initial_lr_pct": 0.014742327916550535, "1cycle_final_lr_pct": 0.0011873106528748573, "1cycle_pct_warmup": 0.02654577789828181, "1cycle_max_lr": 0.29340795595147623, "1cycle_max_momentum": 0.7818032234187238, "1cycle_min_momentum_pct": 0.8226712243631482, "conv1_channels": 59, "conv2_channels": 9, "conv3_channels": 59, "dense1_units": 34}