{"optimizer": "adam", "epochs": 4, "batch_size": 557, "conv1_weight_decay": 0.059466710781080054, "conv2_weight_decay": 0.00038538261619484757, "conv3_weight_decay": 0.00829186989417365, "dense1_weight_decay": 1.381452063589382e-05, "dense2_weight_decay": 4.279966871548424e-06, "1cycle_initial_lr_pct": 0.026556000314225774, "1cycle_final_lr_pct": 0.005452158801941113, "1cycle_pct_warmup": 0.37559949916035484, "1cycle_max_lr": 0.060386021209337185, "1cycle_beta1_max_damping_factor": 0.0021755757116180136, "1cycle_beta1_min_damping_factor_pct": 0.9067573118603257, "beta2_damping_factor": 0.009180545095244836, "conv1_channels": 54, "conv2_channels": 18, "conv3_channels": 156, "dense1_units": 177}