{"accuracy": 0.9768000245094299, "loss": 1.0862948894500732, "training_time": 7.7110936641693115}