{"optimizer": "sgd", "nesterov": true, "epochs": 4, "batch_size": 1345, "conv1_weight_decay": 0.0017208588192695862, "conv2_weight_decay": 6.626858847789995e-07, "conv3_weight_decay": 0.05883056501493324, "dense1_weight_decay": 2.7003625003684288e-06, "dense2_weight_decay": 0.0009975743053229754, "1cycle_initial_lr_pct": 0.118548937114442, "1cycle_final_lr_pct": 0.0011936649750042092, "1cycle_pct_warmup": 0.09445239929482341, "1cycle_max_lr": 0.19033124816777358, "1cycle_max_momentum": 0.8924724309878423, "1cycle_min_momentum_pct": 0.21959737967699766, "conv1_channels": 7, "conv2_channels": 13, "conv3_channels": 87, "dense1_units": 9}