{"optimizer": "adam", "epochs": 26, "batch_size": 158, "conv1_weight_decay": 0.006057280690591759, "conv2_weight_decay": 1.447911275256227e-05, "conv3_weight_decay": 0.0005231307120173058, "dense1_weight_decay": 0.04368330041997018, "dense2_weight_decay": 0.001469706113404697, "1cycle_initial_lr_pct": 0.09963833564393301, "1cycle_final_lr_pct": 0.0053845909578884195, "1cycle_pct_warmup": 0.30380739055259587, "1cycle_max_lr": 0.030870573375871214, "1cycle_beta1_max_damping_factor": 0.014894002492007516, "1cycle_beta1_min_damping_factor_pct": 0.6026696199090179, "beta2_damping_factor": 0.0006496655644662607, "conv1_channels": 15, "conv2_channels": 10, "conv3_channels": 111, "dense1_units": 32}