{"accuracy": 0.9289000034332275, "loss": 0.38037773966789246, "training_time": 6.176587820053101}