{"accuracy": 0.988099992275238, "loss": 0.1313558965921402, "training_time": 41.71998047828674}