{"optimizer": "sgd", "nesterov": false, "epochs": 2, "batch_size": 1562, "conv1_weight_decay": 2.5017969232298562e-06, "conv2_weight_decay": 0.29022334190157084, "conv3_weight_decay": 0.011308997755312427, "dense1_weight_decay": 0.00011073959515680871, "dense2_weight_decay": 2.567045887970728e-06, "1cycle_initial_lr_pct": 0.12666498918123956, "1cycle_final_lr_pct": 0.00011266646229494092, "1cycle_pct_warmup": 0.0311314269900322, "1cycle_max_lr": 19.0487651495101, "1cycle_max_momentum": 0.4958598950173706, "1cycle_min_momentum_pct": 0.5874707354232669, "conv1_channels": 13, "conv2_channels": 24, "conv3_channels": 21, "dense1_units": 38}