{"optimizer": "adam", "epochs": 18, "batch_size": 181, "conv1_weight_decay": 2.0259452154447204e-06, "conv2_weight_decay": 0.001308621135080499, "conv3_weight_decay": 0.0015220410374376444, "dense1_weight_decay": 0.00021249409430402507, "dense2_weight_decay": 3.958140013047564e-05, "1cycle_initial_lr_pct": 0.12690246195404842, "1cycle_final_lr_pct": 0.00042724149980384975, "1cycle_pct_warmup": 0.38265176718819593, "1cycle_max_lr": 13.723708359064872, "1cycle_beta1_max_damping_factor": 0.047530427547679464, "1cycle_beta1_min_damping_factor_pct": 0.46470793812182765, "beta2_damping_factor": 0.21033919858651218, "conv1_channels": 59, "conv2_channels": 46, "conv3_channels": 184, "dense1_units": 40}