{"optimizer": "adam", "epochs": 9, "batch_size": 2242, "conv1_weight_decay": 0.18810748292858254, "conv2_weight_decay": 0.025551011897037856, "conv3_weight_decay": 0.00018765575996731846, "dense1_weight_decay": 0.005312800208450047, "dense2_weight_decay": 0.008244172499017816, "1cycle_initial_lr_pct": 0.01760915482303188, "1cycle_final_lr_pct": 0.0008285760659153731, "1cycle_pct_warmup": 0.025389405054629628, "1cycle_max_lr": 12.676560509231738, "1cycle_beta1_max_damping_factor": 0.15381694373360744, "1cycle_beta1_min_damping_factor_pct": 0.12702616016539464, "beta2_damping_factor": 0.0007483553037811253, "conv1_channels": 29, "conv2_channels": 36, "conv3_channels": 48, "dense1_units": 57}