{"optimizer": "sgd", "nesterov": true, "epochs": 15, "batch_size": 126, "conv1_weight_decay": 0.18577705003163128, "conv2_weight_decay": 0.0008648372171011938, "conv3_weight_decay": 0.18813112229301493, "dense1_weight_decay": 2.2761351280827036e-05, "dense2_weight_decay": 0.1285684871027373, "1cycle_initial_lr_pct": 0.024867398585569116, "1cycle_final_lr_pct": 0.00535697291180282, "1cycle_pct_warmup": 0.3617737538553774, "1cycle_max_lr": 18.83882294954759, "1cycle_max_momentum": 0.1568328584692441, "1cycle_min_momentum_pct": 0.3196275420486927, "conv1_channels": 4, "conv2_channels": 46, "conv3_channels": 85, "dense1_units": 17}