{"optimizer": "sgd", "nesterov": false, "epochs": 18, "batch_size": 81, "conv1_weight_decay": 1.4655875039028578e-06, "conv2_weight_decay": 7.443877040411121e-05, "conv3_weight_decay": 0.00018419945876152683, "dense1_weight_decay": 0.2394164671943732, "dense2_weight_decay": 1.5596242428290417e-06, "1cycle_initial_lr_pct": 0.01923256334217174, "1cycle_final_lr_pct": 0.00701341610451218, "1cycle_pct_warmup": 0.23872235990129412, "1cycle_max_lr": 2.763845158556609, "1cycle_max_momentum": 0.6481407922248356, "1cycle_min_momentum_pct": 0.4315357459709048, "conv1_channels": 21, "conv2_channels": 11, "conv3_channels": 158, "dense1_units": 72}