{"optimizer": "adam", "epochs": 6, "batch_size": 3114, "conv1_weight_decay": 1.175922774535974e-06, "conv2_weight_decay": 1.3345302108348123e-07, "conv3_weight_decay": 0.05231427778206695, "dense1_weight_decay": 2.2454232962824302e-07, "dense2_weight_decay": 7.103411495826408e-05, "1cycle_initial_lr_pct": 0.02335213165485555, "1cycle_final_lr_pct": 0.0007685818723654779, "1cycle_pct_warmup": 0.07675529543881537, "1cycle_max_lr": 1.5411181533293854, "1cycle_beta1_max_damping_factor": 0.00023070291892681225, "1cycle_beta1_min_damping_factor_pct": 0.6976526377642719, "beta2_damping_factor": 0.004582679512391909, "conv1_channels": 9, "conv2_channels": 114, "conv3_channels": 40, "dense1_units": 119}