{"optimizer": "adam", "epochs": 10, "batch_size": 174, "conv1_weight_decay": 0.14042470926622713, "conv2_weight_decay": 2.4345576217241146e-07, "conv3_weight_decay": 1.3516796929864841e-06, "dense1_weight_decay": 4.970111905029363e-07, "dense2_weight_decay": 0.0004081137540944265, "1cycle_initial_lr_pct": 0.02113740984467187, "1cycle_final_lr_pct": 0.0002746883290512391, "1cycle_pct_warmup": 0.029200909853228117, "1cycle_max_lr": 0.31811281686088955, "1cycle_beta1_max_damping_factor": 0.04158781140377408, "1cycle_beta1_min_damping_factor_pct": 0.19794984971889826, "beta2_damping_factor": 0.1614170383876365, "conv1_channels": 17, "conv2_channels": 23, "conv3_channels": 119, "dense1_units": 23}