{"optimizer": "sgd", "nesterov": false, "epochs": 13, "batch_size": 1280, "conv1_weight_decay": 0.12243816854829977, "conv2_weight_decay": 0.00015481371313851337, "conv3_weight_decay": 7.956032575598328e-05, "dense1_weight_decay": 0.08364574775439505, "dense2_weight_decay": 0.00458250259495741, "1cycle_initial_lr_pct": 0.01611115560295179, "1cycle_final_lr_pct": 5.284203934135896e-05, "1cycle_pct_warmup": 0.4085192231182009, "1cycle_max_lr": 0.03465537180356965, "1cycle_max_momentum": 0.7756120226944797, "1cycle_min_momentum_pct": 0.8476556157693267, "conv1_channels": 15, "conv2_channels": 74, "conv3_channels": 26, "dense1_units": 9}