{"accuracy": 0.9125000238418579, "loss": 0.565425455570221, "training_time": 21.36238431930542}