{"optimizer": "sgd", "nesterov": true, "epochs": 24, "batch_size": 53, "conv1_weight_decay": 2.3649629559551632e-07, "conv2_weight_decay": 0.11582875156299628, "conv3_weight_decay": 0.03633521450009996, "dense1_weight_decay": 0.10422662196522545, "dense2_weight_decay": 0.00019445616191168162, "1cycle_initial_lr_pct": 0.05488815142633158, "1cycle_final_lr_pct": 0.00018489776614463008, "1cycle_pct_warmup": 0.20772442313842476, "1cycle_max_lr": 3.9529946923098316, "1cycle_max_momentum": 0.6098922311989591, "1cycle_min_momentum_pct": 0.22644537780433893, "conv1_channels": 22, "conv2_channels": 41, "conv3_channels": 184, "dense1_units": 38}