{"optimizer": "adam", "epochs": 4, "batch_size": 809, "conv1_weight_decay": 4.124443793658238e-07, "conv2_weight_decay": 0.0031818240359460593, "conv3_weight_decay": 0.006362654525939646, "dense1_weight_decay": 6.205296381325964e-07, "dense2_weight_decay": 0.0037783479715179, "1cycle_initial_lr_pct": 0.0528485035572856, "1cycle_final_lr_pct": 0.00012974684630943467, "1cycle_pct_warmup": 0.10793338881069468, "1cycle_max_lr": 3.67822590520274, "1cycle_beta1_max_damping_factor": 0.0002741680000869226, "1cycle_beta1_min_damping_factor_pct": 0.14418247898998696, "beta2_damping_factor": 0.001240350231045614, "conv1_channels": 57, "conv2_channels": 24, "conv3_channels": 126, "dense1_units": 15}