{"optimizer": "sgd", "nesterov": true, "epochs": 9, "batch_size": 164, "conv1_weight_decay": 5.9474860472926746e-06, "conv2_weight_decay": 0.0014914819686472828, "conv3_weight_decay": 3.238531976143526e-05, "dense1_weight_decay": 0.0028724655754839923, "dense2_weight_decay": 0.05410340363206726, "1cycle_initial_lr_pct": 0.4816909315236644, "1cycle_final_lr_pct": 0.0010895761406973137, "1cycle_pct_warmup": 0.20833430859260263, "1cycle_max_lr": 0.05259014954349198, "1cycle_max_momentum": 0.9718468778765761, "1cycle_min_momentum_pct": 0.6119723608717322, "conv1_channels": 15, "conv2_channels": 12, "conv3_channels": 122, "dense1_units": 19}