{"optimizer": "adam", "epochs": 46, "batch_size": 1647, "conv1_weight_decay": 7.66496078791455e-06, "conv2_weight_decay": 0.29673461767051756, "conv3_weight_decay": 3.3707563475805633e-06, "dense1_weight_decay": 2.3573767321726835e-05, "dense2_weight_decay": 0.039953448367496286, "1cycle_initial_lr_pct": 0.2500400864758327, "1cycle_final_lr_pct": 0.0043431166193026735, "1cycle_pct_warmup": 0.1070095024531985, "1cycle_max_lr": 0.18727147505740657, "1cycle_beta1_max_damping_factor": 0.04348297485558171, "1cycle_beta1_min_damping_factor_pct": 0.6567641579010277, "beta2_damping_factor": 0.00026921942927533437, "conv1_channels": 34, "conv2_channels": 13, "conv3_channels": 93, "dense1_units": 13}