{"accuracy": 0.9807000160217285, "loss": 0.1411077380180359, "training_time": 23.03197956085205}