{"accuracy": 0.9782000184059143, "loss": 0.12136279046535492, "training_time": 31.298998594284058}