{"optimizer": "sgd", "nesterov": false, "epochs": 12, "batch_size": 2242, "conv1_weight_decay": 2.8789911154548168e-05, "conv2_weight_decay": 7.923286349756387e-07, "conv3_weight_decay": 0.0003322634678747395, "dense1_weight_decay": 0.034192532555615794, "dense2_weight_decay": 0.00045384521876298345, "1cycle_initial_lr_pct": 0.2613505048198856, "1cycle_final_lr_pct": 0.0007009243242282275, "1cycle_pct_warmup": 0.20509272456169128, "1cycle_max_lr": 17.97103525756052, "1cycle_max_momentum": 0.9189396824081428, "1cycle_min_momentum_pct": 0.6035566441714764, "conv1_channels": 30, "conv2_channels": 49, "conv3_channels": 38, "dense1_units": 42}