{"optimizer": "adam", "epochs": 6, "batch_size": 68, "conv1_weight_decay": 0.00015256576631766973, "conv2_weight_decay": 1.587387410305849e-05, "conv3_weight_decay": 0.09805513462581765, "dense1_weight_decay": 2.490525432490689e-06, "dense2_weight_decay": 0.0018705214652054091, "1cycle_initial_lr_pct": 0.35161710235526505, "1cycle_final_lr_pct": 0.0024536648524734255, "1cycle_pct_warmup": 0.10421161734073059, "1cycle_max_lr": 12.946794954527316, "1cycle_beta1_max_damping_factor": 0.000487433594922114, "1cycle_beta1_min_damping_factor_pct": 0.1186761547889295, "beta2_damping_factor": 0.03441383865053761, "conv1_channels": 62, "conv2_channels": 17, "conv3_channels": 38, "dense1_units": 46}