{"optimizer": "adam", "epochs": 12, "batch_size": 449, "conv1_weight_decay": 6.06141905126657e-05, "conv2_weight_decay": 0.05376698516447414, "conv3_weight_decay": 4.910297330913605e-07, "dense1_weight_decay": 0.0018108459471103105, "dense2_weight_decay": 0.008109234851409738, "1cycle_initial_lr_pct": 0.13380015184256924, "1cycle_final_lr_pct": 4.8511243562934615e-05, "1cycle_pct_warmup": 0.4403437924105674, "1cycle_max_lr": 1.71712037519976, "conv1_channels": 18, "conv2_channels": 7, "conv3_channels": 82, "dense1_units": 30}