{"optimizer": "sgd", "nesterov": true, "epochs": 7, "batch_size": 17, "conv1_weight_decay": 9.423709857718542e-05, "conv2_weight_decay": 0.004789560065555913, "conv3_weight_decay": 1.4483871260750412e-05, "dense1_weight_decay": 5.486625856258671e-06, "dense2_weight_decay": 0.12288911279191764, "1cycle_initial_lr_pct": 0.13853207394213024, "1cycle_final_lr_pct": 0.00025631914036847815, "1cycle_pct_warmup": 0.054269899521690215, "1cycle_max_lr": 1.9827262291261452, "1cycle_momentum_max_damping_factor": 0.21650914723107323, "1cycle_momentum_min_damping_factor_pct": 0.13248226773623323, "conv1_channels": 48, "conv2_channels": 7, "conv3_channels": 24, "dense1_units": 147}