{"accuracy": 0.10279999673366547, "loss": 2.343672752380371, "training_time": 21.439288854599}