{"optimizer": "sgd", "nesterov": false, "epochs": 3, "batch_size": 23, "conv1_weight_decay": 0.0042865077279611655, "conv2_weight_decay": 5.028948279041753e-07, "conv3_weight_decay": 0.20631267831739786, "dense1_weight_decay": 4.406627498766827e-07, "dense2_weight_decay": 0.004678724408358377, "1cycle_initial_lr_pct": 0.07172685356739751, "1cycle_final_lr_pct": 6.540714416295121e-05, "1cycle_pct_warmup": 0.20574092773720623, "1cycle_max_lr": 0.3126061698634455, "1cycle_max_momentum": 0.365673368977569, "1cycle_min_momentum_pct": 0.8690852839499712, "conv1_channels": 6, "conv2_channels": 71, "conv3_channels": 27, "dense1_units": 30}