{"optimizer": "adam", "epochs": 15, "batch_size": 422, "conv1_weight_decay": 0.002036884707387944, "conv2_weight_decay": 0.00012185426778143048, "conv3_weight_decay": 0.0003465372380110633, "dense1_weight_decay": 0.04707308335264356, "dense2_weight_decay": 0.00039248946244926333, "1cycle_initial_lr_pct": 0.06560318131831697, "1cycle_final_lr_pct": 0.00022795230561083006, "1cycle_pct_warmup": 0.10576820835413664, "1cycle_max_lr": 0.06415879049788074, "1cycle_beta1_max_damping_factor": 0.08373973137785475, "1cycle_beta1_min_damping_factor_pct": 0.19962604897809824, "beta2_damping_factor": 0.0937744389883588, "conv1_channels": 46, "conv2_channels": 62, "conv3_channels": 46, "dense1_units": 10}