{"accuracy": 0.9861999750137329, "loss": 0.13340789079666138, "training_time": 22.952779054641724}