{"accuracy": 0.9775999784469604, "loss": 0.18109925091266632, "training_time": 33.021334409713745}