{"optimizer": "sgd", "nesterov": true, "epochs": 24, "batch_size": 23, "conv1_weight_decay": 1.7387892184525028e-06, "conv2_weight_decay": 3.5371731584075814e-05, "conv3_weight_decay": 0.002730616675799236, "dense1_weight_decay": 8.268837242069363e-05, "dense2_weight_decay": 4.938969821115994e-05, "1cycle_initial_lr_pct": 0.014782391391232299, "1cycle_final_lr_pct": 0.0009068162170040908, "1cycle_pct_warmup": 0.27706400528550146, "1cycle_max_lr": 0.013155471537287052, "1cycle_max_momentum": 0.8901850698019378, "1cycle_min_momentum_pct": 0.17143576685339212, "conv1_channels": 9, "conv2_channels": 22, "conv3_channels": 31, "dense1_units": 59}