{"optimizer": "adam", "epochs": 4, "batch_size": 429, "conv1_weight_decay": 2.5531164364818047e-06, "conv2_weight_decay": 2.681758766498898e-07, "conv3_weight_decay": 0.041277855948014884, "dense1_weight_decay": 0.0003121267744911578, "dense2_weight_decay": 1.9786042759972864e-06, "1cycle_initial_lr_pct": 0.026733514089257573, "1cycle_final_lr_pct": 0.0034436895726561033, "1cycle_pct_warmup": 0.015498002457161332, "1cycle_max_lr": 0.1561028947327285, "1cycle_beta1_max_damping_factor": 0.013218787002697852, "1cycle_beta1_min_damping_factor_pct": 0.43054738448977375, "beta2_damping_factor": 0.06494254884838407, "conv1_channels": 12, "conv2_channels": 77, "conv3_channels": 34, "dense1_units": 231}