{"accuracy": 0.11349999904632568, "loss": 3.2665653228759766, "training_time": 6.500529766082764}