{"optimizer": "adam", "epochs": 2, "batch_size": 3218, "conv1_weight_decay": 8.43497935460697e-07, "conv2_weight_decay": 1.2742289808023146e-06, "conv3_weight_decay": 0.0001193875806787657, "dense1_weight_decay": 0.00024287045590536184, "dense2_weight_decay": 6.605750460202642e-07, "1cycle_initial_lr_pct": 0.20040968146919963, "1cycle_final_lr_pct": 0.0030430233688990777, "1cycle_pct_warmup": 0.22971681782975795, "1cycle_max_lr": 0.02236216755909638, "conv1_channels": 17, "conv2_channels": 32, "conv3_channels": 27, "dense1_units": 27}