{"optimizer": "sgd", "nesterov": false, "epochs": 24, "batch_size": 97, "conv1_weight_decay": 9.23720603637567e-07, "conv2_weight_decay": 1.7526484972161047e-05, "conv3_weight_decay": 7.722805378955862e-07, "dense1_weight_decay": 0.00010814701640029024, "dense2_weight_decay": 0.0001481116933212429, "1cycle_initial_lr_pct": 0.48722187507872916, "1cycle_final_lr_pct": 0.0019204517481921923, "1cycle_pct_warmup": 0.07100365535055356, "1cycle_max_lr": 0.07761283785544296, "1cycle_momentum_max_damping_factor": 0.0015618281133630832, "1cycle_momentum_min_damping_factor_pct": 0.26843369081946417, "conv1_channels": 42, "conv2_channels": 74, "conv3_channels": 66, "dense1_units": 12}