{"accuracy": 0.9449999928474426, "loss": 0.2075129598379135, "training_time": 6.054631233215332}