{"optimizer": "sgd", "nesterov": false, "epochs": 24, "batch_size": 17, "conv1_weight_decay": 0.07574590711450875, "conv2_weight_decay": 0.020438865961756408, "conv3_weight_decay": 1.223033770027649e-07, "dense1_weight_decay": 1.5069198436456502e-06, "dense2_weight_decay": 9.188101039018558e-06, "1cycle_initial_lr_pct": 0.3204798119114059, "1cycle_final_lr_pct": 0.00467553453441496, "1cycle_pct_warmup": 0.34839930013421255, "1cycle_max_lr": 4.84496412751741, "1cycle_momentum_max_damping_factor": 0.00021229648214179017, "1cycle_momentum_min_damping_factor_pct": 0.4463075978473415, "conv1_channels": 12, "conv2_channels": 24, "conv3_channels": 15, "dense1_units": 17}