{"optimizer": "adam", "epochs": 2, "batch_size": 441, "conv1_weight_decay": 0.0931652038844542, "conv2_weight_decay": 0.0009657555763306104, "conv3_weight_decay": 9.17983501840994e-06, "dense1_weight_decay": 0.008312813195622692, "dense2_weight_decay": 2.6774422993089204e-07, "1cycle_initial_lr_pct": 0.27335252983734243, "1cycle_final_lr_pct": 0.0010498019135109318, "1cycle_pct_warmup": 0.03500558244995773, "1cycle_max_lr": 6.011143822688682, "conv1_channels": 51, "conv2_channels": 52, "conv3_channels": 88, "dense1_units": 61}