{"optimizer": "adam", "epochs": 3, "batch_size": 51, "conv1_weight_decay": 0.001477079470680241, "conv2_weight_decay": 0.017755073060017397, "conv3_weight_decay": 6.520192055218337e-06, "dense1_weight_decay": 0.061918791045700854, "dense2_weight_decay": 0.0027219674851397643, "1cycle_initial_lr_pct": 0.01792554501385094, "1cycle_final_lr_pct": 0.005176445578433318, "1cycle_pct_warmup": 0.07031959939748049, "1cycle_max_lr": 0.8772647006260523, "conv1_channels": 36, "conv2_channels": 11, "conv3_channels": 22, "dense1_units": 23}