{"optimizer": "sgd", "nesterov": false, "epochs": 12, "batch_size": 798, "conv1_weight_decay": 0.007110002786762211, "conv2_weight_decay": 0.0002177209415276221, "conv3_weight_decay": 2.2278770068155846e-07, "dense1_weight_decay": 3.2755577842466716e-07, "dense2_weight_decay": 0.0006221982131438855, "1cycle_initial_lr_pct": 0.024229755617685502, "1cycle_final_lr_pct": 0.0008579783753552516, "1cycle_pct_warmup": 0.4186987109889152, "1cycle_max_lr": 0.5808491518219641, "1cycle_momentum_max_damping_factor": 0.00502066344180349, "1cycle_momentum_min_damping_factor_pct": 0.13178310627496886, "conv1_channels": 36, "conv2_channels": 82, "conv3_channels": 15, "dense1_units": 42}