{"accuracy": 0.11349999904632568, "loss": 2.3017728328704834, "training_time": 16.745543479919434}