{"optimizer": "sgd", "nesterov": false, "epochs": 15, "batch_size": 44, "conv1_weight_decay": 6.141551186954076e-06, "conv2_weight_decay": 3.668985827388033e-05, "conv3_weight_decay": 0.046013474718063815, "dense1_weight_decay": 0.2803500201959482, "dense2_weight_decay": 1.4251604064351681e-06, "1cycle_initial_lr_pct": 0.03850761270131716, "1cycle_final_lr_pct": 0.0006805230506405678, "1cycle_pct_warmup": 0.4446212112174601, "1cycle_max_lr": 15.093332540766184, "1cycle_momentum_max_damping_factor": 0.04808667527256953, "1cycle_momentum_min_damping_factor_pct": 0.20202669320531422, "conv1_channels": 46, "conv2_channels": 7, "conv3_channels": 122, "dense1_units": 36}