{"optimizer": "adam", "epochs": 4, "batch_size": 764, "conv1_weight_decay": 8.478189407127062e-06, "conv2_weight_decay": 1.1264930144528211e-07, "conv3_weight_decay": 0.0022694788004767614, "dense1_weight_decay": 1.3847537878758055e-07, "dense2_weight_decay": 0.0001107163960210372, "1cycle_initial_lr_pct": 0.03683002376259059, "1cycle_final_lr_pct": 0.008671851508240607, "1cycle_pct_warmup": 0.05514789829030633, "1cycle_max_lr": 16.85023971895596, "conv1_channels": 54, "conv2_channels": 85, "conv3_channels": 27, "dense1_units": 32}