{"optimizer": "adam", "epochs": 2, "batch_size": 3933, "conv1_weight_decay": 0.00011761259717105788, "conv2_weight_decay": 7.422380749783432e-07, "conv3_weight_decay": 0.004227592536205065, "dense1_weight_decay": 0.07271484898631082, "dense2_weight_decay": 1.0184197670137905e-07, "1cycle_initial_lr_pct": 0.021947878231486695, "1cycle_final_lr_pct": 3.851955196688006e-05, "1cycle_pct_warmup": 0.012364591827802964, "1cycle_max_lr": 0.030915932517236167, "1cycle_beta1_max_damping_factor": 0.33201926262350034, "1cycle_beta1_min_damping_factor_pct": 0.2940211410995348, "beta2_damping_factor": 0.18260051335026586, "conv1_channels": 33, "conv2_channels": 13, "conv3_channels": 31, "dense1_units": 46}