{"optimizer": "sgd", "nesterov": false, "epochs": 29, "batch_size": 63, "conv1_weight_decay": 4.259613282156667e-05, "conv2_weight_decay": 5.412114465390652e-06, "conv3_weight_decay": 0.023532078780236255, "dense1_weight_decay": 5.714362110021753e-07, "dense2_weight_decay": 1.765432991710603e-05, "1cycle_initial_lr_pct": 0.016451703764822783, "1cycle_final_lr_pct": 0.0004599864998409231, "1cycle_pct_warmup": 0.28728361893445253, "1cycle_max_lr": 0.17612979187112232, "1cycle_max_momentum": 0.697840118309576, "1cycle_min_momentum_pct": 0.998061154037714, "conv1_channels": 4, "conv2_channels": 119, "conv3_channels": 21, "dense1_units": 18}