{"accuracy": 0.9107000231742859, "loss": 0.5727815628051758, "training_time": 4.8797383308410645}