{"optimizer": "adam", "epochs": 7, "batch_size": 33, "conv1_weight_decay": 0.0008136455619626107, "conv2_weight_decay": 0.010773443340485304, "conv3_weight_decay": 0.07900803135578321, "dense1_weight_decay": 1.7991974930941333e-07, "dense2_weight_decay": 0.010100413579294806, "1cycle_initial_lr_pct": 0.09368167362765996, "1cycle_final_lr_pct": 9.929444936904665e-05, "1cycle_pct_warmup": 0.19665623620152475, "1cycle_max_lr": 0.02450719598051506, "conv1_channels": 46, "conv2_channels": 97, "conv3_channels": 31, "dense1_units": 72}