{"optimizer": "sgd", "nesterov": true, "epochs": 56, "batch_size": 524, "conv1_weight_decay": 0.0004801965581631396, "conv2_weight_decay": 0.0003609315419052081, "conv3_weight_decay": 0.0008042473788082598, "dense1_weight_decay": 0.1240141795981318, "dense2_weight_decay": 0.17082765114533643, "1cycle_initial_lr_pct": 0.09689621113090774, "1cycle_final_lr_pct": 0.00045240683969450705, "1cycle_pct_warmup": 0.11056116177134338, "1cycle_max_lr": 0.07045634253745386, "1cycle_momentum_max_damping_factor": 0.42901460704217736, "1cycle_momentum_min_damping_factor_pct": 0.4734048042436876, "conv1_channels": 10, "conv2_channels": 126, "conv3_channels": 32, "dense1_units": 36}