{"optimizer": "adam", "epochs": 4, "batch_size": 517, "conv1_weight_decay": 2.33323341270956e-06, "conv2_weight_decay": 0.006606752114289141, "conv3_weight_decay": 1.171978713003808e-06, "dense1_weight_decay": 0.23584543759251717, "dense2_weight_decay": 0.028028755629696218, "1cycle_initial_lr_pct": 0.2230790954109145, "1cycle_final_lr_pct": 0.004120752297556219, "1cycle_pct_warmup": 0.40952724344942015, "1cycle_max_lr": 0.016065208082956636, "1cycle_beta1_max_damping_factor": 0.0003683261759728912, "1cycle_beta1_min_damping_factor_pct": 0.3917898525896377, "beta2_damping_factor": 0.00401082145030666, "conv1_channels": 12, "conv2_channels": 15, "conv3_channels": 239, "dense1_units": 13}