{"optimizer": "sgd", "nesterov": false, "epochs": 56, "batch_size": 32, "conv1_weight_decay": 1.6878093182603725e-06, "conv2_weight_decay": 0.06678544987935046, "conv3_weight_decay": 9.356791972360777e-05, "dense1_weight_decay": 1.2009590337309492e-07, "dense2_weight_decay": 0.09084862960912786, "1cycle_initial_lr_pct": 0.4232208345345334, "1cycle_final_lr_pct": 0.0011370126747642655, "1cycle_pct_warmup": 0.05840641922317445, "1cycle_max_lr": 0.07074084792974654, "1cycle_max_momentum": 0.3308108867137693, "1cycle_min_momentum_pct": 0.7804794479161501, "conv1_channels": 27, "conv2_channels": 21, "conv3_channels": 130, "dense1_units": 69}