{"accuracy": 0.9642999768257141, "loss": 0.6848629117012024, "training_time": 5.790932893753052}