{"optimizer": "adam", "epochs": 12, "batch_size": 1022, "conv1_weight_decay": 1.203128347940605e-05, "conv2_weight_decay": 4.6490212385837396e-05, "conv3_weight_decay": 6.728489330383936e-05, "dense1_weight_decay": 2.44412041056294e-06, "dense2_weight_decay": 1.1260011035509174e-06, "1cycle_initial_lr_pct": 0.2281229697943376, "1cycle_final_lr_pct": 0.002900248391544075, "1cycle_pct_warmup": 0.033199515175074336, "1cycle_max_lr": 0.255053148943135, "conv1_channels": 7, "conv2_channels": 125, "conv3_channels": 34, "dense1_units": 46}