{"optimizer": "sgd", "nesterov": true, "epochs": 7, "batch_size": 37, "conv1_weight_decay": 1.9223246202938566e-05, "conv2_weight_decay": 4.518434016680744e-07, "conv3_weight_decay": 2.22902327652959e-06, "dense1_weight_decay": 0.020499833016196078, "dense2_weight_decay": 0.00010546293148190374, "1cycle_initial_lr_pct": 0.4337087354257321, "1cycle_final_lr_pct": 0.001980950865834121, "1cycle_pct_warmup": 0.35540406739945873, "1cycle_max_lr": 0.033149578190680706, "1cycle_momentum_max_damping_factor": 0.028336189032734535, "1cycle_momentum_min_damping_factor_pct": 0.10430326810776691, "conv1_channels": 13, "conv2_channels": 62, "conv3_channels": 181, "dense1_units": 11}