{"accuracy": 0.11349999904632568, "loss": 2.317568302154541, "training_time": 21.475527048110962}