{"accuracy": 0.11349999904632568, "loss": 2.3312971591949463, "training_time": 44.78030562400818}