{"optimizer": "adam", "epochs": 37, "batch_size": 2649, "conv1_weight_decay": 1.9124204082095284e-06, "conv2_weight_decay": 0.0003425397350454101, "conv3_weight_decay": 2.1229479164862336e-07, "dense1_weight_decay": 0.00271164378276745, "dense2_weight_decay": 2.0301242928998072e-05, "1cycle_initial_lr_pct": 0.09774616149915019, "1cycle_final_lr_pct": 0.0039807067184979335, "1cycle_pct_warmup": 0.3623841869272292, "1cycle_max_lr": 18.142660951669097, "conv1_channels": 37, "conv2_channels": 27, "conv3_channels": 126, "dense1_units": 135}