{"optimizer": "sgd", "nesterov": false, "epochs": 2, "batch_size": 78, "conv1_weight_decay": 2.2391533543517216e-06, "conv2_weight_decay": 0.010463320310928208, "conv3_weight_decay": 4.870432164452704e-06, "dense1_weight_decay": 4.32738623822706e-06, "dense2_weight_decay": 1.1556556154792869e-07, "1cycle_initial_lr_pct": 0.09017455517911901, "1cycle_final_lr_pct": 0.0013414933457154051, "1cycle_pct_warmup": 0.02341543955808255, "1cycle_max_lr": 13.082546929863495, "1cycle_momentum_max_damping_factor": 0.004471324918920761, "1cycle_momentum_min_damping_factor_pct": 0.1040680332950786, "conv1_channels": 6, "conv2_channels": 10, "conv3_channels": 232, "dense1_units": 176}