{"optimizer": "sgd", "nesterov": true, "epochs": 22, "batch_size": 349, "conv1_weight_decay": 0.10125901452686331, "conv2_weight_decay": 1.9114159766772605e-07, "conv3_weight_decay": 0.002623714997974443, "dense1_weight_decay": 0.00043582217803725496, "dense2_weight_decay": 1.0843309602322544e-07, "1cycle_initial_lr_pct": 0.259985324277816, "1cycle_final_lr_pct": 5.1467225892613954e-05, "1cycle_pct_warmup": 0.09384159874922768, "1cycle_max_lr": 0.12150883835287919, "1cycle_momentum_max_damping_factor": 0.07347747563101589, "1cycle_momentum_min_damping_factor_pct": 0.22585248117452938, "conv1_channels": 10, "conv2_channels": 33, "conv3_channels": 152, "dense1_units": 167}