{"optimizer": "adam", "epochs": 2, "batch_size": 19, "conv1_weight_decay": 0.09750613008109556, "conv2_weight_decay": 0.00011498112657960439, "conv3_weight_decay": 0.012034399914762767, "dense1_weight_decay": 9.28360400504774e-05, "dense2_weight_decay": 1.8563520441008816e-05, "1cycle_initial_lr_pct": 0.3550796431369851, "1cycle_final_lr_pct": 0.0003824616792752773, "1cycle_pct_warmup": 0.21465876564383507, "1cycle_max_lr": 0.01114062060525425, "conv1_channels": 29, "conv2_channels": 68, "conv3_channels": 24, "dense1_units": 76}