{"accuracy": 0.9836999773979187, "loss": 0.12662923336029053, "training_time": 27.256438732147217}