{"accuracy": 0.9901999831199646, "loss": 0.06784331798553467, "training_time": 22.654593467712402}