{"optimizer": "adam", "epochs": 2, "batch_size": 33, "conv1_weight_decay": 0.0001462855412464569, "conv2_weight_decay": 8.827731251461473e-07, "conv3_weight_decay": 1.765455925499593e-06, "dense1_weight_decay": 5.861145287872495e-06, "dense2_weight_decay": 7.27421692635374e-05, "1cycle_initial_lr_pct": 0.023345047312379557, "1cycle_final_lr_pct": 0.007258002576124921, "1cycle_pct_warmup": 0.4372381704393774, "1cycle_max_lr": 5.765059415610206, "conv1_channels": 13, "conv2_channels": 46, "conv3_channels": 40, "dense1_units": 137}