{"optimizer": "sgd", "nesterov": true, "epochs": 18, "batch_size": 557, "conv1_weight_decay": 3.0954387921440645e-05, "conv2_weight_decay": 1.2322168957198145e-05, "conv3_weight_decay": 6.378800881780976e-05, "dense1_weight_decay": 0.001369147786361912, "dense2_weight_decay": 9.730243438306968e-07, "1cycle_initial_lr_pct": 0.01607848909275584, "1cycle_final_lr_pct": 0.0007739076978224615, "1cycle_pct_warmup": 0.0328170763478427, "1cycle_max_lr": 5.066867344277568, "1cycle_momentum_max_damping_factor": 0.029524364350774563, "1cycle_momentum_min_damping_factor_pct": 0.1377741974694684, "conv1_channels": 6, "conv2_channels": 49, "conv3_channels": 29, "dense1_units": 15}