{"accuracy": 0.11349999904632568, "loss": 2.30561900138855, "training_time": 13.364774942398071}