{"accuracy": 0.10090000182390213, "loss": 2.3227431774139404, "training_time": 16.052801847457886}