{"optimizer": "sgd", "nesterov": true, "epochs": 6, "batch_size": 353, "conv1_weight_decay": 0.2077912269238252, "conv2_weight_decay": 0.013839747169209219, "conv3_weight_decay": 1.1246867039704115e-06, "dense1_weight_decay": 1.0283851478524798e-05, "dense2_weight_decay": 0.00024858274118675814, "1cycle_initial_lr_pct": 0.0362730054222442, "1cycle_final_lr_pct": 0.0003765061259808952, "1cycle_pct_warmup": 0.45044793767854574, "1cycle_max_lr": 0.37536761680159475, "1cycle_max_momentum": 0.64229169819206, "1cycle_min_momentum_pct": 0.7760234754532576, "conv1_channels": 52, "conv2_channels": 30, "conv3_channels": 36, "dense1_units": 88}