{"optimizer": "adam", "epochs": 36, "batch_size": 22, "conv1_weight_decay": 0.2428820785984442, "conv2_weight_decay": 0.0002399167585033633, "conv3_weight_decay": 8.07633727576173e-05, "dense1_weight_decay": 0.0021507118131042996, "dense2_weight_decay": 0.003201967880194504, "1cycle_initial_lr_pct": 0.03790940044135613, "1cycle_final_lr_pct": 5.033291205099048e-05, "1cycle_pct_warmup": 0.04918235142247396, "1cycle_max_lr": 0.04834073107995654, "1cycle_beta1_max_damping_factor": 0.0011361042198916916, "1cycle_beta1_min_damping_factor_pct": 0.5509138325357001, "beta2_damping_factor": 0.05295602836319735, "conv1_channels": 7, "conv2_channels": 38, "conv3_channels": 171, "dense1_units": 52}