{"accuracy": 0.11349999904632568, "loss": 2.317563533782959, "training_time": 11.141548156738281}