{"optimizer": "sgd", "nesterov": true, "epochs": 29, "batch_size": 48, "conv1_weight_decay": 0.08003460410792525, "conv2_weight_decay": 2.032981405092656e-07, "conv3_weight_decay": 1.2343148867379235e-07, "dense1_weight_decay": 0.0012687089676028896, "dense2_weight_decay": 2.2152224798320073e-06, "1cycle_initial_lr_pct": 0.21739777463191595, "1cycle_final_lr_pct": 0.0007803028236248475, "1cycle_pct_warmup": 0.427239168677479, "1cycle_max_lr": 0.010396447918976088, "1cycle_max_momentum": 0.8491241912039929, "1cycle_min_momentum_pct": 0.9703328879550099, "conv1_channels": 4, "conv2_channels": 90, "conv3_channels": 70, "dense1_units": 7}