{"optimizer": "adam", "epochs": 2, "batch_size": 858, "conv1_weight_decay": 0.09162012894593906, "conv2_weight_decay": 6.741549815867015e-05, "conv3_weight_decay": 7.1762457988255635e-06, "dense1_weight_decay": 8.87534834144336e-06, "dense2_weight_decay": 3.7411989849901696e-05, "1cycle_initial_lr_pct": 0.46806083816151867, "1cycle_final_lr_pct": 0.0026758111365929177, "1cycle_pct_warmup": 0.03162292838898009, "1cycle_max_lr": 0.1322680091072136, "1cycle_beta1_max_damping_factor": 0.18740805349041342, "1cycle_beta1_min_damping_factor_pct": 0.22609123775178197, "beta2_damping_factor": 0.0002947449413253415, "conv1_channels": 17, "conv2_channels": 15, "conv3_channels": 136, "dense1_units": 37}