{"accuracy": 0.11349999904632568, "loss": 2.340916156768799, "training_time": 4.4760518074035645}