{"optimizer": "adam", "epochs": 37, "batch_size": 22, "conv1_weight_decay": 0.0011719497744460939, "conv2_weight_decay": 4.538041225948317e-06, "conv3_weight_decay": 0.0023875756246315156, "dense1_weight_decay": 1.794145440218203e-05, "dense2_weight_decay": 0.07087390473190484, "1cycle_initial_lr_pct": 0.0989371368481881, "1cycle_final_lr_pct": 0.002045699350054357, "1cycle_pct_warmup": 0.029396705138529104, "1cycle_max_lr": 4.927668805298167, "1cycle_beta1_max_damping_factor": 0.00026717654669523166, "1cycle_beta1_min_damping_factor_pct": 0.49589023328185966, "beta2_damping_factor": 0.009360891709589538, "conv1_channels": 29, "conv2_channels": 13, "conv3_channels": 97, "dense1_units": 26}