{"optimizer": "sgd", "nesterov": false, "epochs": 6, "batch_size": 420, "conv1_weight_decay": 0.004649011844099309, "conv2_weight_decay": 2.2310910245239646e-06, "conv3_weight_decay": 0.013148765573474584, "dense1_weight_decay": 0.004520034127676724, "dense2_weight_decay": 0.0354937434041319, "1cycle_initial_lr_pct": 0.09176553331471587, "1cycle_final_lr_pct": 0.002673320910210268, "1cycle_pct_warmup": 0.4098534242156893, "1cycle_max_lr": 5.97635570107959, "1cycle_max_momentum": 0.6343227115513757, "1cycle_min_momentum_pct": 0.4909304464235902, "conv1_channels": 22, "conv2_channels": 27, "conv3_channels": 54, "dense1_units": 17}