{"accuracy": 0.11349999904632568, "loss": 2.3013665676116943, "training_time": 11.122340202331543}