{"optimizer": "adam", "epochs": 17, "batch_size": 239, "conv1_weight_decay": 0.021067194436399567, "conv2_weight_decay": 0.0003854748471684251, "conv3_weight_decay": 1.1825997378484765e-05, "dense1_weight_decay": 1.682451935967106e-05, "dense2_weight_decay": 0.0016496901580908357, "1cycle_initial_lr_pct": 0.015744339428737892, "1cycle_final_lr_pct": 0.004967828995106611, "1cycle_pct_warmup": 0.19631551578640938, "1cycle_max_lr": 7.905985059049359, "conv1_channels": 4, "conv2_channels": 19, "conv3_channels": 44, "dense1_units": 59}