{"optimizer": "sgd", "nesterov": true, "epochs": 6, "batch_size": 1067, "conv1_weight_decay": 0.008921846194469596, "conv2_weight_decay": 0.008406800650290303, "conv3_weight_decay": 5.074519900200506e-07, "dense1_weight_decay": 0.0032409968672485957, "dense2_weight_decay": 0.001107491533074046, "1cycle_initial_lr_pct": 0.021607377209996538, "1cycle_final_lr_pct": 0.0008893101509859225, "1cycle_pct_warmup": 0.11109070463984035, "1cycle_max_lr": 9.130653606907526, "1cycle_momentum_max_damping_factor": 0.08755169693988155, "1cycle_momentum_min_damping_factor_pct": 0.29369749834890296, "conv1_channels": 11, "conv2_channels": 48, "conv3_channels": 43, "dense1_units": 41}