{"accuracy": 0.11349999904632568, "loss": 2.3053555488586426, "training_time": 6.191070795059204}