{"optimizer": "adam", "epochs": 2, "batch_size": 1557, "conv1_weight_decay": 0.17190704930182998, "conv2_weight_decay": 0.0001359349720313247, "conv3_weight_decay": 0.0001005719697639296, "dense1_weight_decay": 0.01370226676010608, "dense2_weight_decay": 9.280795103371657e-07, "1cycle_initial_lr_pct": 0.3386329708517519, "1cycle_final_lr_pct": 0.0009886264600421964, "1cycle_pct_warmup": 0.2499781173403386, "1cycle_max_lr": 1.2973557824237685, "1cycle_beta1_max_damping_factor": 0.0033364562975585774, "1cycle_beta1_min_damping_factor_pct": 0.1526451584472003, "beta2_damping_factor": 0.012112498733758801, "conv1_channels": 30, "conv2_channels": 10, "conv3_channels": 164, "dense1_units": 22}