{"optimizer": "sgd", "nesterov": false, "epochs": 38, "batch_size": 175, "conv1_weight_decay": 0.1700299923550936, "conv2_weight_decay": 4.314092939218492e-07, "conv3_weight_decay": 1.4389014186111706e-06, "dense1_weight_decay": 1.3960064293226245e-06, "dense2_weight_decay": 7.015198016653493e-05, "1cycle_initial_lr_pct": 0.25204746893371416, "1cycle_final_lr_pct": 0.006102562339587285, "1cycle_pct_warmup": 0.08085308787412941, "1cycle_max_lr": 2.1664993845571985, "1cycle_max_momentum": 0.6229241344529204, "1cycle_min_momentum_pct": 0.7421519150957465, "conv1_channels": 43, "conv2_channels": 44, "conv3_channels": 48, "dense1_units": 15}