{"accuracy": 0.10320000350475311, "loss": 20.0, "training_time": 4.600220680236816}