{"optimizer": "sgd", "nesterov": false, "epochs": 6, "batch_size": 3899, "conv1_weight_decay": 0.0029932558071806598, "conv2_weight_decay": 0.0017110841798064736, "conv3_weight_decay": 0.0014214086901427464, "dense1_weight_decay": 0.024681456770547592, "dense2_weight_decay": 8.949927883096662e-06, "1cycle_initial_lr_pct": 0.17299910624746037, "1cycle_final_lr_pct": 0.0038375454129128224, "1cycle_pct_warmup": 0.022185526816238504, "1cycle_max_lr": 0.9716079688445115, "1cycle_momentum_max_damping_factor": 0.5997959342417837, "1cycle_momentum_min_damping_factor_pct": 0.4318741134092838, "conv1_channels": 4, "conv2_channels": 57, "conv3_channels": 173, "dense1_units": 29}