{"optimizer": "adam", "epochs": 17, "batch_size": 68, "conv1_weight_decay": 0.0022980877605772803, "conv2_weight_decay": 0.1975463862404688, "conv3_weight_decay": 0.010612726536315724, "dense1_weight_decay": 1.745078734296709e-06, "dense2_weight_decay": 2.583286009634697e-07, "1cycle_initial_lr_pct": 0.19522270146319343, "1cycle_final_lr_pct": 0.0008287396926546001, "1cycle_pct_warmup": 0.36870299849659205, "1cycle_max_lr": 0.6714061329782042, "conv1_channels": 23, "conv2_channels": 51, "conv3_channels": 66, "dense1_units": 239}