{"accuracy": 0.22220000624656677, "loss": 2.448807716369629, "training_time": 6.721359729766846}