{"optimizer": "adam", "epochs": 13, "batch_size": 206, "conv1_weight_decay": 2.935855060611957e-07, "conv2_weight_decay": 1.0395505034713547e-05, "conv3_weight_decay": 0.004962772718607125, "dense1_weight_decay": 0.00016755139678876024, "dense2_weight_decay": 6.747377390820876e-07, "1cycle_initial_lr_pct": 0.23644616767669546, "1cycle_final_lr_pct": 0.0019505571545085502, "1cycle_pct_warmup": 0.01660912953561889, "1cycle_max_lr": 0.1082296538499083, "1cycle_beta1_max_damping_factor": 0.0007924205283123318, "1cycle_beta1_min_damping_factor_pct": 0.5333231976978127, "beta2_damping_factor": 0.003080838766468356, "conv1_channels": 4, "conv2_channels": 92, "conv3_channels": 110, "dense1_units": 217}