{"optimizer": "sgd", "nesterov": false, "epochs": 4, "batch_size": 1674, "conv1_weight_decay": 1.0727795808096144e-07, "conv2_weight_decay": 3.6105601064264266e-06, "conv3_weight_decay": 0.04529861788096863, "dense1_weight_decay": 0.0004178218778024791, "dense2_weight_decay": 0.00010680086170396175, "1cycle_initial_lr_pct": 0.4943449358433856, "1cycle_final_lr_pct": 0.0030023734209669826, "1cycle_pct_warmup": 0.32454911664128305, "1cycle_max_lr": 0.012076873668055451, "1cycle_max_momentum": 0.65289814731488, "1cycle_min_momentum_pct": 0.26044467091560364, "conv1_channels": 24, "conv2_channels": 30, "conv3_channels": 151, "dense1_units": 209}