{"accuracy": 0.11349999904632568, "loss": 3.708193063735962, "training_time": 19.553587675094604}