{"accuracy": 0.5447999835014343, "loss": 3.9515926837921143, "training_time": 11.147087812423706}