{"optimizer": "sgd", "nesterov": true, "epochs": 18, "batch_size": 199, "conv1_weight_decay": 1.0642567894658237e-05, "conv2_weight_decay": 1.3328283174239218e-07, "conv3_weight_decay": 3.656370719145622e-07, "dense1_weight_decay": 0.0008256185739275966, "dense2_weight_decay": 0.0007768173996671272, "1cycle_initial_lr_pct": 0.1657340207749943, "1cycle_final_lr_pct": 0.0005864362276655663, "1cycle_pct_warmup": 0.3417208676319569, "1cycle_max_lr": 4.8480419208937375, "1cycle_max_momentum": 0.859937105068937, "1cycle_min_momentum_pct": 0.7789098508656025, "conv1_channels": 6, "conv2_channels": 79, "conv3_channels": 27, "dense1_units": 126}