{"optimizer": "adam", "epochs": 6, "batch_size": 1418, "conv1_weight_decay": 1.7917353362026832e-05, "conv2_weight_decay": 2.8506617643123774e-05, "conv3_weight_decay": 2.3581378825004108e-05, "dense1_weight_decay": 4.9559418631782015e-05, "dense2_weight_decay": 0.0012782402375551788, "1cycle_initial_lr_pct": 0.17971166409951222, "1cycle_final_lr_pct": 0.0030507348236887112, "1cycle_pct_warmup": 0.019876968803526143, "1cycle_max_lr": 5.767819990798841, "1cycle_beta1_max_damping_factor": 0.06198290660549347, "1cycle_beta1_min_damping_factor_pct": 0.21033680051559842, "beta2_damping_factor": 0.09820356419595598, "conv1_channels": 6, "conv2_channels": 95, "conv3_channels": 154, "dense1_units": 163}