{"accuracy": 0.11349999904632568, "loss": 2.3012945652008057, "training_time": 27.987258911132812}