{"optimizer": "sgd", "nesterov": true, "epochs": 6, "batch_size": 2305, "conv1_weight_decay": 0.01605780189844661, "conv2_weight_decay": 0.00040863722020287476, "conv3_weight_decay": 4.058125294756844e-05, "dense1_weight_decay": 0.03661724980124706, "dense2_weight_decay": 2.4434349087765974e-05, "1cycle_initial_lr_pct": 0.018156476885489544, "1cycle_final_lr_pct": 0.0021682381766409864, "1cycle_pct_warmup": 0.2622279123285401, "1cycle_max_lr": 6.975082318956312, "1cycle_momentum_max_damping_factor": 0.0036475110201952335, "1cycle_momentum_min_damping_factor_pct": 0.9774630439266969, "conv1_channels": 4, "conv2_channels": 19, "conv3_channels": 230, "dense1_units": 15}