{"optimizer": "adam", "epochs": 12, "batch_size": 124, "conv1_weight_decay": 0.03654432905620814, "conv2_weight_decay": 0.009258793012050395, "conv3_weight_decay": 3.557641210729205e-06, "dense1_weight_decay": 3.7328142851756498e-06, "dense2_weight_decay": 2.1494567919414432e-07, "1cycle_initial_lr_pct": 0.020567101633002873, "1cycle_final_lr_pct": 0.0028343844107906295, "1cycle_pct_warmup": 0.07653933095745742, "1cycle_max_lr": 6.262597040045446, "conv1_channels": 4, "conv2_channels": 54, "conv3_channels": 52, "dense1_units": 216}