{"accuracy": 0.10279999673366547, "loss": 3.3341619968414307, "training_time": 5.383672714233398}