{"accuracy": 0.11349999904632568, "loss": 2.3017828464508057, "training_time": 26.04456853866577}