{"optimizer": "sgd", "nesterov": true, "epochs": 48, "batch_size": 46, "conv1_weight_decay": 0.04426126261720743, "conv2_weight_decay": 0.017071289794060317, "conv3_weight_decay": 5.012640798876799e-07, "dense1_weight_decay": 1.4461384255927293e-05, "dense2_weight_decay": 9.214120226827816e-05, "1cycle_initial_lr_pct": 0.11447509179205322, "1cycle_final_lr_pct": 0.0004305083184538301, "1cycle_pct_warmup": 0.23708413744345308, "1cycle_max_lr": 16.39799688674179, "1cycle_max_momentum": 0.0029096431547775865, "1cycle_min_momentum_pct": 0.1745495554059744, "conv1_channels": 38, "conv2_channels": 76, "conv3_channels": 42, "dense1_units": 49}