{"optimizer": "adam", "epochs": 3, "batch_size": 750, "conv1_weight_decay": 0.013276550552032867, "conv2_weight_decay": 0.0002039135258842367, "conv3_weight_decay": 1.4575445482232587e-05, "dense1_weight_decay": 0.002850734165870698, "dense2_weight_decay": 8.079922138273522e-07, "1cycle_initial_lr_pct": 0.11129092991151586, "1cycle_final_lr_pct": 3.336823855931589e-05, "1cycle_pct_warmup": 0.07529192768987726, "1cycle_max_lr": 14.697155918142071, "1cycle_beta1_max_damping_factor": 0.002972147508130716, "1cycle_beta1_min_damping_factor_pct": 0.19523535175253354, "beta2_damping_factor": 0.022293274443167494, "conv1_channels": 13, "conv2_channels": 29, "conv3_channels": 81, "dense1_units": 208}