{"optimizer": "adam", "epochs": 4, "batch_size": 1040, "conv1_weight_decay": 0.21046883141863187, "conv2_weight_decay": 0.0007708333208370744, "conv3_weight_decay": 0.26064681444527876, "dense1_weight_decay": 0.022294774571135125, "dense2_weight_decay": 1.259260748771955e-07, "1cycle_initial_lr_pct": 0.02350719055262069, "1cycle_final_lr_pct": 0.0020201726347439603, "1cycle_pct_warmup": 0.05949560593021812, "1cycle_max_lr": 3.990449797529737, "1cycle_beta1_max_damping_factor": 0.12995145583360215, "1cycle_beta1_min_damping_factor_pct": 0.3181185967927841, "beta2_damping_factor": 0.0006344945682949766, "conv1_channels": 43, "conv2_channels": 27, "conv3_channels": 128, "dense1_units": 154}