{"optimizer": "sgd", "nesterov": true, "epochs": 23, "batch_size": 238, "conv1_weight_decay": 0.2741164010520403, "conv2_weight_decay": 0.021076847852341242, "conv3_weight_decay": 0.0008531798003150877, "dense1_weight_decay": 2.1856393351456786e-06, "dense2_weight_decay": 2.003573387407682e-05, "1cycle_initial_lr_pct": 0.019042998936702922, "1cycle_final_lr_pct": 0.0026296316513155695, "1cycle_pct_warmup": 0.4777258450631052, "1cycle_max_lr": 3.5365614964684244, "1cycle_max_momentum": 0.5553746355126612, "1cycle_min_momentum_pct": 0.58985152002424, "conv1_channels": 6, "conv2_channels": 17, "conv3_channels": 81, "dense1_units": 27}