{"accuracy": 0.11349999904632568, "loss": 2.3015294075012207, "training_time": 29.077198266983032}