{"optimizer": "sgd", "nesterov": true, "epochs": 27, "batch_size": 865, "conv1_weight_decay": 0.0027991786591032046, "conv2_weight_decay": 4.0139982649407224e-07, "conv3_weight_decay": 3.6174831338657877e-05, "dense1_weight_decay": 0.1016852449445432, "dense2_weight_decay": 6.862736722168346e-07, "1cycle_initial_lr_pct": 0.02951965781890577, "1cycle_final_lr_pct": 0.003654790113460948, "1cycle_pct_warmup": 0.27219565404579044, "1cycle_max_lr": 0.35415627932692945, "1cycle_max_momentum": 0.1944268648386933, "1cycle_min_momentum_pct": 0.7902785623446107, "conv1_channels": 4, "conv2_channels": 62, "conv3_channels": 15, "dense1_units": 105}