{"optimizer": "adam", "epochs": 2, "batch_size": 34, "conv1_weight_decay": 0.0032187163415877116, "conv2_weight_decay": 7.59800297948004e-05, "conv3_weight_decay": 3.184100000559715e-06, "dense1_weight_decay": 6.290247537411567e-07, "dense2_weight_decay": 0.00014034901737680215, "1cycle_initial_lr_pct": 0.014799698479871485, "1cycle_final_lr_pct": 0.0012030760496956308, "1cycle_pct_warmup": 0.016094014893285016, "1cycle_max_lr": 0.05135461164013316, "1cycle_beta1_max_damping_factor": 0.17143744237855313, "1cycle_beta1_min_damping_factor_pct": 0.10408121335363577, "beta2_damping_factor": 0.3697413656741794, "conv1_channels": 9, "conv2_channels": 31, "conv3_channels": 51, "dense1_units": 43}