{"accuracy": 0.9825000166893005, "loss": 0.10696302354335785, "training_time": 21.363266944885254}