{"accuracy": 0.9387000203132629, "loss": 0.28213194012641907, "training_time": 15.220487356185913}