{"optimizer": "adam", "epochs": 2, "batch_size": 46, "conv1_weight_decay": 9.554282242508406e-06, "conv2_weight_decay": 9.186095049140757e-06, "conv3_weight_decay": 5.5231133241765515e-06, "dense1_weight_decay": 1.3632622376626626e-05, "dense2_weight_decay": 0.00029165278416010636, "1cycle_initial_lr_pct": 0.04705528386831568, "1cycle_final_lr_pct": 0.0004916746548864628, "1cycle_pct_warmup": 0.050354303863535545, "1cycle_max_lr": 4.458802290724076, "1cycle_beta1_max_damping_factor": 0.018598385786071293, "1cycle_beta1_min_damping_factor_pct": 0.708972866979588, "beta2_damping_factor": 0.0007028005816811539, "conv1_channels": 10, "conv2_channels": 17, "conv3_channels": 17, "dense1_units": 81}