{"optimizer": "sgd", "nesterov": false, "epochs": 32, "batch_size": 632, "conv1_weight_decay": 4.261105946717039e-06, "conv2_weight_decay": 3.9566918956922645e-06, "conv3_weight_decay": 1.9952475082412722e-07, "dense1_weight_decay": 0.005436596723774489, "dense2_weight_decay": 0.006943729707439648, "1cycle_initial_lr_pct": 0.04346479120836524, "1cycle_final_lr_pct": 0.0001339320192618015, "1cycle_pct_warmup": 0.4522841458301991, "1cycle_max_lr": 3.0407823356475987, "1cycle_max_momentum": 0.39760045679882167, "1cycle_min_momentum_pct": 0.12959992606192827, "conv1_channels": 7, "conv2_channels": 12, "conv3_channels": 90, "dense1_units": 76}