{"accuracy": 0.11349999904632568, "loss": 2.30136775970459, "training_time": 21.395880460739136}