{"optimizer": "adam", "epochs": 54, "batch_size": 743, "conv1_weight_decay": 1.6517825087457407e-05, "conv2_weight_decay": 0.09265463851507307, "conv3_weight_decay": 1.2309283325532946e-07, "dense1_weight_decay": 0.03325059803128514, "dense2_weight_decay": 0.0010491188572098816, "1cycle_initial_lr_pct": 0.2520541591075381, "1cycle_final_lr_pct": 0.0006655250759026074, "1cycle_pct_warmup": 0.010455038381781964, "1cycle_max_lr": 0.899396383006984, "1cycle_beta1_max_damping_factor": 0.000772743171886965, "1cycle_beta1_min_damping_factor_pct": 0.4409421499779921, "beta2_damping_factor": 0.03221596651298977, "conv1_channels": 54, "conv2_channels": 10, "conv3_channels": 108, "dense1_units": 11}