{"optimizer": "sgd", "nesterov": false, "epochs": 6, "batch_size": 46, "conv1_weight_decay": 1.8061300502378097e-05, "conv2_weight_decay": 0.0031530983241808107, "conv3_weight_decay": 9.104461800086225e-06, "dense1_weight_decay": 4.008287211806382e-06, "dense2_weight_decay": 0.0017583446113326362, "1cycle_initial_lr_pct": 0.3703747537257944, "1cycle_final_lr_pct": 0.008521315123277178, "1cycle_pct_warmup": 0.3074465074017644, "1cycle_max_lr": 0.49637502595451416, "1cycle_max_momentum": 0.7451742035589181, "1cycle_min_momentum_pct": 0.8483914704993367, "conv1_channels": 24, "conv2_channels": 24, "conv3_channels": 37, "dense1_units": 37}