{"accuracy": 0.11349999904632568, "loss": 2.3088161945343018, "training_time": 35.33804678916931}