{"optimizer": "adam", "epochs": 3, "batch_size": 27, "conv1_weight_decay": 0.048424460029769606, "conv2_weight_decay": 0.20139230197430413, "conv3_weight_decay": 0.0007215571742822885, "dense1_weight_decay": 0.0002200318569361726, "dense2_weight_decay": 0.07833012732625302, "1cycle_initial_lr_pct": 0.42544772060982566, "1cycle_final_lr_pct": 7.157017233006071e-05, "1cycle_pct_warmup": 0.06429205696635246, "1cycle_max_lr": 10.975183803395177, "1cycle_beta1_max_damping_factor": 0.007249720268908063, "1cycle_beta1_min_damping_factor_pct": 0.3716060438463684, "beta2_damping_factor": 0.08277898959618833, "conv1_channels": 37, "conv2_channels": 12, "conv3_channels": 126, "dense1_units": 184}