{"optimizer": "sgd", "nesterov": false, "epochs": 40, "batch_size": 269, "conv1_weight_decay": 0.07297944295632383, "conv2_weight_decay": 0.001139372705071597, "conv3_weight_decay": 0.08524415761844281, "dense1_weight_decay": 0.00014373431147333187, "dense2_weight_decay": 0.029058039267245202, "1cycle_initial_lr_pct": 0.2316260576131295, "1cycle_final_lr_pct": 0.00026555630430530314, "1cycle_pct_warmup": 0.4953655965067446, "1cycle_max_lr": 11.449156283994537, "1cycle_max_momentum": 0.5693857721555047, "1cycle_min_momentum_pct": 0.7171752126887441, "conv1_channels": 11, "conv2_channels": 22, "conv3_channels": 27, "dense1_units": 24}