{"accuracy": 0.11349999904632568, "loss": 2.3010172843933105, "training_time": 82.81450510025024}