{"optimizer": "adam", "epochs": 7, "batch_size": 955, "conv1_weight_decay": 0.0007621848505880658, "conv2_weight_decay": 0.0014368757372570573, "conv3_weight_decay": 1.0799449200659158e-07, "dense1_weight_decay": 1.9336383720082716e-05, "dense2_weight_decay": 1.2769283416952817e-05, "1cycle_initial_lr_pct": 0.11827095417167843, "1cycle_final_lr_pct": 0.0007319853883483617, "1cycle_pct_warmup": 0.01213244165675649, "1cycle_max_lr": 0.3766572874017563, "1cycle_beta1_max_damping_factor": 0.011798116352466359, "1cycle_beta1_min_damping_factor_pct": 0.8240844682975469, "beta2_damping_factor": 0.0005242883800762768, "conv1_channels": 46, "conv2_channels": 62, "conv3_channels": 255, "dense1_units": 92}