{"optimizer": "sgd", "nesterov": true, "epochs": 13, "batch_size": 57, "conv1_weight_decay": 0.0006564930999193579, "conv2_weight_decay": 0.23501391141990619, "conv3_weight_decay": 9.926832952672168e-06, "dense1_weight_decay": 0.003724915651990221, "dense2_weight_decay": 1.1738398137359243e-07, "1cycle_initial_lr_pct": 0.11055813830064647, "1cycle_final_lr_pct": 0.008192179432618935, "1cycle_pct_warmup": 0.28754611262120305, "1cycle_max_lr": 0.02957709446266122, "1cycle_max_momentum": 0.09331725084632635, "1cycle_min_momentum_pct": 0.7396016353741288, "conv1_channels": 10, "conv2_channels": 10, "conv3_channels": 78, "dense1_units": 31}