{"optimizer": "adam", "epochs": 7, "batch_size": 1712, "conv1_weight_decay": 8.310243595679517e-07, "conv2_weight_decay": 6.9987864280064266e-06, "conv3_weight_decay": 0.0010511290363644523, "dense1_weight_decay": 3.439829198219603e-05, "dense2_weight_decay": 0.003015383189910611, "1cycle_initial_lr_pct": 0.01747691550034709, "1cycle_final_lr_pct": 0.0013119411404315879, "1cycle_pct_warmup": 0.2296518882478956, "1cycle_max_lr": 0.734801022972281, "1cycle_beta1_max_damping_factor": 0.00018696709648729207, "1cycle_beta1_min_damping_factor_pct": 0.20130691297916622, "beta2_damping_factor": 0.0056024418321413295, "conv1_channels": 6, "conv2_channels": 9, "conv3_channels": 248, "dense1_units": 56}