{"optimizer": "sgd", "nesterov": false, "epochs": 12, "batch_size": 155, "conv1_weight_decay": 1.0060134938463194e-06, "conv2_weight_decay": 2.6797404589180736e-06, "conv3_weight_decay": 0.10316875726418649, "dense1_weight_decay": 0.0006233625041796085, "dense2_weight_decay": 0.00022730431064589687, "1cycle_initial_lr_pct": 0.024755708170557292, "1cycle_final_lr_pct": 0.004091408745621822, "1cycle_pct_warmup": 0.11128565821796654, "1cycle_max_lr": 0.5196853211901017, "1cycle_max_momentum": 0.015247273885365576, "1cycle_min_momentum_pct": 0.6588553413748741, "conv1_channels": 19, "conv2_channels": 70, "conv3_channels": 179, "dense1_units": 114}