{"accuracy": 0.8011000156402588, "loss": 2.7452452182769775, "training_time": 5.5820958614349365}