{"accuracy": 0.9894999861717224, "loss": 0.09953869879245758, "training_time": 41.84035873413086}