{"optimizer": "adam", "epochs": 15, "batch_size": 3795, "conv1_weight_decay": 2.1188098234772003e-07, "conv2_weight_decay": 0.00019642489553620766, "conv3_weight_decay": 0.0012756858146521933, "dense1_weight_decay": 4.618157319297679e-06, "dense2_weight_decay": 1.8084619821809807e-06, "1cycle_initial_lr_pct": 0.018841552478838102, "1cycle_final_lr_pct": 3.656611281171418e-05, "1cycle_pct_warmup": 0.3892045602016151, "1cycle_max_lr": 0.31514603310783484, "conv1_channels": 49, "conv2_channels": 57, "conv3_channels": 88, "dense1_units": 17}