{"optimizer": "sgd", "nesterov": true, "epochs": 9, "batch_size": 119, "conv1_weight_decay": 4.855601116711781e-07, "conv2_weight_decay": 0.012227471994396293, "conv3_weight_decay": 0.0249847435970491, "dense1_weight_decay": 0.0014212271830579201, "dense2_weight_decay": 2.993077638273376e-05, "1cycle_initial_lr_pct": 0.02316648358540219, "1cycle_final_lr_pct": 0.0001422168302200025, "1cycle_pct_warmup": 0.04266887665218535, "1cycle_max_lr": 0.05389721370193472, "1cycle_momentum_max_damping_factor": 0.5050611131564107, "1cycle_momentum_min_damping_factor_pct": 0.5145074788817532, "conv1_channels": 27, "conv2_channels": 13, "conv3_channels": 108, "dense1_units": 211}