{"accuracy": 0.986299991607666, "loss": 0.22290892899036407, "training_time": 20.091769218444824}