{"accuracy": 0.9355000257492065, "loss": 0.29242804646492004, "training_time": 21.42807126045227}