{"optimizer": "adam", "epochs": 2, "batch_size": 371, "conv1_weight_decay": 5.737765718854703e-06, "conv2_weight_decay": 8.36563175303087e-06, "conv3_weight_decay": 0.007439147062454365, "dense1_weight_decay": 5.498274684906411e-05, "dense2_weight_decay": 0.022929676372173177, "1cycle_initial_lr_pct": 0.07089572086677179, "1cycle_final_lr_pct": 0.004732050274962656, "1cycle_pct_warmup": 0.1707974708918482, "1cycle_max_lr": 3.2104238176979285, "conv1_channels": 62, "conv2_channels": 13, "conv3_channels": 31, "dense1_units": 7}