{"optimizer": "sgd", "nesterov": false, "epochs": 17, "batch_size": 19, "conv1_weight_decay": 6.921805023924676e-06, "conv2_weight_decay": 1.1068745695185348e-06, "conv3_weight_decay": 0.0013427836749354102, "dense1_weight_decay": 0.0006792822365674776, "dense2_weight_decay": 0.0943290182384453, "1cycle_initial_lr_pct": 0.06464498310397221, "1cycle_final_lr_pct": 0.001659200784786769, "1cycle_pct_warmup": 0.14747854243234293, "1cycle_max_lr": 4.751646421016206, "1cycle_momentum_max_damping_factor": 0.0065227265947765895, "1cycle_momentum_min_damping_factor_pct": 0.5859031859951289, "conv1_channels": 17, "conv2_channels": 119, "conv3_channels": 18, "dense1_units": 17}