{"accuracy": 0.10279999673366547, "loss": 5.971203804016113, "training_time": 6.090012550354004}