{"optimizer": "adam", "epochs": 46, "batch_size": 3385, "conv1_weight_decay": 3.743896718671242e-05, "conv2_weight_decay": 2.509549585698585e-05, "conv3_weight_decay": 2.1648416164778396e-05, "dense1_weight_decay": 0.011856604373820367, "dense2_weight_decay": 1.9707033847755734e-05, "1cycle_initial_lr_pct": 0.12383442734626648, "1cycle_final_lr_pct": 0.00011172777512207636, "1cycle_pct_warmup": 0.01536540024844897, "1cycle_max_lr": 16.178188236828873, "1cycle_beta1_max_damping_factor": 0.0006892193638949456, "1cycle_beta1_min_damping_factor_pct": 0.22799459220849955, "beta2_damping_factor": 0.014125627950838018, "conv1_channels": 10, "conv2_channels": 34, "conv3_channels": 42, "dense1_units": 205}