{"optimizer": "sgd", "nesterov": true, "epochs": 9, "batch_size": 85, "conv1_weight_decay": 0.00012128980416680462, "conv2_weight_decay": 1.6287501672172184e-06, "conv3_weight_decay": 3.9625670336258435e-07, "dense1_weight_decay": 1.5125084345906992e-06, "dense2_weight_decay": 1.6969566360908848e-07, "1cycle_initial_lr_pct": 0.1001380271631412, "1cycle_final_lr_pct": 0.00015218207404846246, "1cycle_pct_warmup": 0.2766933776438236, "1cycle_max_lr": 15.62887018744163, "1cycle_max_momentum": 0.527744351154752, "1cycle_min_momentum_pct": 0.557393885217607, "conv1_channels": 26, "conv2_channels": 88, "conv3_channels": 46, "dense1_units": 74}