{"accuracy": 0.11349999904632568, "loss": 2.302140712738037, "training_time": 31.369915008544922}