{"optimizer": "adam", "epochs": 3, "batch_size": 1121, "conv1_weight_decay": 1.2803197049486851e-06, "conv2_weight_decay": 0.0020730884566698025, "conv3_weight_decay": 3.5621228828251786e-07, "dense1_weight_decay": 0.00013842852736325087, "dense2_weight_decay": 0.0005802697701246417, "1cycle_initial_lr_pct": 0.2825173766503475, "1cycle_final_lr_pct": 0.0006421318970052822, "1cycle_pct_warmup": 0.05131734491740148, "1cycle_max_lr": 17.147147080581846, "1cycle_beta1_max_damping_factor": 0.03145947707359894, "1cycle_beta1_min_damping_factor_pct": 0.7662432081435075, "beta2_damping_factor": 0.16482423615791222, "conv1_channels": 11, "conv2_channels": 24, "conv3_channels": 205, "dense1_units": 11}