{"optimizer": "sgd", "nesterov": true, "epochs": 46, "batch_size": 228, "conv1_weight_decay": 1.5984135797270012e-06, "conv2_weight_decay": 0.14108716741072666, "conv3_weight_decay": 2.031228211762783e-05, "dense1_weight_decay": 0.0003544375729984246, "dense2_weight_decay": 0.002553538022906102, "1cycle_initial_lr_pct": 0.3253076150025534, "1cycle_final_lr_pct": 0.008793395854967788, "1cycle_pct_warmup": 0.4496521697938442, "1cycle_max_lr": 14.670124482029175, "1cycle_max_momentum": 0.07292956995209679, "1cycle_min_momentum_pct": 0.5091490000486374, "conv1_channels": 11, "conv2_channels": 10, "conv3_channels": 26, "dense1_units": 79}