{"optimizer": "adam", "epochs": 4, "batch_size": 179, "conv1_weight_decay": 2.1642646025122195e-05, "conv2_weight_decay": 2.8949138202635265e-06, "conv3_weight_decay": 0.0031326940304115345, "dense1_weight_decay": 8.35493927540997e-07, "dense2_weight_decay": 2.5011239402175152e-05, "1cycle_initial_lr_pct": 0.15759428153197313, "1cycle_final_lr_pct": 0.00016307753391489694, "1cycle_pct_warmup": 0.18952480563893914, "1cycle_max_lr": 10.701707204997096, "conv1_channels": 18, "conv2_channels": 11, "conv3_channels": 83, "dense1_units": 9}