{"optimizer": "sgd", "nesterov": true, "epochs": 27, "batch_size": 1544, "conv1_weight_decay": 1.1793220492406665e-05, "conv2_weight_decay": 7.364762379306098e-06, "conv3_weight_decay": 0.010718194154105323, "dense1_weight_decay": 0.007233039897190339, "dense2_weight_decay": 1.5159358881904477e-07, "1cycle_initial_lr_pct": 0.15140081308380568, "1cycle_final_lr_pct": 0.00010884162313863808, "1cycle_pct_warmup": 0.18078110062442113, "1cycle_max_lr": 11.688185939488939, "1cycle_momentum_max_damping_factor": 0.005482464621282359, "1cycle_momentum_min_damping_factor_pct": 0.849729756185653, "conv1_channels": 17, "conv2_channels": 46, "conv3_channels": 51, "dense1_units": 7}