{"optimizer": "sgd", "nesterov": true, "epochs": 6, "batch_size": 623, "conv1_weight_decay": 0.010490258731522843, "conv2_weight_decay": 4.1951140347570405e-06, "conv3_weight_decay": 2.270708724917043e-05, "dense1_weight_decay": 0.01949384240912, "dense2_weight_decay": 5.972357737883606e-05, "1cycle_initial_lr_pct": 0.0212655036909907, "1cycle_final_lr_pct": 0.0018560566020413435, "1cycle_pct_warmup": 0.030751152606680987, "1cycle_max_lr": 2.5224702620579937, "1cycle_max_momentum": 0.8582757423886098, "1cycle_min_momentum_pct": 0.8308427687734365, "conv1_channels": 6, "conv2_channels": 33, "conv3_channels": 79, "dense1_units": 24}