{"optimizer": "adam", "epochs": 37, "batch_size": 48, "conv1_weight_decay": 0.022538935229694485, "conv2_weight_decay": 8.413709686144426e-07, "conv3_weight_decay": 2.987213118603892e-07, "dense1_weight_decay": 3.8029006705842585e-06, "dense2_weight_decay": 2.2947091315368923e-06, "1cycle_initial_lr_pct": 0.01876624604559103, "1cycle_final_lr_pct": 0.009704500396289766, "1cycle_pct_warmup": 0.38695953731226707, "1cycle_max_lr": 1.8266144003814333, "1cycle_beta1_max_damping_factor": 0.07160749083982773, "1cycle_beta1_min_damping_factor_pct": 0.1645014734201368, "beta2_damping_factor": 0.0005939432180529324, "conv1_channels": 41, "conv2_channels": 12, "conv3_channels": 23, "dense1_units": 18}