{"accuracy": 0.11349999904632568, "loss": 2.572967767715454, "training_time": 11.152966022491455}