{"optimizer": "adam", "epochs": 18, "batch_size": 1716, "conv1_weight_decay": 0.002148319653176125, "conv2_weight_decay": 5.531973690846938e-07, "conv3_weight_decay": 5.248806439613331e-06, "dense1_weight_decay": 0.00024821900521121367, "dense2_weight_decay": 1.7888301514705753e-05, "1cycle_initial_lr_pct": 0.0797570618922357, "1cycle_final_lr_pct": 0.0003338049657775222, "1cycle_pct_warmup": 0.43225633091293275, "1cycle_max_lr": 0.1428342865501439, "conv1_channels": 62, "conv2_channels": 64, "conv3_channels": 27, "dense1_units": 125}