{"optimizer": "sgd", "nesterov": true, "epochs": 6, "batch_size": 214, "conv1_weight_decay": 0.0040085229600528875, "conv2_weight_decay": 0.00015129912774884506, "conv3_weight_decay": 1.7857217500987322e-07, "dense1_weight_decay": 8.812333406444223e-05, "dense2_weight_decay": 1.1152947510264662e-07, "1cycle_initial_lr_pct": 0.08606161261778768, "1cycle_final_lr_pct": 6.16667042168781e-05, "1cycle_pct_warmup": 0.03343475153028907, "1cycle_max_lr": 0.024373258066078332, "1cycle_momentum_max_damping_factor": 0.0019307905136882542, "1cycle_momentum_min_damping_factor_pct": 0.2339342340557843, "conv1_channels": 6, "conv2_channels": 21, "conv3_channels": 17, "dense1_units": 103}