{"accuracy": 0.11349999904632568, "loss": 2.377268075942993, "training_time": 42.0576286315918}