{"optimizer": "sgd", "nesterov": false, "epochs": 11, "batch_size": 101, "conv1_weight_decay": 1.5884482903361186e-07, "conv2_weight_decay": 0.003950694015235797, "conv3_weight_decay": 4.115848557520269e-06, "dense1_weight_decay": 0.00032921264956899116, "dense2_weight_decay": 3.1532994740204338e-06, "1cycle_initial_lr_pct": 0.10379567405635164, "1cycle_final_lr_pct": 0.0004148118803122265, "1cycle_pct_warmup": 0.033461690364770445, "1cycle_max_lr": 9.349633149248454, "1cycle_momentum_max_damping_factor": 0.2579629946289315, "1cycle_momentum_min_damping_factor_pct": 0.9700205167698559, "conv1_channels": 4, "conv2_channels": 34, "conv3_channels": 159, "dense1_units": 66}