{"optimizer": "adam", "epochs": 3, "batch_size": 2964, "conv1_weight_decay": 3.012011881520856e-07, "conv2_weight_decay": 0.07998768985167906, "conv3_weight_decay": 2.9586630660298548e-05, "dense1_weight_decay": 7.892889255269191e-05, "dense2_weight_decay": 2.7538925716180807e-05, "1cycle_initial_lr_pct": 0.1236763412336375, "1cycle_final_lr_pct": 0.00011052479484122372, "1cycle_pct_warmup": 0.43412779742851854, "1cycle_max_lr": 8.480160884834428, "conv1_channels": 10, "conv2_channels": 37, "conv3_channels": 195, "dense1_units": 163}