{"accuracy": 0.11349999904632568, "loss": 2.3015732765197754, "training_time": 27.085863828659058}