{"accuracy": 0.09799999743700027, "loss": 20.0, "training_time": 11.359103441238403}