{"optimizer": "sgd", "nesterov": true, "epochs": 4, "batch_size": 63, "conv1_weight_decay": 0.05219295460727687, "conv2_weight_decay": 3.202526254346356e-06, "conv3_weight_decay": 0.00020083751804631428, "dense1_weight_decay": 0.00010752394164377253, "dense2_weight_decay": 0.00031349239017083456, "1cycle_initial_lr_pct": 0.050976871540792355, "1cycle_final_lr_pct": 0.009957007615560004, "1cycle_pct_warmup": 0.2494415902532637, "1cycle_max_lr": 0.02184471423226598, "1cycle_max_momentum": 0.05022805395014584, "1cycle_min_momentum_pct": 0.0395435681566596, "conv1_channels": 11, "conv2_channels": 18, "conv3_channels": 18, "dense1_units": 93}