{"optimizer": "adam", "epochs": 30, "batch_size": 3993, "conv1_weight_decay": 0.060575955107627574, "conv2_weight_decay": 8.103705483978724e-06, "conv3_weight_decay": 0.048628483989322874, "dense1_weight_decay": 0.00038049410099082664, "dense2_weight_decay": 0.006194687373341238, "1cycle_initial_lr_pct": 0.05047786123789682, "1cycle_final_lr_pct": 0.0005781818924850539, "1cycle_pct_warmup": 0.08374103119542316, "1cycle_max_lr": 0.07548391701792982, "1cycle_beta1_max_damping_factor": 0.029778170095579006, "1cycle_beta1_min_damping_factor_pct": 0.39757568717569297, "beta2_damping_factor": 0.28100543388031585, "conv1_channels": 7, "conv2_channels": 22, "conv3_channels": 21, "dense1_units": 32}