{"accuracy": 0.9663000106811523, "loss": 0.1738978624343872, "training_time": 17.78007435798645}