{"accuracy": 0.9646000266075134, "loss": 0.5277654528617859, "training_time": 11.35354733467102}