{"optimizer": "adam", "epochs": 57, "batch_size": 451, "conv1_weight_decay": 0.00031800584567522673, "conv2_weight_decay": 1.1221308844995141e-07, "conv3_weight_decay": 0.008613342965741627, "dense1_weight_decay": 0.07300638023612913, "dense2_weight_decay": 0.00010152961064883946, "1cycle_initial_lr_pct": 0.013261746036302502, "1cycle_final_lr_pct": 0.0035657141619724357, "1cycle_pct_warmup": 0.19067204732447862, "1cycle_max_lr": 0.20298893332261628, "conv1_channels": 4, "conv2_channels": 15, "conv3_channels": 255, "dense1_units": 10}