{"optimizer": "sgd", "nesterov": true, "epochs": 4, "batch_size": 17, "conv1_weight_decay": 0.00025276311283346905, "conv2_weight_decay": 3.9787170450561804e-05, "conv3_weight_decay": 0.0012481872270805373, "dense1_weight_decay": 3.836858324652995e-07, "dense2_weight_decay": 7.233072545386592e-07, "1cycle_initial_lr_pct": 0.028643221718776334, "1cycle_final_lr_pct": 0.0012776239642888184, "1cycle_pct_warmup": 0.18330079083245965, "1cycle_max_lr": 0.02757080396445005, "1cycle_momentum_max_damping_factor": 0.035333189398723756, "1cycle_momentum_min_damping_factor_pct": 0.36590894427491616, "conv1_channels": 22, "conv2_channels": 18, "conv3_channels": 43, "dense1_units": 62}