{"accuracy": 0.11349999904632568, "loss": 2.3013715744018555, "training_time": 39.013904094696045}