{"optimizer": "adam", "epochs": 38, "batch_size": 1580, "conv1_weight_decay": 8.713823892912262e-06, "conv2_weight_decay": 0.28065420310311867, "conv3_weight_decay": 0.0008670504463340626, "dense1_weight_decay": 0.0127946762793093, "dense2_weight_decay": 0.10412721722456263, "1cycle_initial_lr_pct": 0.01982550710661071, "1cycle_final_lr_pct": 0.0013473305723528594, "1cycle_pct_warmup": 0.19789223028346897, "1cycle_max_lr": 0.7551902476526524, "conv1_channels": 13, "conv2_channels": 34, "conv3_channels": 43, "dense1_units": 105}