{"optimizer": "sgd", "nesterov": true, "epochs": 2, "batch_size": 202, "conv1_weight_decay": 5.942085823159154e-06, "conv2_weight_decay": 0.0013770286210810414, "conv3_weight_decay": 0.2585344077450423, "dense1_weight_decay": 1.016155025662081e-06, "dense2_weight_decay": 0.01888400921688773, "1cycle_initial_lr_pct": 0.01831509738605106, "1cycle_final_lr_pct": 0.005324876788712403, "1cycle_pct_warmup": 0.11188652525501533, "1cycle_max_lr": 0.6777968728620815, "1cycle_momentum_max_damping_factor": 0.00036704571115749095, "1cycle_momentum_min_damping_factor_pct": 0.6552578097197739, "conv1_channels": 9, "conv2_channels": 9, "conv3_channels": 55, "dense1_units": 247}