{"accuracy": 0.11349999904632568, "loss": 2.301814556121826, "training_time": 42.016337871551514}