{"accuracy": 0.09740000218153, "loss": 3.186762809753418, "training_time": 5.40654993057251}