{"optimizer": "sgd", "nesterov": true, "epochs": 34, "batch_size": 3741, "conv1_weight_decay": 0.1259082940397458, "conv2_weight_decay": 0.2464131406210991, "conv3_weight_decay": 0.0018455743074236883, "dense1_weight_decay": 0.000809933097933254, "dense2_weight_decay": 2.799550912189071e-06, "1cycle_initial_lr_pct": 0.3875493107689456, "1cycle_final_lr_pct": 6.579350825807723e-05, "1cycle_pct_warmup": 0.138185716252774, "1cycle_max_lr": 0.17823360238378413, "1cycle_max_momentum": 0.44442356062224136, "1cycle_min_momentum_pct": 0.20631813630461693, "conv1_channels": 17, "conv2_channels": 115, "conv3_channels": 158, "dense1_units": 7}