{"optimizer": "adam", "epochs": 2, "batch_size": 110, "conv1_weight_decay": 0.14448463268739664, "conv2_weight_decay": 0.001195814540901526, "conv3_weight_decay": 0.035722412404382765, "dense1_weight_decay": 4.879004124147066e-05, "dense2_weight_decay": 5.029004266383803e-05, "1cycle_initial_lr_pct": 0.27807192905962835, "1cycle_final_lr_pct": 0.00023021950463486434, "1cycle_pct_warmup": 0.13126748688979237, "1cycle_max_lr": 0.03278407767446315, "1cycle_beta1_max_damping_factor": 0.00010248544034308549, "1cycle_beta1_min_damping_factor_pct": 0.31188505844792924, "beta2_damping_factor": 0.004489087049374728, "conv1_channels": 17, "conv2_channels": 110, "conv3_channels": 17, "dense1_units": 56}