{"accuracy": 0.8862000107765198, "loss": 0.7320895195007324, "training_time": 82.96687078475952}