{"accuracy": 0.9523000121116638, "loss": 0.9138726592063904, "training_time": 7.388161659240723}