{"optimizer": "sgd", "nesterov": false, "epochs": 11, "batch_size": 32, "conv1_weight_decay": 0.06707144165960034, "conv2_weight_decay": 0.000993489082569094, "conv3_weight_decay": 0.00016833599916222123, "dense1_weight_decay": 6.329892820927269e-06, "dense2_weight_decay": 0.0003511128021585442, "1cycle_initial_lr_pct": 0.3029967520212336, "1cycle_final_lr_pct": 0.007981009741483282, "1cycle_pct_warmup": 0.11547226233634239, "1cycle_max_lr": 10.156504920515303, "1cycle_momentum_max_damping_factor": 0.15034539381996703, "1cycle_momentum_min_damping_factor_pct": 0.14981444659595947, "conv1_channels": 4, "conv2_channels": 41, "conv3_channels": 101, "dense1_units": 37}