{"optimizer": "adam", "epochs": 3, "batch_size": 918, "conv1_weight_decay": 0.05331850473164232, "conv2_weight_decay": 0.02388196211818445, "conv3_weight_decay": 6.925866448959651e-07, "dense1_weight_decay": 0.0022044590044560997, "dense2_weight_decay": 0.005519373361932161, "1cycle_initial_lr_pct": 0.33681298841861923, "1cycle_final_lr_pct": 0.002254849549744711, "1cycle_pct_warmup": 0.16028487220406534, "1cycle_max_lr": 12.38245665370107, "conv1_channels": 48, "conv2_channels": 15, "conv3_channels": 77, "dense1_units": 207}