{"optimizer": "sgd", "nesterov": false, "epochs": 7, "batch_size": 56, "conv1_weight_decay": 0.18149744195025236, "conv2_weight_decay": 4.105527660117797e-05, "conv3_weight_decay": 0.007397139004935255, "dense1_weight_decay": 0.00047720585930849065, "dense2_weight_decay": 3.582200153296264e-05, "1cycle_initial_lr_pct": 0.03391569856761337, "1cycle_final_lr_pct": 0.0022191584576658893, "1cycle_pct_warmup": 0.3822015012614429, "1cycle_max_lr": 0.8693630115198289, "1cycle_max_momentum": 0.9249913374692201, "1cycle_min_momentum_pct": 0.5364693682640791, "conv1_channels": 31, "conv2_channels": 119, "conv3_channels": 217, "dense1_units": 175}