{"optimizer": "adam", "epochs": 46, "batch_size": 1000, "conv1_weight_decay": 0.18076175884878626, "conv2_weight_decay": 3.105134725047185e-07, "conv3_weight_decay": 0.001391228784376022, "dense1_weight_decay": 3.359481615999136e-05, "dense2_weight_decay": 3.999278241894886e-06, "1cycle_initial_lr_pct": 0.03299966149153391, "1cycle_final_lr_pct": 0.007805200044242523, "1cycle_pct_warmup": 0.03997903704776238, "1cycle_max_lr": 0.5692492596930525, "1cycle_beta1_max_damping_factor": 0.00042106993194589707, "1cycle_beta1_min_damping_factor_pct": 0.29152569119074023, "beta2_damping_factor": 0.0016928991639817493, "conv1_channels": 4, "conv2_channels": 34, "conv3_channels": 92, "dense1_units": 12}