{"accuracy": 0.3763999938964844, "loss": 2.064577341079712, "training_time": 21.247517108917236}