{"optimizer": "sgd", "nesterov": true, "epochs": 21, "batch_size": 485, "conv1_weight_decay": 0.000106096518007334, "conv2_weight_decay": 0.0001663200563895637, "conv3_weight_decay": 0.01278290675010624, "dense1_weight_decay": 3.306574856723525e-06, "dense2_weight_decay": 0.0001571612079737116, "1cycle_initial_lr_pct": 0.4341440462055518, "1cycle_final_lr_pct": 0.003075607934844279, "1cycle_pct_warmup": 0.42823263932019473, "1cycle_max_lr": 0.28094925778396396, "1cycle_max_momentum": 0.04412399674588814, "1cycle_min_momentum_pct": 0.10075716394931078, "conv1_channels": 11, "conv2_channels": 7, "conv3_channels": 110, "dense1_units": 13}