{"optimizer": "adam", "epochs": 4, "batch_size": 17, "conv1_weight_decay": 6.099870624720531e-05, "conv2_weight_decay": 2.3920577710500124e-07, "conv3_weight_decay": 0.0028030366368218124, "dense1_weight_decay": 0.03176402773780055, "dense2_weight_decay": 1.2197426092893772e-06, "1cycle_initial_lr_pct": 0.2108320023953856, "1cycle_final_lr_pct": 0.001839248015047959, "1cycle_pct_warmup": 0.03045274079217976, "1cycle_max_lr": 0.061961899755748485, "1cycle_beta1_max_damping_factor": 0.03448037061505352, "1cycle_beta1_min_damping_factor_pct": 0.969551348253935, "beta2_damping_factor": 0.00019589811055445542, "conv1_channels": 24, "conv2_channels": 37, "conv3_channels": 199, "dense1_units": 225}