{"accuracy": 0.9861999750137329, "loss": 0.07162589579820633, "training_time": 21.4149808883667}