{"optimizer": "adam", "epochs": 29, "batch_size": 748, "conv1_weight_decay": 1.4339962264240326e-06, "conv2_weight_decay": 0.0010271644305002434, "conv3_weight_decay": 7.5514534303047e-07, "dense1_weight_decay": 6.584537730686507e-07, "dense2_weight_decay": 5.872208511325687e-07, "1cycle_initial_lr_pct": 0.11333984955538892, "1cycle_final_lr_pct": 0.0017973357872087636, "1cycle_pct_warmup": 0.14184865009970965, "1cycle_max_lr": 0.0870040349643449, "conv1_channels": 4, "conv2_channels": 13, "conv3_channels": 38, "dense1_units": 180}