{"optimizer": "sgd", "nesterov": true, "epochs": 3, "batch_size": 43, "conv1_weight_decay": 1.0620937602313495e-06, "conv2_weight_decay": 0.021178101111459048, "conv3_weight_decay": 0.00014769021628138908, "dense1_weight_decay": 0.011044408176775392, "dense2_weight_decay": 4.66360596478489e-06, "1cycle_initial_lr_pct": 0.1097143893214281, "1cycle_final_lr_pct": 0.008585366681248648, "1cycle_pct_warmup": 0.14357166004373695, "1cycle_max_lr": 0.011454361006676218, "1cycle_momentum_max_damping_factor": 0.00027754317993070325, "1cycle_momentum_min_damping_factor_pct": 0.2951851469892149, "conv1_channels": 4, "conv2_channels": 15, "conv3_channels": 192, "dense1_units": 156}