{"accuracy": 0.9897000193595886, "loss": 0.06164073571562767, "training_time": 15.526886701583862}