{"accuracy": 0.10279999673366547, "loss": 20.0, "training_time": 17.3543438911438}