{"optimizer": "sgd", "nesterov": true, "epochs": 34, "batch_size": 78, "conv1_weight_decay": 0.0018395121269072405, "conv2_weight_decay": 0.002754952046804487, "conv3_weight_decay": 3.3266009346864563e-07, "dense1_weight_decay": 1.1907135805175448e-06, "dense2_weight_decay": 0.0069215125898092434, "1cycle_initial_lr_pct": 0.2465266928885453, "1cycle_final_lr_pct": 7.388887959566355e-05, "1cycle_pct_warmup": 0.1503717254151911, "1cycle_max_lr": 0.8012459966931123, "1cycle_momentum_max_damping_factor": 0.042481551623933966, "1cycle_momentum_min_damping_factor_pct": 0.5493207931848412, "conv1_channels": 26, "conv2_channels": 27, "conv3_channels": 156, "dense1_units": 9}