{"optimizer": "adam", "epochs": 4, "batch_size": 2613, "conv1_weight_decay": 0.0037294279151922714, "conv2_weight_decay": 0.15543727260084148, "conv3_weight_decay": 1.913321612950084e-05, "dense1_weight_decay": 0.009672874015607473, "dense2_weight_decay": 0.0003068800253826331, "1cycle_initial_lr_pct": 0.4730108026241755, "1cycle_final_lr_pct": 0.0002627545052337543, "1cycle_pct_warmup": 0.17436310220509768, "1cycle_max_lr": 0.5421296016320736, "conv1_channels": 27, "conv2_channels": 88, "conv3_channels": 113, "dense1_units": 13}