{"optimizer": "sgd", "nesterov": false, "epochs": 4, "batch_size": 3122, "conv1_weight_decay": 0.03162393913563159, "conv2_weight_decay": 1.4227049356975988e-05, "conv3_weight_decay": 8.25549910813615e-05, "dense1_weight_decay": 2.4589172265634013e-05, "dense2_weight_decay": 1.083931561839177e-06, "1cycle_initial_lr_pct": 0.025933536762735396, "1cycle_final_lr_pct": 0.003449076633435842, "1cycle_pct_warmup": 0.4812141481973231, "1cycle_max_lr": 0.01522540319194397, "1cycle_max_momentum": 0.6157274089389481, "1cycle_min_momentum_pct": 0.567017201334238, "conv1_channels": 51, "conv2_channels": 65, "conv3_channels": 59, "dense1_units": 31}