{"optimizer": "adam", "epochs": 27, "batch_size": 103, "conv1_weight_decay": 0.016547708598872085, "conv2_weight_decay": 1.6953703241366743e-06, "conv3_weight_decay": 1.393950978719496e-06, "dense1_weight_decay": 0.004947515945329164, "dense2_weight_decay": 9.832527693771686e-05, "1cycle_initial_lr_pct": 0.01318014040975597, "1cycle_final_lr_pct": 0.001240867478845811, "1cycle_pct_warmup": 0.06144519510036981, "1cycle_max_lr": 0.1458354838003816, "1cycle_beta1_max_damping_factor": 0.001361514102727243, "1cycle_beta1_min_damping_factor_pct": 0.18249540300963354, "beta2_damping_factor": 0.008593667013396642, "conv1_channels": 46, "conv2_channels": 9, "conv3_channels": 27, "dense1_units": 43}