{"accuracy": 0.39430001378059387, "loss": 2.3002898693084717, "training_time": 11.138320684432983}