{"optimizer": "sgd", "nesterov": true, "epochs": 18, "batch_size": 1664, "conv1_weight_decay": 0.00021596255795228365, "conv2_weight_decay": 0.00012918181830605388, "conv3_weight_decay": 1.5093268924110984e-06, "dense1_weight_decay": 6.540150431713144e-05, "dense2_weight_decay": 0.00044157537392570516, "1cycle_initial_lr_pct": 0.04887706076941786, "1cycle_final_lr_pct": 4.159258767003261e-05, "1cycle_pct_warmup": 0.12044371984643193, "1cycle_max_lr": 7.4099550347198155, "1cycle_momentum_max_damping_factor": 0.01720497776435634, "1cycle_momentum_min_damping_factor_pct": 0.8960558262864229, "conv1_channels": 4, "conv2_channels": 57, "conv3_channels": 34, "dense1_units": 117}