{"optimizer": "adam", "epochs": 2, "batch_size": 156, "conv1_weight_decay": 0.0003841603906572678, "conv2_weight_decay": 4.200520981595447e-07, "conv3_weight_decay": 7.596979146031954e-05, "dense1_weight_decay": 0.0009270053448184656, "dense2_weight_decay": 0.0020148264595137447, "1cycle_initial_lr_pct": 0.040023245550434766, "1cycle_final_lr_pct": 0.0004990220494811288, "1cycle_pct_warmup": 0.15573893862776458, "1cycle_max_lr": 6.638407237435949, "conv1_channels": 33, "conv2_channels": 27, "conv3_channels": 23, "dense1_units": 255}