{"accuracy": 0.09799999743700027, "loss": 20.0, "training_time": 10.1504545211792}