{"optimizer": "sgd", "nesterov": false, "epochs": 6, "batch_size": 674, "conv1_weight_decay": 2.574339725144984e-05, "conv2_weight_decay": 0.008644727126512776, "conv3_weight_decay": 0.0007261296253089688, "dense1_weight_decay": 7.108490236649598e-05, "dense2_weight_decay": 3.2021336301610625e-06, "1cycle_initial_lr_pct": 0.21557440825838492, "1cycle_final_lr_pct": 0.0005027498577494145, "1cycle_pct_warmup": 0.09517006197476202, "1cycle_max_lr": 1.6758779447402516, "1cycle_momentum_max_damping_factor": 0.0009800491556598771, "1cycle_momentum_min_damping_factor_pct": 0.9344061057438626, "conv1_channels": 7, "conv2_channels": 19, "conv3_channels": 17, "dense1_units": 108}