{"optimizer": "adam", "epochs": 12, "batch_size": 40, "conv1_weight_decay": 1.4460461504242445e-05, "conv2_weight_decay": 0.00036704510015159826, "conv3_weight_decay": 0.0863015064440589, "dense1_weight_decay": 0.00019340976106659385, "dense2_weight_decay": 2.806203643297524e-05, "1cycle_initial_lr_pct": 0.44350257318105374, "1cycle_final_lr_pct": 0.0001360506353374044, "1cycle_pct_warmup": 0.21650044632144272, "1cycle_max_lr": 2.444866141087851, "conv1_channels": 4, "conv2_channels": 41, "conv3_channels": 254, "dense1_units": 90}