{"optimizer": "sgd", "nesterov": true, "epochs": 18, "batch_size": 62, "conv1_weight_decay": 0.0011609741558067817, "conv2_weight_decay": 2.797773715258411e-06, "conv3_weight_decay": 1.576967050092815e-05, "dense1_weight_decay": 5.222854812279683e-06, "dense2_weight_decay": 4.8936588543503475e-06, "1cycle_initial_lr_pct": 0.225606555235913, "1cycle_final_lr_pct": 4.015075908098836e-05, "1cycle_pct_warmup": 0.12938432239927353, "1cycle_max_lr": 6.974747459947507, "1cycle_max_momentum": 0.8055711247106083, "1cycle_min_momentum_pct": 0.4125740248709917, "conv1_channels": 17, "conv2_channels": 7, "conv3_channels": 32, "dense1_units": 171}