{"optimizer": "adam", "epochs": 6, "batch_size": 909, "conv1_weight_decay": 0.004715278844358297, "conv2_weight_decay": 7.162552787316591e-06, "conv3_weight_decay": 5.587455568447673e-07, "dense1_weight_decay": 0.0016503539258216173, "dense2_weight_decay": 3.463236955102024e-07, "1cycle_initial_lr_pct": 0.440089468440755, "1cycle_final_lr_pct": 0.0001916098275083856, "1cycle_pct_warmup": 0.19962648607285063, "1cycle_max_lr": 6.341385085918675, "1cycle_beta1_max_damping_factor": 0.00013077995255762054, "1cycle_beta1_min_damping_factor_pct": 0.9532488195196015, "beta2_damping_factor": 0.038837918565125085, "conv1_channels": 4, "conv2_channels": 122, "conv3_channels": 106, "dense1_units": 15}