{"optimizer": "adam", "epochs": 2, "batch_size": 142, "conv1_weight_decay": 0.00017532409793452998, "conv2_weight_decay": 0.009561564199114258, "conv3_weight_decay": 3.53569880367527e-05, "dense1_weight_decay": 2.1519975156010662e-07, "dense2_weight_decay": 0.0045827039889833115, "1cycle_initial_lr_pct": 0.033745693234850806, "1cycle_final_lr_pct": 4.852994291670696e-05, "1cycle_pct_warmup": 0.010281512172700263, "1cycle_max_lr": 0.13753172402762176, "1cycle_beta1_max_damping_factor": 0.13496116157672441, "1cycle_beta1_min_damping_factor_pct": 0.9572427566821181, "beta2_damping_factor": 0.1002827618797266, "conv1_channels": 49, "conv2_channels": 94, "conv3_channels": 63, "dense1_units": 51}