{"optimizer": "sgd", "nesterov": false, "epochs": 34, "batch_size": 1121, "conv1_weight_decay": 0.00041661889606285657, "conv2_weight_decay": 0.00030903937550963293, "conv3_weight_decay": 4.119948669244983e-06, "dense1_weight_decay": 0.24597369240064448, "dense2_weight_decay": 0.00043555845200597465, "1cycle_initial_lr_pct": 0.03185206885773223, "1cycle_final_lr_pct": 0.0003878182594798384, "1cycle_pct_warmup": 0.30243469128385186, "1cycle_max_lr": 0.014318253026375485, "1cycle_max_momentum": 0.03152264556214213, "1cycle_min_momentum_pct": 0.6164360819384456, "conv1_channels": 6, "conv2_channels": 7, "conv3_channels": 27, "dense1_units": 33}