{"accuracy": 0.11349999904632568, "loss": 2.3015458583831787, "training_time": 7.968981504440308}