{"accuracy": 0.8985999822616577, "loss": 0.5122209787368774, "training_time": 21.56907558441162}