{"optimizer": "sgd", "nesterov": false, "epochs": 3, "batch_size": 63, "conv1_weight_decay": 0.003662449424226596, "conv2_weight_decay": 0.02279023055368269, "conv3_weight_decay": 0.2704618686198412, "dense1_weight_decay": 1.389031568564712e-07, "dense2_weight_decay": 0.06472092202950716, "1cycle_initial_lr_pct": 0.06928840510285118, "1cycle_final_lr_pct": 5.1537112304787545e-05, "1cycle_pct_warmup": 0.11646900981617286, "1cycle_max_lr": 0.09980063471627794, "1cycle_momentum_max_damping_factor": 0.03092421876019679, "1cycle_momentum_min_damping_factor_pct": 0.9297006507996259, "conv1_channels": 6, "conv2_channels": 74, "conv3_channels": 115, "dense1_units": 30}