{"optimizer": "adam", "epochs": 43, "batch_size": 2347, "conv1_weight_decay": 0.0020894037653003436, "conv2_weight_decay": 0.0011055971509610879, "conv3_weight_decay": 0.0007770416350320815, "dense1_weight_decay": 0.17028247453295445, "dense2_weight_decay": 0.029281866346504006, "1cycle_initial_lr_pct": 0.0782860718520871, "1cycle_final_lr_pct": 0.00038024775546349326, "1cycle_pct_warmup": 0.15995268002152443, "1cycle_max_lr": 0.01673381159333212, "conv1_channels": 4, "conv2_channels": 121, "conv3_channels": 147, "dense1_units": 108}