{"accuracy": 0.9782000184059143, "loss": 0.2929549217224121, "training_time": 41.89761972427368}