{"accuracy": 0.11349999904632568, "loss": 2.302175998687744, "training_time": 13.065412759780884}