{"optimizer": "sgd", "nesterov": true, "epochs": 7, "batch_size": 38, "conv1_weight_decay": 0.21971155566843134, "conv2_weight_decay": 0.05007183287317568, "conv3_weight_decay": 0.0005924027524850968, "dense1_weight_decay": 4.298679592521412e-05, "dense2_weight_decay": 0.027129918144133926, "1cycle_initial_lr_pct": 0.05360229375815707, "1cycle_final_lr_pct": 0.002736083151573764, "1cycle_pct_warmup": 0.1516699875552755, "1cycle_max_lr": 0.052670022126891904, "1cycle_momentum_max_damping_factor": 0.8659735713528135, "1cycle_momentum_min_damping_factor_pct": 0.2512865878592722, "conv1_channels": 21, "conv2_channels": 13, "conv3_channels": 149, "dense1_units": 11}