{"optimizer": "adam", "epochs": 15, "batch_size": 853, "conv1_weight_decay": 0.2423651364523711, "conv2_weight_decay": 0.007169602039463607, "conv3_weight_decay": 0.05492560675621187, "dense1_weight_decay": 0.0007382149736220515, "dense2_weight_decay": 0.08676886883691472, "1cycle_initial_lr_pct": 0.055851366370703585, "1cycle_final_lr_pct": 0.0007680269244062624, "1cycle_pct_warmup": 0.1727896432951093, "1cycle_max_lr": 0.36288743399771495, "conv1_channels": 10, "conv2_channels": 23, "conv3_channels": 199, "dense1_units": 10}