{"accuracy": 0.9534000158309937, "loss": 0.3804474472999573, "training_time": 42.20095157623291}