{"accuracy": 0.11349999904632568, "loss": 2.301069498062134, "training_time": 21.414891719818115}