{"optimizer": "sgd", "nesterov": false, "epochs": 24, "batch_size": 43, "conv1_weight_decay": 1.0001763822697415e-05, "conv2_weight_decay": 2.825406216042221e-07, "conv3_weight_decay": 2.626265416846862e-06, "dense1_weight_decay": 3.525175191183881e-07, "dense2_weight_decay": 0.03809758516670937, "1cycle_initial_lr_pct": 0.13494349446246584, "1cycle_final_lr_pct": 0.0054657702455681335, "1cycle_pct_warmup": 0.16640505645424128, "1cycle_max_lr": 0.19579553710049566, "1cycle_max_momentum": 0.6022912031102926, "1cycle_min_momentum_pct": 0.5116684641689062, "conv1_channels": 53, "conv2_channels": 38, "conv3_channels": 171, "dense1_units": 239}