{"optimizer": "adam", "epochs": 4, "batch_size": 659, "conv1_weight_decay": 5.523993702022409e-06, "conv2_weight_decay": 9.18687707255065e-05, "conv3_weight_decay": 3.05291300382827e-05, "dense1_weight_decay": 0.10203374868230113, "dense2_weight_decay": 0.05150521486649097, "1cycle_initial_lr_pct": 0.1394478648486821, "1cycle_final_lr_pct": 0.00094844877663313, "1cycle_pct_warmup": 0.1589474042380354, "1cycle_max_lr": 0.02845465234243016, "1cycle_beta1_max_damping_factor": 0.0012052802553542512, "1cycle_beta1_min_damping_factor_pct": 0.1421634473321656, "beta2_damping_factor": 0.006900985760145954, "conv1_channels": 4, "conv2_channels": 64, "conv3_channels": 133, "dense1_units": 169}