{"accuracy": 0.9733999967575073, "loss": 2.4867708683013916, "training_time": 5.579862356185913}