{"optimizer": "adam", "epochs": 13, "batch_size": 98, "conv1_weight_decay": 3.638974584222978e-06, "conv2_weight_decay": 0.10937503477497933, "conv3_weight_decay": 0.03225287747512818, "dense1_weight_decay": 0.08389750703857814, "dense2_weight_decay": 0.0016863513512006595, "1cycle_initial_lr_pct": 0.11970933134061175, "1cycle_final_lr_pct": 0.00025028785253806035, "1cycle_pct_warmup": 0.12677972256385656, "1cycle_max_lr": 4.055581279212168, "1cycle_beta1_max_damping_factor": 0.038155046625753086, "1cycle_beta1_min_damping_factor_pct": 0.15536904723489914, "beta2_damping_factor": 0.2752681123376399, "conv1_channels": 21, "conv2_channels": 21, "conv3_channels": 34, "dense1_units": 18}