{"optimizer": "sgd", "nesterov": false, "epochs": 4, "batch_size": 2937, "conv1_weight_decay": 3.917552084956822e-06, "conv2_weight_decay": 0.004173852993873949, "conv3_weight_decay": 0.002132993064639219, "dense1_weight_decay": 2.7780369238440347e-07, "dense2_weight_decay": 0.0008968105438276182, "1cycle_initial_lr_pct": 0.10281002955072883, "1cycle_final_lr_pct": 4.90616088833849e-05, "1cycle_pct_warmup": 0.1489941945951432, "1cycle_max_lr": 3.5750792015725974, "1cycle_max_momentum": 0.8471515147961676, "1cycle_min_momentum_pct": 0.31530603021383286, "conv1_channels": 15, "conv2_channels": 33, "conv3_channels": 18, "dense1_units": 10}