{"accuracy": 0.11349999904632568, "loss": 2.3192009925842285, "training_time": 6.113058090209961}