{"optimizer": "sgd", "nesterov": true, "epochs": 4, "batch_size": 42, "conv1_weight_decay": 1.5056562517370386e-06, "conv2_weight_decay": 0.0003762891260891174, "conv3_weight_decay": 0.004147004139095258, "dense1_weight_decay": 1.6808162981564922e-06, "dense2_weight_decay": 0.00527123709086375, "1cycle_initial_lr_pct": 0.06954280846105802, "1cycle_final_lr_pct": 0.0016638795962888692, "1cycle_pct_warmup": 0.015282723037526012, "1cycle_max_lr": 5.882573672497949, "1cycle_max_momentum": 0.3789560849133879, "1cycle_min_momentum_pct": 0.7147857109084725, "conv1_channels": 4, "conv2_channels": 31, "conv3_channels": 118, "dense1_units": 42}