{"optimizer": "adam", "epochs": 32, "batch_size": 629, "conv1_weight_decay": 1.2242362751820721e-06, "conv2_weight_decay": 0.008215149744517062, "conv3_weight_decay": 0.007486414900905339, "dense1_weight_decay": 0.024457436203057126, "dense2_weight_decay": 0.0003843308315008709, "1cycle_initial_lr_pct": 0.07880931122317128, "1cycle_final_lr_pct": 0.005858887943699956, "1cycle_pct_warmup": 0.3211583828967332, "1cycle_max_lr": 4.9817588265416655, "1cycle_beta1_max_damping_factor": 0.27950287319974587, "1cycle_beta1_min_damping_factor_pct": 0.5404344818119116, "beta2_damping_factor": 0.0002496710512411118, "conv1_channels": 62, "conv2_channels": 119, "conv3_channels": 88, "dense1_units": 21}