{"accuracy": 0.11349999904632568, "loss": 2.3018741607666016, "training_time": 25.311771154403687}