{"optimizer": "adam", "epochs": 11, "batch_size": 74, "conv1_weight_decay": 0.0007919893612060678, "conv2_weight_decay": 2.970229904414288e-06, "conv3_weight_decay": 0.04282498091125091, "dense1_weight_decay": 0.010440505393932353, "dense2_weight_decay": 1.0759907896626748e-05, "1cycle_initial_lr_pct": 0.3208834146669061, "1cycle_final_lr_pct": 0.00039918051109764577, "1cycle_pct_warmup": 0.04870618123561144, "1cycle_max_lr": 0.3292467186616171, "conv1_channels": 15, "conv2_channels": 61, "conv3_channels": 40, "dense1_units": 43}