{"optimizer": "sgd", "nesterov": false, "epochs": 6, "batch_size": 3749, "conv1_weight_decay": 0.00047164471003654357, "conv2_weight_decay": 7.589566038231175e-06, "conv3_weight_decay": 0.004785853190891415, "dense1_weight_decay": 1.1416283399195426e-06, "dense2_weight_decay": 1.929632940534066e-07, "1cycle_initial_lr_pct": 0.29140708491050155, "1cycle_final_lr_pct": 4.962361304130436e-05, "1cycle_pct_warmup": 0.46615656284086826, "1cycle_max_lr": 0.054766019636862284, "1cycle_momentum_max_damping_factor": 0.004212390783863675, "1cycle_momentum_min_damping_factor_pct": 0.15956190945825846, "conv1_channels": 59, "conv2_channels": 110, "conv3_channels": 72, "dense1_units": 171}