{"accuracy": 0.11349999904632568, "loss": 2.3011906147003174, "training_time": 37.18342614173889}