{"accuracy": 0.90829998254776, "loss": 4.18149471282959, "training_time": 13.777989864349365}