{"optimizer": "adam", "epochs": 2, "batch_size": 2079, "conv1_weight_decay": 9.062441445793297e-07, "conv2_weight_decay": 0.06797053691302682, "conv3_weight_decay": 4.593991181830445e-05, "dense1_weight_decay": 3.5036514874378467e-07, "dense2_weight_decay": 1.454242231393968e-05, "1cycle_initial_lr_pct": 0.3363879524521032, "1cycle_final_lr_pct": 0.0015655642430157611, "1cycle_pct_warmup": 0.017151851534562796, "1cycle_max_lr": 3.3444504032997475, "1cycle_beta1_max_damping_factor": 0.02605504665568251, "1cycle_beta1_min_damping_factor_pct": 0.29515063352374477, "beta2_damping_factor": 0.12087946471307741, "conv1_channels": 6, "conv2_channels": 42, "conv3_channels": 33, "dense1_units": 24}