{"optimizer": "sgd", "nesterov": true, "epochs": 31, "batch_size": 110, "conv1_weight_decay": 9.231385714962761e-07, "conv2_weight_decay": 0.005382415310321612, "conv3_weight_decay": 2.5491169635655327e-06, "dense1_weight_decay": 0.06431911565729795, "dense2_weight_decay": 1.3886309977821454e-07, "1cycle_initial_lr_pct": 0.25273056685497935, "1cycle_final_lr_pct": 0.004666541644029145, "1cycle_pct_warmup": 0.32802170771174133, "1cycle_max_lr": 4.51051539094188, "1cycle_max_momentum": 0.7059292782473378, "1cycle_min_momentum_pct": 0.2676396844908595, "conv1_channels": 13, "conv2_channels": 111, "conv3_channels": 22, "dense1_units": 131}