{"optimizer": "adam", "epochs": 10, "batch_size": 55, "conv1_weight_decay": 3.405662114919904e-06, "conv2_weight_decay": 0.00024632754053944736, "conv3_weight_decay": 2.109649415456331e-07, "dense1_weight_decay": 4.956041419609301e-06, "dense2_weight_decay": 0.006602933239453886, "1cycle_initial_lr_pct": 0.02941125464498106, "1cycle_final_lr_pct": 0.0001128170031087168, "1cycle_pct_warmup": 0.0202662015155293, "1cycle_max_lr": 8.143196689328494, "1cycle_beta1_max_damping_factor": 0.30304954825509983, "1cycle_beta1_min_damping_factor_pct": 0.2572548387088424, "beta2_damping_factor": 0.00042042445797567136, "conv1_channels": 6, "conv2_channels": 68, "conv3_channels": 30, "dense1_units": 34}