{"optimizer": "sgd", "nesterov": false, "epochs": 13, "batch_size": 604, "conv1_weight_decay": 4.140461404125206e-06, "conv2_weight_decay": 0.012010640927351445, "conv3_weight_decay": 6.141014640170232e-06, "dense1_weight_decay": 0.002478445433208078, "dense2_weight_decay": 0.0002877694002050631, "1cycle_initial_lr_pct": 0.013833803160803185, "1cycle_final_lr_pct": 0.0001546717592231918, "1cycle_pct_warmup": 0.34674514159560205, "1cycle_max_lr": 9.044776475583502, "1cycle_max_momentum": 0.6690345115791075, "1cycle_min_momentum_pct": 0.39105617348104715, "conv1_channels": 4, "conv2_channels": 93, "conv3_channels": 66, "dense1_units": 111}