{"accuracy": 0.11349999904632568, "loss": 20.0, "training_time": 42.52360510826111}