{"accuracy": 0.11349999904632568, "loss": 2.3018343448638916, "training_time": 21.40796399116516}