{"optimizer": "sgd", "nesterov": true, "epochs": 4, "batch_size": 1425, "conv1_weight_decay": 4.409679057468489e-06, "conv2_weight_decay": 0.009070345378236812, "conv3_weight_decay": 3.363045001749494e-06, "dense1_weight_decay": 0.00010496727326227496, "dense2_weight_decay": 1.2145344556875647e-06, "1cycle_initial_lr_pct": 0.029894796377845638, "1cycle_final_lr_pct": 0.0002957419221647123, "1cycle_pct_warmup": 0.2907559763547033, "1cycle_max_lr": 1.6061998303927747, "1cycle_max_momentum": 0.6298015581532381, "1cycle_min_momentum_pct": 0.9752259170636535, "conv1_channels": 42, "conv2_channels": 29, "conv3_channels": 226, "dense1_units": 43}