{"optimizer": "adam", "epochs": 13, "batch_size": 154, "conv1_weight_decay": 9.942905516840854e-06, "conv2_weight_decay": 0.0003358257771038499, "conv3_weight_decay": 3.914276942120232e-05, "dense1_weight_decay": 0.0003754836604378024, "dense2_weight_decay": 9.630538003685766e-05, "1cycle_initial_lr_pct": 0.015607925323680225, "1cycle_final_lr_pct": 6.23569742386615e-05, "1cycle_pct_warmup": 0.01269561644986265, "1cycle_max_lr": 2.2201828117571383, "1cycle_beta1_max_damping_factor": 0.0034822309163965804, "1cycle_beta1_min_damping_factor_pct": 0.512516750416105, "beta2_damping_factor": 0.0016318205501739754, "conv1_channels": 61, "conv2_channels": 17, "conv3_channels": 152, "dense1_units": 13}