{"accuracy": 0.10100000351667404, "loss": 2.525468587875366, "training_time": 27.80690860748291}