{"accuracy": 0.11349999904632568, "loss": 3.7781684398651123, "training_time": 11.167263984680176}