{"optimizer": "sgd", "nesterov": true, "epochs": 34, "batch_size": 728, "conv1_weight_decay": 1.1025995305644307e-07, "conv2_weight_decay": 0.007809354108124623, "conv3_weight_decay": 0.07411733007072387, "dense1_weight_decay": 5.0503395832111025e-06, "dense2_weight_decay": 0.05288231143317176, "1cycle_initial_lr_pct": 0.10822200473500908, "1cycle_final_lr_pct": 0.0009516257396545103, "1cycle_pct_warmup": 0.41178575295954944, "1cycle_max_lr": 0.26025107430995076, "1cycle_max_momentum": 0.3900661680618301, "1cycle_min_momentum_pct": 0.6021968517452478, "conv1_channels": 6, "conv2_channels": 11, "conv3_channels": 95, "dense1_units": 13}