{"optimizer": "adam", "epochs": 2, "batch_size": 41, "conv1_weight_decay": 2.990521361234536e-07, "conv2_weight_decay": 0.0003010411489512661, "conv3_weight_decay": 0.0008450708796120279, "dense1_weight_decay": 0.001627323981236903, "dense2_weight_decay": 0.04101605931061499, "1cycle_initial_lr_pct": 0.11264116656541127, "1cycle_final_lr_pct": 0.0036241467830408656, "1cycle_pct_warmup": 0.029773759721036585, "1cycle_max_lr": 0.03348211234118427, "1cycle_beta1_max_damping_factor": 0.08177117077299169, "1cycle_beta1_min_damping_factor_pct": 0.688134039000124, "beta2_damping_factor": 0.00016169810549055766, "conv1_channels": 24, "conv2_channels": 104, "conv3_channels": 61, "dense1_units": 41}