{"accuracy": 0.9868999719619751, "loss": 0.14372077584266663, "training_time": 14.621190309524536}