{"accuracy": 0.9749000072479248, "loss": 0.22620050609111786, "training_time": 21.42492437362671}