{"optimizer": "sgd", "nesterov": false, "epochs": 6, "batch_size": 738, "conv1_weight_decay": 0.0002716920497162376, "conv2_weight_decay": 0.006553214200466521, "conv3_weight_decay": 0.006709738859486736, "dense1_weight_decay": 1.116327781656777e-06, "dense2_weight_decay": 1.7204160044120139e-06, "1cycle_initial_lr_pct": 0.35046440182221444, "1cycle_final_lr_pct": 6.280924150878212e-05, "1cycle_pct_warmup": 0.12517918134108186, "1cycle_max_lr": 0.01981620724077704, "1cycle_max_momentum": 0.8658156334019266, "1cycle_min_momentum_pct": 0.4363858560100198, "conv1_channels": 9, "conv2_channels": 34, "conv3_channels": 105, "dense1_units": 161}