{"optimizer": "adam", "epochs": 36, "batch_size": 41, "conv1_weight_decay": 0.0004179735794706331, "conv2_weight_decay": 0.04758370594210584, "conv3_weight_decay": 0.015512900602849298, "dense1_weight_decay": 0.014804514699519203, "dense2_weight_decay": 2.8345953718620216e-05, "1cycle_initial_lr_pct": 0.3124174109252645, "1cycle_final_lr_pct": 0.00021720039172510986, "1cycle_pct_warmup": 0.1926598108866365, "1cycle_max_lr": 0.09172738438283651, "1cycle_beta1_max_damping_factor": 0.012482304872975683, "1cycle_beta1_min_damping_factor_pct": 0.1668215882253643, "beta2_damping_factor": 0.0001047715637384381, "conv1_channels": 6, "conv2_channels": 33, "conv3_channels": 43, "dense1_units": 57}