{"accuracy": 0.9408000111579895, "loss": 0.5668660402297974, "training_time": 11.13154673576355}