{"optimizer": "adam", "epochs": 3, "batch_size": 1826, "conv1_weight_decay": 0.00010435413413809272, "conv2_weight_decay": 6.226295089974704e-05, "conv3_weight_decay": 0.013005676766278127, "dense1_weight_decay": 0.00039288039666860006, "dense2_weight_decay": 0.008057374088952117, "1cycle_initial_lr_pct": 0.018459018873325718, "1cycle_final_lr_pct": 9.391500132594341e-05, "1cycle_pct_warmup": 0.028992629755600692, "1cycle_max_lr": 0.02515387207542743, "1cycle_beta1_max_damping_factor": 0.38792158716016995, "1cycle_beta1_min_damping_factor_pct": 0.8492934944416933, "beta2_damping_factor": 0.24297406509383468, "conv1_channels": 27, "conv2_channels": 72, "conv3_channels": 81, "dense1_units": 126}