{"optimizer": "sgd", "nesterov": false, "epochs": 46, "batch_size": 137, "conv1_weight_decay": 6.194234929570763e-05, "conv2_weight_decay": 2.189086532415616e-07, "conv3_weight_decay": 0.004773939336311201, "dense1_weight_decay": 8.70480993845061e-05, "dense2_weight_decay": 0.14275816375730588, "1cycle_initial_lr_pct": 0.020289669196988946, "1cycle_final_lr_pct": 0.00020826963471808042, "1cycle_pct_warmup": 0.41441749534569683, "1cycle_max_lr": 0.13952434714615963, "1cycle_max_momentum": 0.08101110498318449, "1cycle_min_momentum_pct": 0.22392950113862753, "conv1_channels": 4, "conv2_channels": 9, "conv3_channels": 19, "dense1_units": 13}