{"accuracy": 0.975600004196167, "loss": 0.1883532702922821, "training_time": 6.418484687805176}