{"optimizer": "sgd", "nesterov": false, "epochs": 2, "batch_size": 435, "conv1_weight_decay": 0.011463346529310706, "conv2_weight_decay": 0.00842808691869501, "conv3_weight_decay": 0.0002627789947941299, "dense1_weight_decay": 0.0012177072354448355, "dense2_weight_decay": 0.09742042409786245, "1cycle_initial_lr_pct": 0.2941232067185403, "1cycle_final_lr_pct": 0.0023109718911625008, "1cycle_pct_warmup": 0.30114441642537715, "1cycle_max_lr": 13.438685100641017, "1cycle_max_momentum": 0.42535184940816834, "1cycle_min_momentum_pct": 0.2211405159905553, "conv1_channels": 34, "conv2_channels": 59, "conv3_channels": 51, "dense1_units": 26}