{"optimizer": "adam", "epochs": 17, "batch_size": 17, "conv1_weight_decay": 0.020705898101081987, "conv2_weight_decay": 0.00032643611383822166, "conv3_weight_decay": 0.062278795857064945, "dense1_weight_decay": 1.0396230630348622e-05, "dense2_weight_decay": 0.020219128196174618, "1cycle_initial_lr_pct": 0.39167858894988383, "1cycle_final_lr_pct": 0.00813013798995071, "1cycle_pct_warmup": 0.010213013623401095, "1cycle_max_lr": 17.823141948549004, "1cycle_beta1_max_damping_factor": 0.004210881967470856, "1cycle_beta1_min_damping_factor_pct": 0.10254575761585633, "beta2_damping_factor": 0.016722848937089804, "conv1_channels": 42, "conv2_channels": 61, "conv3_channels": 87, "dense1_units": 68}