{"accuracy": 0.11349999904632568, "loss": 2.302406072616577, "training_time": 6.016815662384033}