{"optimizer": "sgd", "nesterov": true, "epochs": 51, "batch_size": 63, "conv1_weight_decay": 1.1349276548423773e-06, "conv2_weight_decay": 0.005340570540443777, "conv3_weight_decay": 0.0017986059387283026, "dense1_weight_decay": 6.644046185040745e-05, "dense2_weight_decay": 1.7449899193735095e-05, "1cycle_initial_lr_pct": 0.025354335075865573, "1cycle_final_lr_pct": 0.0009402561141042248, "1cycle_pct_warmup": 0.017963827385815086, "1cycle_max_lr": 0.04087977032034733, "1cycle_momentum_max_damping_factor": 0.0030461867157194986, "1cycle_momentum_min_damping_factor_pct": 0.2033886622405878, "conv1_channels": 30, "conv2_channels": 44, "conv3_channels": 78, "dense1_units": 49}