{"optimizer": "adam", "epochs": 6, "batch_size": 2359, "conv1_weight_decay": 1.3489473499140121e-06, "conv2_weight_decay": 0.04879655782137679, "conv3_weight_decay": 0.01730213431655559, "dense1_weight_decay": 0.0009105462090051306, "dense2_weight_decay": 1.890176982739115e-07, "1cycle_initial_lr_pct": 0.015250884852906675, "1cycle_final_lr_pct": 0.005762749893744457, "1cycle_pct_warmup": 0.32309104351326823, "1cycle_max_lr": 0.24410408853061835, "conv1_channels": 15, "conv2_channels": 18, "conv3_channels": 138, "dense1_units": 15}