{"accuracy": 0.11349999904632568, "loss": 2.5137693881988525, "training_time": 11.17400336265564}