{"optimizer": "adam", "epochs": 2, "batch_size": 591, "conv1_weight_decay": 0.0006202347918739759, "conv2_weight_decay": 0.07438719785542025, "conv3_weight_decay": 0.034456741195802, "dense1_weight_decay": 0.0014618841840146172, "dense2_weight_decay": 0.0015857108070782232, "1cycle_initial_lr_pct": 0.07108844827421021, "1cycle_final_lr_pct": 0.006188100030113169, "1cycle_pct_warmup": 0.42176384485326707, "1cycle_max_lr": 2.545380198138045, "conv1_channels": 9, "conv2_channels": 22, "conv3_channels": 59, "dense1_units": 232}