{"optimizer": "sgd", "nesterov": true, "epochs": 23, "batch_size": 54, "conv1_weight_decay": 0.0008409594730950546, "conv2_weight_decay": 0.0035966120337810477, "conv3_weight_decay": 0.00594882565521621, "dense1_weight_decay": 7.437164110557466e-06, "dense2_weight_decay": 0.00107847640219327, "1cycle_initial_lr_pct": 0.06508888060170571, "1cycle_final_lr_pct": 0.0010655508227730497, "1cycle_pct_warmup": 0.0274014927929963, "1cycle_max_lr": 1.8346944954818472, "1cycle_momentum_max_damping_factor": 0.0024946104967294505, "1cycle_momentum_min_damping_factor_pct": 0.28165711066414273, "conv1_channels": 4, "conv2_channels": 29, "conv3_channels": 69, "dense1_units": 13}