{"accuracy": 0.11349999904632568, "loss": 4.007996559143066, "training_time": 5.30225944519043}