{"optimizer": "adam", "epochs": 49, "batch_size": 2337, "conv1_weight_decay": 0.0007820067873124509, "conv2_weight_decay": 3.1252635583604375e-05, "conv3_weight_decay": 8.119829220644422e-07, "dense1_weight_decay": 0.00020967215359390102, "dense2_weight_decay": 0.0025463013459343002, "1cycle_initial_lr_pct": 0.24816709604867404, "1cycle_final_lr_pct": 0.006762209421405485, "1cycle_pct_warmup": 0.051251550514961226, "1cycle_max_lr": 0.010835284784591651, "1cycle_beta1_max_damping_factor": 0.005561147234244002, "1cycle_beta1_min_damping_factor_pct": 0.33395813331968377, "beta2_damping_factor": 0.001914366068592436, "conv1_channels": 9, "conv2_channels": 55, "conv3_channels": 27, "dense1_units": 17}