{"optimizer": "sgd", "nesterov": false, "epochs": 6, "batch_size": 118, "conv1_weight_decay": 0.000634115134474985, "conv2_weight_decay": 1.514255887382698e-07, "conv3_weight_decay": 0.00011793480088440648, "dense1_weight_decay": 0.00011451401619487045, "dense2_weight_decay": 0.0006723589886618939, "1cycle_initial_lr_pct": 0.4838592444020874, "1cycle_final_lr_pct": 0.0014271962061149915, "1cycle_pct_warmup": 0.4478163130301982, "1cycle_max_lr": 0.10472064172766803, "1cycle_max_momentum": 0.8243986899144017, "1cycle_min_momentum_pct": 0.39776005130261183, "conv1_channels": 34, "conv2_channels": 17, "conv3_channels": 239, "dense1_units": 103}