{"accuracy": 0.991100013256073, "loss": 0.07072529941797256, "training_time": 18.265857458114624}