{"accuracy": 0.9908999800682068, "loss": 0.0585964173078537, "training_time": 24.233707666397095}