{"optimizer": "adam", "epochs": 48, "batch_size": 390, "conv1_weight_decay": 0.00011128007706924337, "conv2_weight_decay": 7.809297565239556e-06, "conv3_weight_decay": 3.339908362069483e-05, "dense1_weight_decay": 1.0237172800631428e-05, "dense2_weight_decay": 4.352527500792263e-07, "1cycle_initial_lr_pct": 0.07989539781899271, "1cycle_final_lr_pct": 0.00035939188446290225, "1cycle_pct_warmup": 0.07741812993844387, "1cycle_max_lr": 0.015148710489023606, "1cycle_beta1_max_damping_factor": 0.03720743793083718, "1cycle_beta1_min_damping_factor_pct": 0.15137214761129814, "beta2_damping_factor": 0.00033805653119573875, "conv1_channels": 11, "conv2_channels": 52, "conv3_channels": 34, "dense1_units": 135}