{"optimizer": "sgd", "nesterov": false, "epochs": 6, "batch_size": 26, "conv1_weight_decay": 4.0252581633522344e-05, "conv2_weight_decay": 3.0873828863460547e-06, "conv3_weight_decay": 2.9303184643337295e-06, "dense1_weight_decay": 0.001241375894034424, "dense2_weight_decay": 8.50127269771896e-06, "1cycle_initial_lr_pct": 0.08636207820496092, "1cycle_final_lr_pct": 6.871496455856897e-05, "1cycle_pct_warmup": 0.23907044029794633, "1cycle_max_lr": 0.07498311459684706, "1cycle_max_momentum": 0.7538992321031168, "1cycle_min_momentum_pct": 0.7936293529346585, "conv1_channels": 15, "conv2_channels": 43, "conv3_channels": 74, "dense1_units": 57}