{"accuracy": 0.9939000010490417, "loss": 0.03357045724987984, "training_time": 40.648773193359375}