{"optimizer": "sgd", "nesterov": true, "epochs": 2, "batch_size": 879, "conv1_weight_decay": 7.235020299390917e-05, "conv2_weight_decay": 0.014853678397950487, "conv3_weight_decay": 2.4664138755715746e-07, "dense1_weight_decay": 0.0005632642930010572, "dense2_weight_decay": 1.6993235960389907e-05, "1cycle_initial_lr_pct": 0.054688688898915455, "1cycle_final_lr_pct": 0.0011017431674554229, "1cycle_pct_warmup": 0.45740599288176564, "1cycle_max_lr": 0.2032819995706184, "1cycle_momentum_max_damping_factor": 0.0860589986738005, "1cycle_momentum_min_damping_factor_pct": 0.19460616082202437, "conv1_channels": 42, "conv2_channels": 31, "conv3_channels": 36, "dense1_units": 144}