{"optimizer": "adam", "epochs": 27, "batch_size": 59, "conv1_weight_decay": 5.138740087658116e-05, "conv2_weight_decay": 0.00023822882025948265, "conv3_weight_decay": 5.31264433744389e-06, "dense1_weight_decay": 6.47177611006495e-05, "dense2_weight_decay": 1.817128897642716e-07, "1cycle_initial_lr_pct": 0.053909725970545816, "1cycle_final_lr_pct": 0.006649681383741464, "1cycle_pct_warmup": 0.051914565945044164, "1cycle_max_lr": 0.04376092696451855, "conv1_channels": 6, "conv2_channels": 19, "conv3_channels": 180, "dense1_units": 26}