{"accuracy": 0.10100000351667404, "loss": 20.0, "training_time": 4.883360385894775}