{"optimizer": "sgd", "nesterov": true, "epochs": 7, "batch_size": 271, "conv1_weight_decay": 2.9590911468245355e-05, "conv2_weight_decay": 0.04475102886569028, "conv3_weight_decay": 0.005924915908639394, "dense1_weight_decay": 3.8115421954570743e-07, "dense2_weight_decay": 1.3428500551445714e-07, "1cycle_initial_lr_pct": 0.17722346140736864, "1cycle_final_lr_pct": 0.00402455497508076, "1cycle_pct_warmup": 0.041233660615980626, "1cycle_max_lr": 0.9114211060752156, "1cycle_max_momentum": 0.1862733653275296, "1cycle_min_momentum_pct": 0.25792897306382656, "conv1_channels": 6, "conv2_channels": 113, "conv3_channels": 29, "dense1_units": 72}