{"optimizer": "adam", "epochs": 59, "batch_size": 27, "conv1_weight_decay": 0.0001487535309153636, "conv2_weight_decay": 0.0004448392118141491, "conv3_weight_decay": 0.016704612082063086, "dense1_weight_decay": 0.10642077283723722, "dense2_weight_decay": 1.4793703755600008e-05, "1cycle_initial_lr_pct": 0.16492785301024424, "1cycle_final_lr_pct": 0.0012919533874621197, "1cycle_pct_warmup": 0.4940382057424243, "1cycle_max_lr": 0.5994783581708395, "1cycle_beta1_max_damping_factor": 0.1331087638478132, "1cycle_beta1_min_damping_factor_pct": 0.31450799130965645, "beta2_damping_factor": 0.07480766931976325, "conv1_channels": 9, "conv2_channels": 17, "conv3_channels": 85, "dense1_units": 9}