{"accuracy": 0.11349999904632568, "loss": 2.301189661026001, "training_time": 21.66454267501831}