{"optimizer": "sgd", "nesterov": true, "epochs": 13, "batch_size": 432, "conv1_weight_decay": 4.6436722261282085e-06, "conv2_weight_decay": 0.006294162439083311, "conv3_weight_decay": 0.020436627872109727, "dense1_weight_decay": 0.013889676853788762, "dense2_weight_decay": 3.7749196358567614e-06, "1cycle_initial_lr_pct": 0.1441638943179793, "1cycle_final_lr_pct": 0.00010679791967723388, "1cycle_pct_warmup": 0.23561208728700878, "1cycle_max_lr": 0.5728837826101624, "1cycle_max_momentum": 0.8224360931340605, "1cycle_min_momentum_pct": 0.8008386697620153, "conv1_channels": 31, "conv2_channels": 9, "conv3_channels": 44, "dense1_units": 83}