{"optimizer": "adam", "epochs": 10, "batch_size": 17, "conv1_weight_decay": 1.0451107136412401e-05, "conv2_weight_decay": 0.05861072510023916, "conv3_weight_decay": 0.003393051300387052, "dense1_weight_decay": 8.937643636632432e-07, "dense2_weight_decay": 5.564180474283582e-05, "1cycle_initial_lr_pct": 0.1422396190762366, "1cycle_final_lr_pct": 0.0004119102094031156, "1cycle_pct_warmup": 0.07939114605262847, "1cycle_max_lr": 1.0910794055068476, "1cycle_beta1_max_damping_factor": 0.0003902393992035531, "1cycle_beta1_min_damping_factor_pct": 0.8381769910319712, "beta2_damping_factor": 0.015089070781838191, "conv1_channels": 10, "conv2_channels": 79, "conv3_channels": 119, "dense1_units": 38}