{"accuracy": 0.11349999904632568, "loss": 2.301302194595337, "training_time": 21.389524459838867}