{"optimizer": "adam", "epochs": 33, "batch_size": 108, "conv1_weight_decay": 1.8158972914551094e-07, "conv2_weight_decay": 0.06287815415737834, "conv3_weight_decay": 0.25409727807708304, "dense1_weight_decay": 0.00025447376599322514, "dense2_weight_decay": 0.2109541746752037, "1cycle_initial_lr_pct": 0.3044748479455488, "1cycle_final_lr_pct": 0.008627002243909188, "1cycle_pct_warmup": 0.10795858422294258, "1cycle_max_lr": 10.04485022188384, "conv1_channels": 7, "conv2_channels": 98, "conv3_channels": 164, "dense1_units": 7}