{"optimizer": "sgd", "nesterov": true, "epochs": 2, "batch_size": 2135, "conv1_weight_decay": 6.297556141386003e-07, "conv2_weight_decay": 0.0062322855344498045, "conv3_weight_decay": 0.00042256833268780115, "dense1_weight_decay": 8.935012761213561e-05, "dense2_weight_decay": 0.012417147691950918, "1cycle_initial_lr_pct": 0.36583468504819455, "1cycle_final_lr_pct": 0.000683348094787855, "1cycle_pct_warmup": 0.22058858878854742, "1cycle_max_lr": 12.393973966836892, "1cycle_momentum_max_damping_factor": 0.011406414794228463, "1cycle_momentum_min_damping_factor_pct": 0.7729620424547726, "conv1_channels": 17, "conv2_channels": 17, "conv3_channels": 176, "dense1_units": 217}