{"optimizer": "adam", "epochs": 13, "batch_size": 255, "conv1_weight_decay": 1.3124275564756077e-06, "conv2_weight_decay": 5.114810267438175e-07, "conv3_weight_decay": 0.1943128021877572, "dense1_weight_decay": 1.0695600097967698e-05, "dense2_weight_decay": 0.0010799023805935033, "1cycle_initial_lr_pct": 0.05530111601862883, "1cycle_final_lr_pct": 0.002047490278234335, "1cycle_pct_warmup": 0.41995756948366764, "1cycle_max_lr": 0.010005597288483752, "conv1_channels": 46, "conv2_channels": 9, "conv3_channels": 103, "dense1_units": 197}