{"optimizer": "sgd", "nesterov": false, "epochs": 7, "batch_size": 27, "conv1_weight_decay": 1.0905648832811355e-06, "conv2_weight_decay": 0.00013771484981640566, "conv3_weight_decay": 0.0003199671898114743, "dense1_weight_decay": 0.0041670086085996835, "dense2_weight_decay": 0.0015421112649716129, "1cycle_initial_lr_pct": 0.05397264587750522, "1cycle_final_lr_pct": 0.0071925714985579675, "1cycle_pct_warmup": 0.02659649845672596, "1cycle_max_lr": 0.13599857097498375, "1cycle_momentum_max_damping_factor": 0.18747658093005873, "1cycle_momentum_min_damping_factor_pct": 0.6597222856094619, "conv1_channels": 4, "conv2_channels": 51, "conv3_channels": 42, "dense1_units": 7}