{"accuracy": 0.9916999936103821, "loss": 0.060669004917144775, "training_time": 21.50006628036499}