{"optimizer": "sgd", "nesterov": true, "epochs": 4, "batch_size": 439, "conv1_weight_decay": 0.0024151755918774983, "conv2_weight_decay": 0.0034377203902600678, "conv3_weight_decay": 0.000875659079348477, "dense1_weight_decay": 1.2480891457522808e-05, "dense2_weight_decay": 2.3504616975377587e-07, "1cycle_initial_lr_pct": 0.1443409949105847, "1cycle_final_lr_pct": 0.0007206887155851374, "1cycle_pct_warmup": 0.14241179411255944, "1cycle_max_lr": 0.2701051908479422, "1cycle_momentum_max_damping_factor": 0.011635734146615902, "1cycle_momentum_min_damping_factor_pct": 0.7402657582426084, "conv1_channels": 6, "conv2_channels": 38, "conv3_channels": 142, "dense1_units": 27}