{"optimizer": "adam", "epochs": 21, "batch_size": 27, "conv1_weight_decay": 0.0034685058333871863, "conv2_weight_decay": 0.10470299944913024, "conv3_weight_decay": 0.07848182730805742, "dense1_weight_decay": 0.006597604250473002, "dense2_weight_decay": 1.4232693278645211e-05, "1cycle_initial_lr_pct": 0.14271916677540655, "1cycle_final_lr_pct": 0.007724451521247388, "1cycle_pct_warmup": 0.14709079968743027, "1cycle_max_lr": 0.055573504936134124, "conv1_channels": 13, "conv2_channels": 101, "conv3_channels": 49, "dense1_units": 129}