{"accuracy": 0.11349999904632568, "loss": 20.0, "training_time": 6.031790018081665}