{"optimizer": "adam", "epochs": 54, "batch_size": 26, "conv1_weight_decay": 0.015370467433863822, "conv2_weight_decay": 4.5614953668661515e-07, "conv3_weight_decay": 0.001544103920156102, "dense1_weight_decay": 0.0018868305056476188, "dense2_weight_decay": 3.1905843800308875e-05, "1cycle_initial_lr_pct": 0.4555878319022148, "1cycle_final_lr_pct": 0.000804262579435913, "1cycle_pct_warmup": 0.03945858165621757, "1cycle_max_lr": 0.023003460509147235, "conv1_channels": 6, "conv2_channels": 11, "conv3_channels": 55, "dense1_units": 78}