{"optimizer": "sgd", "nesterov": true, "epochs": 4, "batch_size": 379, "conv1_weight_decay": 0.04639879245871853, "conv2_weight_decay": 0.00011412646927211087, "conv3_weight_decay": 0.022920891553901115, "dense1_weight_decay": 5.403920447600668e-06, "dense2_weight_decay": 2.633406902752526e-06, "1cycle_initial_lr_pct": 0.22747487472897002, "1cycle_final_lr_pct": 0.002840130805834409, "1cycle_pct_warmup": 0.35796810482286395, "1cycle_max_lr": 0.07484905643256545, "1cycle_momentum_max_damping_factor": 0.00011799394589141347, "1cycle_momentum_min_damping_factor_pct": 0.430907627245323, "conv1_channels": 11, "conv2_channels": 9, "conv3_channels": 223, "dense1_units": 62}