{"optimizer": "adam", "epochs": 3, "batch_size": 125, "conv1_weight_decay": 0.021400278549063952, "conv2_weight_decay": 8.455075193967428e-06, "conv3_weight_decay": 0.011241763330968484, "dense1_weight_decay": 0.0006490299816268889, "dense2_weight_decay": 1.348851777449849e-06, "1cycle_initial_lr_pct": 0.1865919798991961, "1cycle_final_lr_pct": 0.0008697108967496803, "1cycle_pct_warmup": 0.048417048448934866, "1cycle_max_lr": 0.5127026714445231, "1cycle_beta1_max_damping_factor": 0.00916896919284358, "1cycle_beta1_min_damping_factor_pct": 0.27053495507681735, "beta2_damping_factor": 0.3001703798593198, "conv1_channels": 13, "conv2_channels": 57, "conv3_channels": 40, "dense1_units": 10}