{"optimizer": "sgd", "nesterov": true, "epochs": 51, "batch_size": 3931, "conv1_weight_decay": 0.011117534503332015, "conv2_weight_decay": 3.812309439269749e-06, "conv3_weight_decay": 0.0029509044775718023, "dense1_weight_decay": 5.797852380529007e-05, "dense2_weight_decay": 0.00011662820067939368, "1cycle_initial_lr_pct": 0.16207911710936124, "1cycle_final_lr_pct": 0.0051049445818077, "1cycle_pct_warmup": 0.4648873598687351, "1cycle_max_lr": 0.9400097584939581, "1cycle_max_momentum": 0.6564871307289228, "1cycle_min_momentum_pct": 0.8753924435004592, "conv1_channels": 10, "conv2_channels": 95, "conv3_channels": 15, "dense1_units": 44}