{"optimizer": "sgd", "nesterov": false, "epochs": 55, "batch_size": 482, "conv1_weight_decay": 0.054586033393819774, "conv2_weight_decay": 0.08045903926392897, "conv3_weight_decay": 8.944147474633474e-07, "dense1_weight_decay": 0.0006886600748766294, "dense2_weight_decay": 8.463752836811504e-07, "1cycle_initial_lr_pct": 0.01918754058338543, "1cycle_final_lr_pct": 0.00010483854493296683, "1cycle_pct_warmup": 0.022334366517965488, "1cycle_max_lr": 0.06387614032971926, "1cycle_momentum_max_damping_factor": 0.039234732841780806, "1cycle_momentum_min_damping_factor_pct": 0.2987998493083398, "conv1_channels": 6, "conv2_channels": 106, "conv3_channels": 138, "dense1_units": 38}