{"optimizer": "adam", "epochs": 7, "batch_size": 30, "conv1_weight_decay": 0.06052550441815155, "conv2_weight_decay": 0.003488543819099958, "conv3_weight_decay": 0.00015725641547514042, "dense1_weight_decay": 5.718556022328715e-05, "dense2_weight_decay": 8.210600461699781e-05, "1cycle_initial_lr_pct": 0.02145687407842318, "1cycle_final_lr_pct": 0.00013985534270828393, "1cycle_pct_warmup": 0.3692829767242074, "1cycle_max_lr": 0.30522543761209187, "conv1_channels": 7, "conv2_channels": 10, "conv3_channels": 167, "dense1_units": 126}