{"optimizer": "adam", "epochs": 43, "batch_size": 2523, "conv1_weight_decay": 2.805755249262848e-06, "conv2_weight_decay": 0.0007987128163237233, "conv3_weight_decay": 0.00021398498258187328, "dense1_weight_decay": 3.0452303453081814e-06, "dense2_weight_decay": 2.480888384417752e-07, "1cycle_initial_lr_pct": 0.04725998316419754, "1cycle_final_lr_pct": 0.0011002668741843065, "1cycle_pct_warmup": 0.02170481231589982, "1cycle_max_lr": 0.023732465547124083, "1cycle_beta1_max_damping_factor": 0.003954360505487821, "1cycle_beta1_min_damping_factor_pct": 0.21302153478204436, "beta2_damping_factor": 0.02060744927058232, "conv1_channels": 24, "conv2_channels": 11, "conv3_channels": 24, "dense1_units": 17}