{"optimizer": "sgd", "nesterov": false, "epochs": 9, "batch_size": 98, "conv1_weight_decay": 2.6357558691931325e-06, "conv2_weight_decay": 0.020106631082882766, "conv3_weight_decay": 0.1532889309204412, "dense1_weight_decay": 0.027293464539884998, "dense2_weight_decay": 1.3728582914263004e-05, "1cycle_initial_lr_pct": 0.04182611581617048, "1cycle_final_lr_pct": 0.006423074204056021, "1cycle_pct_warmup": 0.37306507400237027, "1cycle_max_lr": 0.14898376832041288, "1cycle_max_momentum": 0.5040374714657664, "1cycle_min_momentum_pct": 0.2098042219877243, "conv1_channels": 44, "conv2_channels": 81, "conv3_channels": 42, "dense1_units": 13}