{"accuracy": 0.9714000225067139, "loss": 0.2660011947154999, "training_time": 41.864420890808105}