{"accuracy": 0.9830999970436096, "loss": 0.2534402310848236, "training_time": 22.704110145568848}