{"optimizer": "sgd", "nesterov": true, "epochs": 55, "batch_size": 31, "conv1_weight_decay": 9.708468646094023e-06, "conv2_weight_decay": 0.0005347836880996085, "conv3_weight_decay": 0.05263778420785107, "dense1_weight_decay": 3.761901171600711e-05, "dense2_weight_decay": 2.335355231977182e-05, "1cycle_initial_lr_pct": 0.0462780481056932, "1cycle_final_lr_pct": 0.0068151962118763705, "1cycle_pct_warmup": 0.3841578932385892, "1cycle_max_lr": 0.0379992809575117, "1cycle_max_momentum": 0.17735830172225833, "1cycle_min_momentum_pct": 0.4328920217230916, "conv1_channels": 4, "conv2_channels": 49, "conv3_channels": 23, "dense1_units": 207}