{"optimizer": "adam", "epochs": 4, "batch_size": 477, "conv1_weight_decay": 5.674008151173745e-06, "conv2_weight_decay": 0.03566719860904876, "conv3_weight_decay": 0.0006239794964475997, "dense1_weight_decay": 0.0009233122561096766, "dense2_weight_decay": 1.393823646770632e-07, "1cycle_initial_lr_pct": 0.04215928911665168, "1cycle_final_lr_pct": 0.0011349044723490455, "1cycle_pct_warmup": 0.04039036005910953, "1cycle_max_lr": 0.2802651837598743, "1cycle_beta1_max_damping_factor": 0.4866524027133954, "1cycle_beta1_min_damping_factor_pct": 0.11810628230722942, "beta2_damping_factor": 0.11221897411843079, "conv1_channels": 4, "conv2_channels": 18, "conv3_channels": 61, "dense1_units": 17}