{"accuracy": 0.11349999904632568, "loss": 2.301300287246704, "training_time": 5.257246494293213}