{"optimizer": "sgd", "nesterov": true, "epochs": 40, "batch_size": 1841, "conv1_weight_decay": 0.019250001475825996, "conv2_weight_decay": 2.1793910517480345e-05, "conv3_weight_decay": 0.00012405027502472208, "dense1_weight_decay": 0.00023211615689867717, "dense2_weight_decay": 0.04914713830970093, "1cycle_initial_lr_pct": 0.041296003960092205, "1cycle_final_lr_pct": 0.000621019015946045, "1cycle_pct_warmup": 0.019117033288896555, "1cycle_max_lr": 0.11128545416838949, "1cycle_momentum_max_damping_factor": 0.025066770086394546, "1cycle_momentum_min_damping_factor_pct": 0.13148601695592974, "conv1_channels": 18, "conv2_channels": 27, "conv3_channels": 26, "dense1_units": 46}