{"optimizer": "adam", "epochs": 10, "batch_size": 133, "conv1_weight_decay": 0.009279413693331795, "conv2_weight_decay": 1.4274336464183862e-06, "conv3_weight_decay": 8.435043793225081e-07, "dense1_weight_decay": 0.0001454620627320079, "dense2_weight_decay": 0.041278097326380776, "1cycle_initial_lr_pct": 0.048578283700682144, "1cycle_final_lr_pct": 0.009285285096504014, "1cycle_pct_warmup": 0.33831488877534865, "1cycle_max_lr": 0.0123342695427739, "conv1_channels": 7, "conv2_channels": 52, "conv3_channels": 202, "dense1_units": 11}