{"accuracy": 0.11349999904632568, "loss": 2.832766532897949, "training_time": 20.9443416595459}