{"accuracy": 0.9932000041007996, "loss": 0.04789217188954353, "training_time": 22.485445499420166}