{"optimizer": "adam", "epochs": 57, "batch_size": 277, "conv1_weight_decay": 0.01421346910342972, "conv2_weight_decay": 0.29168078318894647, "conv3_weight_decay": 6.772144228233494e-07, "dense1_weight_decay": 6.369291601463639e-07, "dense2_weight_decay": 1.2778898231232044e-06, "1cycle_initial_lr_pct": 0.2220593043797277, "1cycle_final_lr_pct": 0.0005016654146297223, "1cycle_pct_warmup": 0.21025827932171523, "1cycle_max_lr": 3.813103796156453, "conv1_channels": 13, "conv2_channels": 17, "conv3_channels": 135, "dense1_units": 62}