{"optimizer": "sgd", "nesterov": false, "epochs": 4, "batch_size": 27, "conv1_weight_decay": 0.03464519679924924, "conv2_weight_decay": 0.0012679529543231389, "conv3_weight_decay": 0.0001544847706749617, "dense1_weight_decay": 0.06310363858439563, "dense2_weight_decay": 9.057515558442225e-05, "1cycle_initial_lr_pct": 0.46452869249254564, "1cycle_final_lr_pct": 4.084409806474716e-05, "1cycle_pct_warmup": 0.09164753855638805, "1cycle_max_lr": 3.782023609447268, "1cycle_momentum_max_damping_factor": 0.040833621394396336, "1cycle_momentum_min_damping_factor_pct": 0.23446281056657947, "conv1_channels": 13, "conv2_channels": 122, "conv3_channels": 23, "dense1_units": 19}