{"accuracy": 0.0982000008225441, "loss": 2.392711639404297, "training_time": 35.132568359375}