{"optimizer": "sgd", "nesterov": false, "epochs": 2, "batch_size": 29, "conv1_weight_decay": 1.549560504122935e-06, "conv2_weight_decay": 2.5195081689108075e-07, "conv3_weight_decay": 5.636484737596908e-05, "dense1_weight_decay": 4.167151730333775e-06, "dense2_weight_decay": 3.2316453526694045e-06, "1cycle_initial_lr_pct": 0.08978526402549665, "1cycle_final_lr_pct": 0.001336111881094414, "1cycle_pct_warmup": 0.2857317726686597, "1cycle_max_lr": 1.0919442311780125, "1cycle_max_momentum": 0.837296663749963, "1cycle_min_momentum_pct": 0.3547747675329447, "conv1_channels": 62, "conv2_channels": 17, "conv3_channels": 34, "dense1_units": 37}