{"optimizer": "adam", "epochs": 23, "batch_size": 499, "conv1_weight_decay": 1.2569104421898643e-06, "conv2_weight_decay": 5.503172198583861e-05, "conv3_weight_decay": 2.5255115198253783e-06, "dense1_weight_decay": 0.0015161371778498404, "dense2_weight_decay": 4.770302029388932e-05, "1cycle_initial_lr_pct": 0.09528327553953495, "1cycle_final_lr_pct": 0.004910349474134732, "1cycle_pct_warmup": 0.012258729311570541, "1cycle_max_lr": 0.47928616019304554, "1cycle_beta1_max_damping_factor": 0.002097525342916044, "1cycle_beta1_min_damping_factor_pct": 0.3587698897313963, "beta2_damping_factor": 0.04530469246460165, "conv1_channels": 56, "conv2_channels": 24, "conv3_channels": 23, "dense1_units": 59}