{"accuracy": 0.11349999904632568, "loss": 2.3670358657836914, "training_time": 24.148858070373535}