{"optimizer": "adam", "epochs": 37, "batch_size": 509, "conv1_weight_decay": 0.0057449318424581935, "conv2_weight_decay": 0.00863917692536501, "conv3_weight_decay": 0.03519874488075979, "dense1_weight_decay": 2.6842730769493595e-07, "dense2_weight_decay": 2.438752979975798e-06, "1cycle_initial_lr_pct": 0.04678896309017953, "1cycle_final_lr_pct": 9.473564687212449e-05, "1cycle_pct_warmup": 0.47173713240772486, "1cycle_max_lr": 1.070445785579744, "conv1_channels": 44, "conv2_channels": 18, "conv3_channels": 24, "dense1_units": 57}