{"optimizer": "sgd", "nesterov": true, "epochs": 2, "batch_size": 15, "conv1_weight_decay": 0.0017442671690283747, "conv2_weight_decay": 0.0003435002384285051, "conv3_weight_decay": 0.006141139029088897, "dense1_weight_decay": 0.09340715057896257, "dense2_weight_decay": 4.181110509194139e-05, "1cycle_initial_lr_pct": 0.042765414246524455, "1cycle_final_lr_pct": 0.0003344507515416013, "1cycle_pct_warmup": 0.056311820980844536, "1cycle_max_lr": 0.46496335281482504, "1cycle_momentum_max_damping_factor": 0.0006769553325718623, "1cycle_momentum_min_damping_factor_pct": 0.10129013157754124, "conv1_channels": 11, "conv2_channels": 10, "conv3_channels": 17, "dense1_units": 10}