{"accuracy": 0.09799999743700027, "loss": 3.0136470794677734, "training_time": 27.257872581481934}