{"accuracy": 0.11349999904632568, "loss": 2.30147647857666, "training_time": 41.92066216468811}