{"optimizer": "sgd", "nesterov": true, "epochs": 3, "batch_size": 36, "conv1_weight_decay": 4.146301893716729e-05, "conv2_weight_decay": 0.004608402135303225, "conv3_weight_decay": 0.057886031920907195, "dense1_weight_decay": 0.0201459541641894, "dense2_weight_decay": 0.015635655919792345, "1cycle_initial_lr_pct": 0.07244138345796006, "1cycle_final_lr_pct": 8.567601953910597e-05, "1cycle_pct_warmup": 0.44905081257224083, "1cycle_max_lr": 0.013867095974181572, "1cycle_max_momentum": 0.46234532546605916, "1cycle_min_momentum_pct": 0.1524351667612791, "conv1_channels": 15, "conv2_channels": 48, "conv3_channels": 54, "dense1_units": 63}