{"optimizer": "adam", "epochs": 12, "batch_size": 570, "conv1_weight_decay": 0.00012150451335866053, "conv2_weight_decay": 0.060916339504680755, "conv3_weight_decay": 0.0005702306798042858, "dense1_weight_decay": 3.861109701156174e-06, "dense2_weight_decay": 0.2563607853431696, "1cycle_initial_lr_pct": 0.06605402519217354, "1cycle_final_lr_pct": 0.00030035485130137967, "1cycle_pct_warmup": 0.05185947103174289, "1cycle_max_lr": 0.16554832616314666, "1cycle_beta1_max_damping_factor": 0.00011454658040201551, "1cycle_beta1_min_damping_factor_pct": 0.12810792882254654, "beta2_damping_factor": 0.009479904925011887, "conv1_channels": 13, "conv2_channels": 15, "conv3_channels": 234, "dense1_units": 9}