{"accuracy": 0.9546999931335449, "loss": 0.5568826794624329, "training_time": 22.76083731651306}