{"accuracy": 0.9214000105857849, "loss": 3.128911256790161, "training_time": 10.719948053359985}