{"optimizer": "adam", "epochs": 19, "batch_size": 2448, "conv1_weight_decay": 0.024772091436235308, "conv2_weight_decay": 4.329732586997429e-05, "conv3_weight_decay": 0.02408616648059435, "dense1_weight_decay": 0.04862091556633314, "dense2_weight_decay": 0.11731563590100275, "1cycle_initial_lr_pct": 0.02430430559199461, "1cycle_final_lr_pct": 5.662535473968983e-05, "1cycle_pct_warmup": 0.022764341412112116, "1cycle_max_lr": 0.04769483124893555, "conv1_channels": 11, "conv2_channels": 13, "conv3_channels": 163, "dense1_units": 74}