{"optimizer": "sgd", "nesterov": false, "epochs": 4, "batch_size": 82, "conv1_weight_decay": 0.010636891981780573, "conv2_weight_decay": 4.1359747593298985e-07, "conv3_weight_decay": 0.004072943748006402, "dense1_weight_decay": 3.026144813385862e-07, "dense2_weight_decay": 0.02198053448761438, "1cycle_initial_lr_pct": 0.017232324949213722, "1cycle_final_lr_pct": 0.00027059000531097884, "1cycle_pct_warmup": 0.343008727102825, "1cycle_max_lr": 0.18190816898382287, "1cycle_momentum_max_damping_factor": 0.0003139974690480471, "1cycle_momentum_min_damping_factor_pct": 0.34934089851317485, "conv1_channels": 10, "conv2_channels": 17, "conv3_channels": 72, "dense1_units": 72}