{"accuracy": 0.11349999904632568, "loss": 2.302461624145508, "training_time": 21.471984148025513}