{"optimizer": "adam", "epochs": 3, "batch_size": 57, "conv1_weight_decay": 3.458976648824084e-06, "conv2_weight_decay": 0.03497450257355916, "conv3_weight_decay": 0.021319118285713024, "dense1_weight_decay": 0.0062693155853223775, "dense2_weight_decay": 1.3328885919800489e-06, "1cycle_initial_lr_pct": 0.35861557117428955, "1cycle_final_lr_pct": 0.0002454403075378529, "1cycle_pct_warmup": 0.45752028850838544, "1cycle_max_lr": 0.3891957494011082, "conv1_channels": 4, "conv2_channels": 51, "conv3_channels": 52, "dense1_units": 27}