{"optimizer": "sgd", "nesterov": false, "epochs": 19, "batch_size": 966, "conv1_weight_decay": 3.925586577370528e-06, "conv2_weight_decay": 0.0006346557302751124, "conv3_weight_decay": 0.0030452286227135384, "dense1_weight_decay": 1.1424209724016661e-05, "dense2_weight_decay": 7.72573292229637e-05, "1cycle_initial_lr_pct": 0.2580269451649925, "1cycle_final_lr_pct": 8.058531080518446e-05, "1cycle_pct_warmup": 0.04568465905560556, "1cycle_max_lr": 0.04684058758047558, "1cycle_momentum_max_damping_factor": 0.025572540696610625, "1cycle_momentum_min_damping_factor_pct": 0.8439951923564238, "conv1_channels": 43, "conv2_channels": 7, "conv3_channels": 33, "dense1_units": 248}