{"accuracy": 0.9884999990463257, "loss": 0.08767454326152802, "training_time": 17.53187584877014}