{"accuracy": 0.11349999904632568, "loss": 2.3034791946411133, "training_time": 19.42627191543579}