{"optimizer": "adam", "epochs": 6, "batch_size": 1608, "conv1_weight_decay": 0.013460543833248835, "conv2_weight_decay": 0.00019293135441615934, "conv3_weight_decay": 0.015719196546857588, "dense1_weight_decay": 0.0014012473719724763, "dense2_weight_decay": 3.973859628226484e-06, "1cycle_initial_lr_pct": 0.04110969781995761, "1cycle_final_lr_pct": 8.892598252304232e-05, "1cycle_pct_warmup": 0.28549985110759735, "1cycle_max_lr": 10.853415623111397, "conv1_channels": 4, "conv2_channels": 13, "conv3_channels": 37, "dense1_units": 22}