{"optimizer": "sgd", "nesterov": false, "epochs": 34, "batch_size": 205, "conv1_weight_decay": 0.03642322952328832, "conv2_weight_decay": 0.013332317314326355, "conv3_weight_decay": 0.0021682659884647106, "dense1_weight_decay": 9.344151232964905e-06, "dense2_weight_decay": 5.962320885990882e-05, "1cycle_initial_lr_pct": 0.04795555255739376, "1cycle_final_lr_pct": 0.00032242187578055407, "1cycle_pct_warmup": 0.014643308488145294, "1cycle_max_lr": 11.073399952868442, "1cycle_momentum_max_damping_factor": 0.38806919992353867, "1cycle_momentum_min_damping_factor_pct": 0.25493455892890315, "conv1_channels": 37, "conv2_channels": 23, "conv3_channels": 41, "dense1_units": 10}