{"accuracy": 0.11349999904632568, "loss": 4.068414211273193, "training_time": 6.0557334423065186}