{"optimizer": "sgd", "nesterov": false, "epochs": 33, "batch_size": 2145, "conv1_weight_decay": 0.0029771536050638443, "conv2_weight_decay": 1.1827081633122379e-07, "conv3_weight_decay": 8.026500840135956e-06, "dense1_weight_decay": 3.0192487872161542e-05, "dense2_weight_decay": 3.463312888688864e-05, "1cycle_initial_lr_pct": 0.02421978417056403, "1cycle_final_lr_pct": 0.0019448861735305556, "1cycle_pct_warmup": 0.23205956959165633, "1cycle_max_lr": 4.310115447184551, "1cycle_max_momentum": 0.46819909799555315, "1cycle_min_momentum_pct": 0.5618536872789264, "conv1_channels": 57, "conv2_channels": 126, "conv3_channels": 198, "dense1_units": 49}