{"optimizer": "adam", "epochs": 2, "batch_size": 74, "conv1_weight_decay": 0.002835408622079625, "conv2_weight_decay": 3.7549144839453794e-05, "conv3_weight_decay": 1.3062696755466614e-07, "dense1_weight_decay": 0.0007181411278399489, "dense2_weight_decay": 4.143130805542144e-06, "1cycle_initial_lr_pct": 0.016712586282337443, "1cycle_final_lr_pct": 0.00915030667180597, "1cycle_pct_warmup": 0.07849833037046473, "1cycle_max_lr": 3.196495772746894, "1cycle_beta1_max_damping_factor": 0.0016490932242268028, "1cycle_beta1_min_damping_factor_pct": 0.27823579291341205, "beta2_damping_factor": 0.0010523452509792039, "conv1_channels": 13, "conv2_channels": 19, "conv3_channels": 59, "dense1_units": 18}