{"accuracy": 0.08919999748468399, "loss": 20.0, "training_time": 8.739177942276001}