{"optimizer": "sgd", "nesterov": false, "epochs": 2, "batch_size": 1950, "conv1_weight_decay": 5.672562840469745e-05, "conv2_weight_decay": 0.02995862118757323, "conv3_weight_decay": 1.6929951261774342e-06, "dense1_weight_decay": 3.1632748336550314e-07, "dense2_weight_decay": 5.011033696685838e-07, "1cycle_initial_lr_pct": 0.07245437789096541, "1cycle_final_lr_pct": 0.002508960636421097, "1cycle_pct_warmup": 0.045991151260350416, "1cycle_max_lr": 0.7265012355799575, "1cycle_momentum_max_damping_factor": 0.16652094320548347, "1cycle_momentum_min_damping_factor_pct": 0.16281078731755985, "conv1_channels": 52, "conv2_channels": 21, "conv3_channels": 41, "dense1_units": 191}