{"optimizer": "adam", "epochs": 32, "batch_size": 149, "conv1_weight_decay": 8.714349650281139e-05, "conv2_weight_decay": 0.00044666283601412437, "conv3_weight_decay": 4.923736777521902e-05, "dense1_weight_decay": 0.04774743256156429, "dense2_weight_decay": 1.0011100336456745e-05, "1cycle_initial_lr_pct": 0.06571307808899847, "1cycle_final_lr_pct": 0.000721423097643386, "1cycle_pct_warmup": 0.4562001064233482, "1cycle_max_lr": 0.5322484497116341, "conv1_channels": 46, "conv2_channels": 9, "conv3_channels": 27, "dense1_units": 34}