{"accuracy": 0.11349999904632568, "loss": 4.148284435272217, "training_time": 5.432957172393799}