{"optimizer": "sgd", "nesterov": true, "epochs": 24, "batch_size": 114, "conv1_weight_decay": 0.007954985194642062, "conv2_weight_decay": 1.8368018432185988e-05, "conv3_weight_decay": 0.11670240705981588, "dense1_weight_decay": 0.0020474914432510663, "dense2_weight_decay": 0.00308822734315522, "1cycle_initial_lr_pct": 0.06297797975766253, "1cycle_final_lr_pct": 6.313560205719187e-05, "1cycle_pct_warmup": 0.05706700617447496, "1cycle_max_lr": 0.011945242705842584, "1cycle_max_momentum": 0.9451613369626924, "1cycle_min_momentum_pct": 0.5199570497497916, "conv1_channels": 62, "conv2_channels": 56, "conv3_channels": 34, "dense1_units": 101}