{"optimizer": "adam", "epochs": 4, "batch_size": 2159, "conv1_weight_decay": 0.02618915063756288, "conv2_weight_decay": 2.7231562585530443e-06, "conv3_weight_decay": 0.0009787029671372027, "dense1_weight_decay": 5.9671557467883204e-06, "dense2_weight_decay": 0.00022031548486414653, "1cycle_initial_lr_pct": 0.07366454229388589, "1cycle_final_lr_pct": 0.00022115897292586888, "1cycle_pct_warmup": 0.41438485284801335, "1cycle_max_lr": 0.1202582807454769, "1cycle_beta1_max_damping_factor": 0.0021264560188538188, "1cycle_beta1_min_damping_factor_pct": 0.10969191968109468, "beta2_damping_factor": 0.056571614467610616, "conv1_channels": 9, "conv2_channels": 76, "conv3_channels": 29, "dense1_units": 10}