{"accuracy": 0.9617000222206116, "loss": 0.5707017779350281, "training_time": 5.5904011726379395}