{"optimizer": "sgd", "nesterov": true, "epochs": 4, "batch_size": 528, "conv1_weight_decay": 4.309167068329198e-05, "conv2_weight_decay": 0.0006483011820333652, "conv3_weight_decay": 0.018316107127153685, "dense1_weight_decay": 0.00016505255203152176, "dense2_weight_decay": 0.0026018213932328406, "1cycle_initial_lr_pct": 0.09201423332309829, "1cycle_final_lr_pct": 0.0071331785704336695, "1cycle_pct_warmup": 0.17034128255210818, "1cycle_max_lr": 1.839924185552945, "1cycle_max_momentum": 0.5376545693786815, "1cycle_min_momentum_pct": 0.5188634442165494, "conv1_channels": 6, "conv2_channels": 10, "conv3_channels": 27, "dense1_units": 115}