{"optimizer": "adam", "epochs": 27, "batch_size": 59, "conv1_weight_decay": 8.342402932145614e-05, "conv2_weight_decay": 0.03717983285611404, "conv3_weight_decay": 0.0033032924739342068, "dense1_weight_decay": 0.0002695369022281916, "dense2_weight_decay": 0.0005712735799333076, "1cycle_initial_lr_pct": 0.09828279094447417, "1cycle_final_lr_pct": 0.0007568517574859741, "1cycle_pct_warmup": 0.16509628192333228, "1cycle_max_lr": 1.9044260346320354, "1cycle_beta1_max_damping_factor": 0.11503896882985094, "1cycle_beta1_min_damping_factor_pct": 0.7867580634950506, "beta2_damping_factor": 0.09183614805972298, "conv1_channels": 6, "conv2_channels": 59, "conv3_channels": 27, "dense1_units": 19}