{"accuracy": 0.11349999904632568, "loss": 2.321455717086792, "training_time": 5.644734621047974}