{"optimizer": "adam", "epochs": 2, "batch_size": 703, "conv1_weight_decay": 3.210101830602995e-06, "conv2_weight_decay": 3.8314340546676995e-06, "conv3_weight_decay": 1.6621417434994437e-05, "dense1_weight_decay": 1.8584720533508834e-07, "dense2_weight_decay": 3.6400246409924776e-05, "1cycle_initial_lr_pct": 0.27607262854757164, "1cycle_final_lr_pct": 0.0016375459968282719, "1cycle_pct_warmup": 0.28217374411411583, "1cycle_max_lr": 1.8292891493510837, "conv1_channels": 11, "conv2_channels": 63, "conv3_channels": 166, "dense1_units": 36}