{"optimizer": "sgd", "nesterov": true, "epochs": 17, "batch_size": 52, "conv1_weight_decay": 3.2933802755034393e-06, "conv2_weight_decay": 8.729363826407289e-06, "conv3_weight_decay": 5.386915931115464e-07, "dense1_weight_decay": 0.11865132069978665, "dense2_weight_decay": 3.897500775807801e-06, "1cycle_initial_lr_pct": 0.3229724110000327, "1cycle_final_lr_pct": 0.005990859158950028, "1cycle_pct_warmup": 0.014808102884010096, "1cycle_max_lr": 1.8672307704508906, "1cycle_momentum_max_damping_factor": 0.0007945145304985531, "1cycle_momentum_min_damping_factor_pct": 0.11756902185019003, "conv1_channels": 53, "conv2_channels": 100, "conv3_channels": 81, "dense1_units": 12}