{"accuracy": 0.10279999673366547, "loss": 14.60209846496582, "training_time": 6.0874669551849365}