{"optimizer": "sgd", "nesterov": true, "epochs": 24, "batch_size": 180, "conv1_weight_decay": 1.4489026784725943e-05, "conv2_weight_decay": 3.5704753764060955e-06, "conv3_weight_decay": 0.000929314857547874, "dense1_weight_decay": 2.6229849622129764e-07, "dense2_weight_decay": 0.002784382966602833, "1cycle_initial_lr_pct": 0.06063895945592057, "1cycle_final_lr_pct": 0.0075805295404745695, "1cycle_pct_warmup": 0.018981066954618427, "1cycle_max_lr": 0.057124860823012706, "1cycle_momentum_max_damping_factor": 0.0001069882160024528, "1cycle_momentum_min_damping_factor_pct": 0.5263745686549997, "conv1_channels": 30, "conv2_channels": 87, "conv3_channels": 15, "dense1_units": 7}