{"optimizer": "adam", "epochs": 2, "batch_size": 1305, "conv1_weight_decay": 1.9568757064071114e-05, "conv2_weight_decay": 2.497187322332479e-05, "conv3_weight_decay": 0.11028057128243925, "dense1_weight_decay": 0.05583965635830041, "dense2_weight_decay": 0.0006444365534079313, "1cycle_initial_lr_pct": 0.06118042721653508, "1cycle_final_lr_pct": 0.002112909270235485, "1cycle_pct_warmup": 0.3334335553459823, "1cycle_max_lr": 0.33264631538175177, "conv1_channels": 6, "conv2_channels": 27, "conv3_channels": 155, "dense1_units": 15}