{"accuracy": 0.11349999904632568, "loss": 2.302996873855591, "training_time": 6.067498207092285}