{"optimizer": "adam", "epochs": 11, "batch_size": 24, "conv1_weight_decay": 1.2540702212178487e-06, "conv2_weight_decay": 0.20596585062343362, "conv3_weight_decay": 0.00015260281721973752, "dense1_weight_decay": 0.07008264515501055, "dense2_weight_decay": 0.026206436202638746, "1cycle_initial_lr_pct": 0.04512370347312814, "1cycle_final_lr_pct": 0.00019595739714082993, "1cycle_pct_warmup": 0.35036297821439805, "1cycle_max_lr": 5.4389319949865245, "conv1_channels": 32, "conv2_channels": 23, "conv3_channels": 21, "dense1_units": 159}