{"optimizer": "sgd", "nesterov": true, "epochs": 6, "batch_size": 368, "conv1_weight_decay": 1.3002091772482078e-06, "conv2_weight_decay": 0.0016728204581633905, "conv3_weight_decay": 9.901752217820215e-07, "dense1_weight_decay": 4.005251495988081e-07, "dense2_weight_decay": 0.08081585519520056, "1cycle_initial_lr_pct": 0.043314078184889325, "1cycle_final_lr_pct": 0.0001376959692661239, "1cycle_pct_warmup": 0.024579642978638835, "1cycle_max_lr": 5.382769331044246, "1cycle_momentum_max_damping_factor": 0.006254018575576518, "1cycle_momentum_min_damping_factor_pct": 0.1500381402293347, "conv1_channels": 6, "conv2_channels": 17, "conv3_channels": 70, "dense1_units": 152}