{"accuracy": 0.09799999743700027, "loss": 2.4747352600097656, "training_time": 7.301712512969971}