{"optimizer": "sgd", "nesterov": false, "epochs": 9, "batch_size": 53, "conv1_weight_decay": 0.0015998598838435556, "conv2_weight_decay": 8.983547269007968e-07, "conv3_weight_decay": 7.878827051270766e-06, "dense1_weight_decay": 0.0007988836934268032, "dense2_weight_decay": 0.00021754268862760786, "1cycle_initial_lr_pct": 0.13748856657658204, "1cycle_final_lr_pct": 0.00039905270106673434, "1cycle_pct_warmup": 0.11400701810474938, "1cycle_max_lr": 5.135105926022781, "1cycle_momentum_max_damping_factor": 0.7515381207154048, "1cycle_momentum_min_damping_factor_pct": 0.4570821870508324, "conv1_channels": 13, "conv2_channels": 34, "conv3_channels": 111, "dense1_units": 125}