{"optimizer": "adam", "epochs": 15, "batch_size": 698, "conv1_weight_decay": 0.006271278499592274, "conv2_weight_decay": 4.56512641601537e-06, "conv3_weight_decay": 1.0600647948713222e-07, "dense1_weight_decay": 2.779760714739087e-05, "dense2_weight_decay": 0.004485802217980509, "1cycle_initial_lr_pct": 0.1334408619296539, "1cycle_final_lr_pct": 7.565108189124511e-05, "1cycle_pct_warmup": 0.2013400699477643, "1cycle_max_lr": 5.702915980604242, "conv1_channels": 6, "conv2_channels": 24, "conv3_channels": 156, "dense1_units": 64}