{"accuracy": 0.11349999904632568, "loss": 2.3017377853393555, "training_time": 40.51202321052551}