{"optimizer": "sgd", "nesterov": true, "epochs": 57, "batch_size": 277, "conv1_weight_decay": 0.006531022079176795, "conv2_weight_decay": 1.417406427582911e-06, "conv3_weight_decay": 0.21719244063124366, "dense1_weight_decay": 3.7199917682681683e-05, "dense2_weight_decay": 7.443172337507843e-05, "1cycle_initial_lr_pct": 0.3099904097253746, "1cycle_final_lr_pct": 0.0010266470080310596, "1cycle_pct_warmup": 0.014928713284651706, "1cycle_max_lr": 6.808228453996988, "1cycle_momentum_max_damping_factor": 0.03391150440633462, "1cycle_momentum_min_damping_factor_pct": 0.5196093683672196, "conv1_channels": 34, "conv2_channels": 17, "conv3_channels": 121, "dense1_units": 74}