{"optimizer": "adam", "epochs": 7, "batch_size": 17, "conv1_weight_decay": 0.001521518607748069, "conv2_weight_decay": 9.384263475295457e-06, "conv3_weight_decay": 0.0009687272950722854, "dense1_weight_decay": 0.000571834678849282, "dense2_weight_decay": 1.4799507151611284e-06, "1cycle_initial_lr_pct": 0.3476907331480046, "1cycle_final_lr_pct": 0.005904873752360307, "1cycle_pct_warmup": 0.2804754749219865, "1cycle_max_lr": 7.377638710932664, "conv1_channels": 6, "conv2_channels": 11, "conv3_channels": 189, "dense1_units": 19}