{"optimizer": "adam", "epochs": 4, "batch_size": 62, "conv1_weight_decay": 5.52496594348815e-07, "conv2_weight_decay": 5.1090778529406334e-05, "conv3_weight_decay": 2.545584434967211e-07, "dense1_weight_decay": 0.006444815412084934, "dense2_weight_decay": 0.1890408547945958, "1cycle_initial_lr_pct": 0.04422823604065732, "1cycle_final_lr_pct": 0.007382373164564657, "1cycle_pct_warmup": 0.3135372260230908, "1cycle_max_lr": 0.07279383338485397, "1cycle_beta1_max_damping_factor": 0.005329953741171206, "1cycle_beta1_min_damping_factor_pct": 0.2992543283128168, "beta2_damping_factor": 0.02843642350239123, "conv1_channels": 33, "conv2_channels": 32, "conv3_channels": 52, "dense1_units": 206}