{"optimizer": "sgd", "nesterov": false, "epochs": 21, "batch_size": 539, "conv1_weight_decay": 1.7512640748755015e-07, "conv2_weight_decay": 1.8048481006890697e-07, "conv3_weight_decay": 2.475814382292936e-05, "dense1_weight_decay": 1.9934868720180165e-05, "dense2_weight_decay": 0.011961110733237178, "1cycle_initial_lr_pct": 0.04477225732097986, "1cycle_final_lr_pct": 0.0021836010425759288, "1cycle_pct_warmup": 0.011324124932289124, "1cycle_max_lr": 0.02384673722245765, "1cycle_max_momentum": 0.4474847548501566, "1cycle_min_momentum_pct": 0.6907459516078234, "conv1_channels": 33, "conv2_channels": 110, "conv3_channels": 41, "dense1_units": 19}