{"accuracy": 0.972000002861023, "loss": 1.8953357934951782, "training_time": 17.514994859695435}