{"accuracy": 0.9728000164031982, "loss": 0.1376999020576477, "training_time": 41.936269760131836}