{"optimizer": "sgd", "nesterov": false, "epochs": 2, "batch_size": 48, "conv1_weight_decay": 8.610118303247356e-05, "conv2_weight_decay": 3.72641285095704e-07, "conv3_weight_decay": 0.001305773135653379, "dense1_weight_decay": 2.254977887318182e-06, "dense2_weight_decay": 3.37245408070293e-07, "1cycle_initial_lr_pct": 0.04304937795885462, "1cycle_final_lr_pct": 0.00021479603609438308, "1cycle_pct_warmup": 0.07175360914801379, "1cycle_max_lr": 8.043644804273923, "1cycle_momentum_max_damping_factor": 0.00023981864186219698, "1cycle_momentum_min_damping_factor_pct": 0.5179579323655932, "conv1_channels": 49, "conv2_channels": 40, "conv3_channels": 83, "dense1_units": 9}