{"optimizer": "adam", "epochs": 31, "batch_size": 614, "conv1_weight_decay": 5.557021550855105e-05, "conv2_weight_decay": 2.8356691744639364e-05, "conv3_weight_decay": 0.007825325609434398, "dense1_weight_decay": 0.029417841246570188, "dense2_weight_decay": 4.972072430710251e-06, "1cycle_initial_lr_pct": 0.046578324267156204, "1cycle_final_lr_pct": 6.08232366956976e-05, "1cycle_pct_warmup": 0.2283966357447207, "1cycle_max_lr": 9.131259450029074, "conv1_channels": 12, "conv2_channels": 15, "conv3_channels": 49, "dense1_units": 33}