{"optimizer": "adam", "epochs": 52, "batch_size": 338, "conv1_weight_decay": 8.588720208184662e-07, "conv2_weight_decay": 0.0003949831549074087, "conv3_weight_decay": 0.0058152555446400606, "dense1_weight_decay": 0.006179094381977386, "dense2_weight_decay": 8.417885704724809e-06, "1cycle_initial_lr_pct": 0.0332203652912451, "1cycle_final_lr_pct": 0.002403042515326089, "1cycle_pct_warmup": 0.13696775156626315, "1cycle_max_lr": 9.877482012050171, "1cycle_beta1_max_damping_factor": 0.20646415939090612, "1cycle_beta1_min_damping_factor_pct": 0.13533513589328447, "beta2_damping_factor": 0.00017292814939574126, "conv1_channels": 18, "conv2_channels": 7, "conv3_channels": 27, "dense1_units": 7}