{"optimizer": "sgd", "nesterov": true, "epochs": 6, "batch_size": 21, "conv1_weight_decay": 9.828236361768964e-07, "conv2_weight_decay": 0.009441825899097438, "conv3_weight_decay": 0.03303539823405228, "dense1_weight_decay": 1.8605350457022207e-05, "dense2_weight_decay": 2.720509440768247e-07, "1cycle_initial_lr_pct": 0.03406845490135886, "1cycle_final_lr_pct": 0.0006968688969944824, "1cycle_pct_warmup": 0.13506277769804, "1cycle_max_lr": 11.92003018029479, "1cycle_max_momentum": 0.7775431495070457, "1cycle_min_momentum_pct": 0.4382274318486452, "conv1_channels": 4, "conv2_channels": 40, "conv3_channels": 114, "dense1_units": 11}