{"accuracy": 0.11349999904632568, "loss": 2.3029932975769043, "training_time": 42.93743062019348}