{"optimizer": "sgd", "nesterov": true, "epochs": 49, "batch_size": 823, "conv1_weight_decay": 2.588906337560772e-06, "conv2_weight_decay": 1.2436306934036494e-07, "conv3_weight_decay": 0.11957690231693029, "dense1_weight_decay": 0.0036068360347795946, "dense2_weight_decay": 0.001270256169226563, "1cycle_initial_lr_pct": 0.23058245941839536, "1cycle_final_lr_pct": 0.00034762977777003063, "1cycle_pct_warmup": 0.2525337508693337, "1cycle_max_lr": 0.8535221639525213, "1cycle_max_momentum": 0.7265908607262187, "1cycle_min_momentum_pct": 0.3081270018592477, "conv1_channels": 49, "conv2_channels": 13, "conv3_channels": 57, "dense1_units": 85}