{"optimizer": "adam", "epochs": 3, "batch_size": 40, "conv1_weight_decay": 1.961150031821349e-06, "conv2_weight_decay": 3.486714743858138e-05, "conv3_weight_decay": 0.0002748604180525396, "dense1_weight_decay": 1.959662490361056e-05, "dense2_weight_decay": 0.0008700464572341448, "1cycle_initial_lr_pct": 0.42214579255073537, "1cycle_final_lr_pct": 5.523297608041474e-05, "1cycle_pct_warmup": 0.08010157015499864, "1cycle_max_lr": 0.6354519542483951, "1cycle_beta1_max_damping_factor": 0.0013794090280368704, "1cycle_beta1_min_damping_factor_pct": 0.5969082593169625, "beta2_damping_factor": 0.010739385911327866, "conv1_channels": 10, "conv2_channels": 48, "conv3_channels": 24, "dense1_units": 238}