{"optimizer": "adam", "epochs": 15, "batch_size": 1030, "conv1_weight_decay": 3.433550072514065e-05, "conv2_weight_decay": 0.12317903023471638, "conv3_weight_decay": 0.002186207662574877, "dense1_weight_decay": 0.004882358099138614, "dense2_weight_decay": 0.006706427723281895, "1cycle_initial_lr_pct": 0.05934259091094159, "1cycle_final_lr_pct": 0.00013374690503002273, "1cycle_pct_warmup": 0.4052484617824667, "1cycle_max_lr": 1.6334083707484721, "1cycle_beta1_max_damping_factor": 0.012029827086867116, "1cycle_beta1_min_damping_factor_pct": 0.26954251031381243, "beta2_damping_factor": 0.0006579266678454722, "conv1_channels": 10, "conv2_channels": 10, "conv3_channels": 191, "dense1_units": 15}