{"optimizer": "sgd", "nesterov": false, "epochs": 4, "batch_size": 236, "conv1_weight_decay": 0.0001111963443850616, "conv2_weight_decay": 0.002440199903144855, "conv3_weight_decay": 0.015921747768110187, "dense1_weight_decay": 2.5019828321333475e-05, "dense2_weight_decay": 0.0002777443189602831, "1cycle_initial_lr_pct": 0.06247815187112531, "1cycle_final_lr_pct": 0.00018975379166342356, "1cycle_pct_warmup": 0.05900041646324098, "1cycle_max_lr": 2.9389955456003594, "1cycle_max_momentum": 0.18855726885851473, "1cycle_min_momentum_pct": 0.3852526657283306, "conv1_channels": 10, "conv2_channels": 95, "conv3_channels": 87, "dense1_units": 85}