{"accuracy": 0.11349999904632568, "loss": 2.306110382080078, "training_time": 11.141510963439941}