{"accuracy": 0.10320000350475311, "loss": 2.3916287422180176, "training_time": 9.965680599212646}