{"optimizer": "adam", "epochs": 32, "batch_size": 872, "conv1_weight_decay": 0.026870157510838148, "conv2_weight_decay": 0.274040681565432, "conv3_weight_decay": 0.006841789337611603, "dense1_weight_decay": 0.0010670480377970345, "dense2_weight_decay": 0.00011678732822035941, "1cycle_initial_lr_pct": 0.02480370134220163, "1cycle_final_lr_pct": 9.760698646178842e-05, "1cycle_pct_warmup": 0.09879968814093168, "1cycle_max_lr": 0.036147418518077304, "1cycle_beta1_max_damping_factor": 0.030846503787095907, "1cycle_beta1_min_damping_factor_pct": 0.2506149824586433, "beta2_damping_factor": 0.1319631868323569, "conv1_channels": 48, "conv2_channels": 65, "conv3_channels": 220, "dense1_units": 65}