{"optimizer": "sgd", "nesterov": false, "epochs": 6, "batch_size": 57, "conv1_weight_decay": 0.007711740078714103, "conv2_weight_decay": 0.0015547407602870403, "conv3_weight_decay": 0.029659824559235708, "dense1_weight_decay": 3.8451798580131495e-05, "dense2_weight_decay": 8.61023245387677e-07, "1cycle_initial_lr_pct": 0.018386311439305737, "1cycle_final_lr_pct": 0.0001490490341941211, "1cycle_pct_warmup": 0.21895780442282559, "1cycle_max_lr": 0.2651099988518585, "1cycle_max_momentum": 0.20715141860889272, "1cycle_min_momentum_pct": 0.36570677626878023, "conv1_channels": 11, "conv2_channels": 100, "conv3_channels": 23, "dense1_units": 30}