{"accuracy": 0.986299991607666, "loss": 0.11077729612588882, "training_time": 41.96795439720154}