{"optimizer": "adam", "epochs": 22, "batch_size": 15, "conv1_weight_decay": 0.1384812463490268, "conv2_weight_decay": 3.1259898607765265e-07, "conv3_weight_decay": 1.912218916430398e-07, "dense1_weight_decay": 5.9043782421935735e-06, "dense2_weight_decay": 1.6364924532986e-07, "1cycle_initial_lr_pct": 0.058653758670491885, "1cycle_final_lr_pct": 0.0002614012512907302, "1cycle_pct_warmup": 0.2270424183085561, "1cycle_max_lr": 0.8234127383404045, "conv1_channels": 4, "conv2_channels": 90, "conv3_channels": 38, "dense1_units": 18}