{"optimizer": "sgd", "nesterov": false, "epochs": 4, "batch_size": 302, "conv1_weight_decay": 0.13047699012977904, "conv2_weight_decay": 0.00010637320226664658, "conv3_weight_decay": 5.3307316359534535e-06, "dense1_weight_decay": 0.001180155044048203, "dense2_weight_decay": 2.0670256592361786e-05, "1cycle_initial_lr_pct": 0.05812824640802587, "1cycle_final_lr_pct": 7.318308996471651e-05, "1cycle_pct_warmup": 0.0745828711005337, "1cycle_max_lr": 0.6157048434158864, "1cycle_momentum_max_damping_factor": 0.01008246829185097, "1cycle_momentum_min_damping_factor_pct": 0.11556007874762547, "conv1_channels": 32, "conv2_channels": 13, "conv3_channels": 113, "dense1_units": 53}