{"optimizer": "adam", "epochs": 3, "batch_size": 88, "conv1_weight_decay": 0.0032702230573971977, "conv2_weight_decay": 0.0005458483279703906, "conv3_weight_decay": 1.3624898775156455e-07, "dense1_weight_decay": 1.1482752505496338e-07, "dense2_weight_decay": 4.563050815133908e-06, "1cycle_initial_lr_pct": 0.030453674915373315, "1cycle_final_lr_pct": 0.0012266076347354513, "1cycle_pct_warmup": 0.3180431485176086, "1cycle_max_lr": 0.02197164433643265, "conv1_channels": 4, "conv2_channels": 37, "conv3_channels": 248, "dense1_units": 12}