{"optimizer": "sgd", "nesterov": true, "epochs": 19, "batch_size": 3204, "conv1_weight_decay": 0.002252176410257322, "conv2_weight_decay": 0.03670230333191627, "conv3_weight_decay": 9.811800565126006e-06, "dense1_weight_decay": 0.21181630970441254, "dense2_weight_decay": 3.9945799815525526e-07, "1cycle_initial_lr_pct": 0.015388585436128553, "1cycle_final_lr_pct": 0.005505879062078257, "1cycle_pct_warmup": 0.01783572198534087, "1cycle_max_lr": 0.07752396904200373, "1cycle_momentum_max_damping_factor": 0.12691005975621863, "1cycle_momentum_min_damping_factor_pct": 0.8069378726357361, "conv1_channels": 18, "conv2_channels": 9, "conv3_channels": 127, "dense1_units": 9}