{"accuracy": 0.9900000095367432, "loss": 0.04932091012597084, "training_time": 11.64840292930603}