{"accuracy": 0.920799970626831, "loss": 0.48438048362731934, "training_time": 11.265578746795654}