{"optimizer": "sgd", "nesterov": true, "epochs": 4, "batch_size": 283, "conv1_weight_decay": 0.00288747278941344, "conv2_weight_decay": 0.270002633234348, "conv3_weight_decay": 0.00014368237723858007, "dense1_weight_decay": 0.0025705114931716005, "dense2_weight_decay": 0.13155223061531854, "1cycle_initial_lr_pct": 0.03481942692110849, "1cycle_final_lr_pct": 0.005999043527591877, "1cycle_pct_warmup": 0.013347264202311636, "1cycle_max_lr": 1.4584386100229656, "1cycle_max_momentum": 0.6998127928549424, "1cycle_min_momentum_pct": 0.3410753319039941, "conv1_channels": 12, "conv2_channels": 46, "conv3_channels": 65, "dense1_units": 23}