{"optimizer": "adam", "epochs": 13, "batch_size": 30, "conv1_weight_decay": 0.002723413296898225, "conv2_weight_decay": 0.001334291464958369, "conv3_weight_decay": 9.261987937104774e-07, "dense1_weight_decay": 4.528706171727549e-06, "dense2_weight_decay": 0.008556400986796461, "1cycle_initial_lr_pct": 0.0317513046638387, "1cycle_final_lr_pct": 0.0010040308499570862, "1cycle_pct_warmup": 0.308976120156803, "1cycle_max_lr": 2.5572233678526675, "1cycle_beta1_max_damping_factor": 0.023117640212123074, "1cycle_beta1_min_damping_factor_pct": 0.13057379181693024, "beta2_damping_factor": 0.0004904196092011934, "conv1_channels": 40, "conv2_channels": 19, "conv3_channels": 108, "dense1_units": 133}