{"accuracy": 0.11349999904632568, "loss": 2.3051483631134033, "training_time": 11.152486324310303}