{"optimizer": "sgd", "nesterov": false, "epochs": 2, "batch_size": 59, "conv1_weight_decay": 0.02434485250214698, "conv2_weight_decay": 0.10636257400499573, "conv3_weight_decay": 1.1908134171646844e-07, "dense1_weight_decay": 0.0003613834014762981, "dense2_weight_decay": 0.003887128945168605, "1cycle_initial_lr_pct": 0.21982051844335673, "1cycle_final_lr_pct": 6.972089751205361e-05, "1cycle_pct_warmup": 0.2742529780246767, "1cycle_max_lr": 19.40357563306066, "1cycle_momentum_max_damping_factor": 0.007672955341471368, "1cycle_momentum_min_damping_factor_pct": 0.6732252652277341, "conv1_channels": 4, "conv2_channels": 7, "conv3_channels": 71, "dense1_units": 9}