{"optimizer": "adam", "epochs": 38, "batch_size": 511, "conv1_weight_decay": 0.008133922207895791, "conv2_weight_decay": 0.004134160775549388, "conv3_weight_decay": 8.602634804447957e-06, "dense1_weight_decay": 9.735377789121164e-05, "dense2_weight_decay": 0.00017538366396369732, "1cycle_initial_lr_pct": 0.4275050674365682, "1cycle_final_lr_pct": 0.00027221374055592056, "1cycle_pct_warmup": 0.09239164188504219, "1cycle_max_lr": 12.61070879167809, "conv1_channels": 15, "conv2_channels": 46, "conv3_channels": 141, "dense1_units": 253}