{"optimizer": "sgd", "nesterov": true, "epochs": 29, "batch_size": 252, "conv1_weight_decay": 4.5194309502795623e-07, "conv2_weight_decay": 1.833191675464389e-06, "conv3_weight_decay": 4.956946249467052e-06, "dense1_weight_decay": 0.00012959892436788516, "dense2_weight_decay": 0.10609258969197578, "1cycle_initial_lr_pct": 0.1922160601356697, "1cycle_final_lr_pct": 3.761449943086279e-05, "1cycle_pct_warmup": 0.15341709673404694, "1cycle_max_lr": 0.014956702993128533, "1cycle_max_momentum": 0.7946067091276869, "1cycle_min_momentum_pct": 0.33837015461176634, "conv1_channels": 31, "conv2_channels": 9, "conv3_channels": 253, "dense1_units": 13}