{"optimizer": "adam", "epochs": 3, "batch_size": 1079, "conv1_weight_decay": 1.8020820438143817e-07, "conv2_weight_decay": 6.482719033999201e-06, "conv3_weight_decay": 1.6984016033587526e-07, "dense1_weight_decay": 0.00018140926137129925, "dense2_weight_decay": 0.02139462892941869, "1cycle_initial_lr_pct": 0.16893849167201805, "1cycle_final_lr_pct": 0.0001390840403310056, "1cycle_pct_warmup": 0.12311109942810504, "1cycle_max_lr": 0.14349334850040746, "1cycle_beta1_max_damping_factor": 0.00042771065817065267, "1cycle_beta1_min_damping_factor_pct": 0.8873242813774304, "beta2_damping_factor": 0.0021600115041110423, "conv1_channels": 23, "conv2_channels": 11, "conv3_channels": 122, "dense1_units": 63}