{"accuracy": 0.9708999991416931, "loss": 0.1346510499715805, "training_time": 41.88120174407959}