{"accuracy": 0.11349999904632568, "loss": 2.7661759853363037, "training_time": 4.858811616897583}