{"optimizer": "adam", "epochs": 7, "batch_size": 1253, "conv1_weight_decay": 0.00011412580666018419, "conv2_weight_decay": 0.0003491085950696796, "conv3_weight_decay": 4.440152572762965e-06, "dense1_weight_decay": 0.0006391010802450229, "dense2_weight_decay": 0.059187732735963235, "1cycle_initial_lr_pct": 0.26590992562307797, "1cycle_final_lr_pct": 4.5978428223159704e-05, "1cycle_pct_warmup": 0.3245511606503021, "1cycle_max_lr": 0.3271726334386922, "1cycle_beta1_max_damping_factor": 0.0010369352275655802, "1cycle_beta1_min_damping_factor_pct": 0.1818387535702528, "beta2_damping_factor": 0.0013360645829718243, "conv1_channels": 36, "conv2_channels": 46, "conv3_channels": 63, "dense1_units": 27}