{"optimizer": "sgd", "nesterov": true, "epochs": 13, "batch_size": 184, "conv1_weight_decay": 3.9020501681214016e-05, "conv2_weight_decay": 0.010261297797531658, "conv3_weight_decay": 2.3224278651148623e-07, "dense1_weight_decay": 5.896802073929221e-05, "dense2_weight_decay": 0.03234819082850962, "1cycle_initial_lr_pct": 0.3795010546802312, "1cycle_final_lr_pct": 0.0005760275029843662, "1cycle_pct_warmup": 0.013956115571781993, "1cycle_max_lr": 0.03305991295778638, "1cycle_max_momentum": 0.023206855108682065, "1cycle_min_momentum_pct": 0.07687909808009863, "conv1_channels": 48, "conv2_channels": 66, "conv3_channels": 193, "dense1_units": 22}