{"accuracy": 0.9715999960899353, "loss": 0.2054193615913391, "training_time": 41.89671778678894}