{"accuracy": 0.11349999904632568, "loss": 14.364960670471191, "training_time": 9.408844947814941}