{"optimizer": "sgd", "nesterov": false, "epochs": 23, "batch_size": 186, "conv1_weight_decay": 1.7808554130278482e-07, "conv2_weight_decay": 0.20794559732000648, "conv3_weight_decay": 5.02159438184122e-06, "dense1_weight_decay": 0.054245792618490496, "dense2_weight_decay": 0.21803026859932206, "1cycle_initial_lr_pct": 0.15555502033487784, "1cycle_final_lr_pct": 0.00024300497501468534, "1cycle_pct_warmup": 0.01117300960072444, "1cycle_max_lr": 7.6068571851510685, "1cycle_momentum_max_damping_factor": 0.00012380011730482945, "1cycle_momentum_min_damping_factor_pct": 0.28938029158831857, "conv1_channels": 7, "conv2_channels": 27, "conv3_channels": 62, "dense1_units": 144}