{"optimizer": "adam", "epochs": 2, "batch_size": 1537, "conv1_weight_decay": 4.919302895281232e-07, "conv2_weight_decay": 0.0011671882952661921, "conv3_weight_decay": 2.1371818331148756e-07, "dense1_weight_decay": 4.920484093896586e-07, "dense2_weight_decay": 0.01440724909813027, "1cycle_initial_lr_pct": 0.1523195420373748, "1cycle_final_lr_pct": 5.004276764928655e-05, "1cycle_pct_warmup": 0.3124332257453352, "1cycle_max_lr": 6.719052468377175, "conv1_channels": 10, "conv2_channels": 29, "conv3_channels": 203, "dense1_units": 98}