{"accuracy": 0.08919999748468399, "loss": 20.0, "training_time": 31.149575233459473}