{"optimizer": "sgd", "nesterov": false, "epochs": 37, "batch_size": 2097, "conv1_weight_decay": 0.00019767776003042987, "conv2_weight_decay": 0.023930226233354317, "conv3_weight_decay": 0.0315861500354863, "dense1_weight_decay": 5.928939006545906e-07, "dense2_weight_decay": 8.806056783745389e-05, "1cycle_initial_lr_pct": 0.15255068169365077, "1cycle_final_lr_pct": 3.4845253867987914e-05, "1cycle_pct_warmup": 0.032191437057519506, "1cycle_max_lr": 0.6768812321036758, "1cycle_momentum_max_damping_factor": 0.0010837866489786996, "1cycle_momentum_min_damping_factor_pct": 0.22535498737157608, "conv1_channels": 4, "conv2_channels": 11, "conv3_channels": 236, "dense1_units": 11}