{"optimizer": "adam", "epochs": 6, "batch_size": 106, "conv1_weight_decay": 0.00035187037775071114, "conv2_weight_decay": 0.0007962852940817866, "conv3_weight_decay": 0.002233297090754465, "dense1_weight_decay": 0.0970635916300399, "dense2_weight_decay": 1.2307080991416571e-06, "1cycle_initial_lr_pct": 0.1557601292383634, "1cycle_final_lr_pct": 0.0004356960405539306, "1cycle_pct_warmup": 0.43666328642517327, "1cycle_max_lr": 0.7634263088813305, "conv1_channels": 6, "conv2_channels": 17, "conv3_channels": 175, "dense1_units": 221}