{"accuracy": 0.10279999673366547, "loss": 2.30244517326355, "training_time": 20.93842339515686}