{"optimizer": "adam", "epochs": 4, "batch_size": 242, "conv1_weight_decay": 0.25763996651140747, "conv2_weight_decay": 0.10031120153380506, "conv3_weight_decay": 0.0017356036607217955, "dense1_weight_decay": 1.2538567928961587e-07, "dense2_weight_decay": 0.002181954081590589, "1cycle_initial_lr_pct": 0.37121560873439086, "1cycle_final_lr_pct": 0.000561288834343587, "1cycle_pct_warmup": 0.307503304753432, "1cycle_max_lr": 0.02505523842349909, "1cycle_beta1_max_damping_factor": 0.00014574195174241194, "1cycle_beta1_min_damping_factor_pct": 0.779320165369927, "beta2_damping_factor": 0.0057211050162896985, "conv1_channels": 48, "conv2_channels": 9, "conv3_channels": 104, "dense1_units": 149}