{"optimizer": "sgd", "nesterov": true, "epochs": 54, "batch_size": 1723, "conv1_weight_decay": 0.19581795389264572, "conv2_weight_decay": 0.003895624031840491, "conv3_weight_decay": 0.009231345457346782, "dense1_weight_decay": 0.14596247774042842, "dense2_weight_decay": 0.0005159896133259357, "1cycle_initial_lr_pct": 0.30135570148322105, "1cycle_final_lr_pct": 0.00011990714753032914, "1cycle_pct_warmup": 0.012723359735682607, "1cycle_max_lr": 0.14200756120099423, "1cycle_max_momentum": 0.8431651273551397, "1cycle_min_momentum_pct": 0.9453562488779426, "conv1_channels": 17, "conv2_channels": 11, "conv3_channels": 177, "dense1_units": 29}