{"accuracy": 0.9710000157356262, "loss": 0.44698116183280945, "training_time": 8.565061569213867}