{"accuracy": 0.11349999904632568, "loss": 2.303245782852173, "training_time": 41.83768033981323}