{"optimizer": "adam", "epochs": 4, "batch_size": 1150, "conv1_weight_decay": 8.68984846189938e-07, "conv2_weight_decay": 0.0019027387141111567, "conv3_weight_decay": 0.0013815692606526672, "dense1_weight_decay": 0.1641855301963764, "dense2_weight_decay": 0.0012107987680480138, "1cycle_initial_lr_pct": 0.031099627705568487, "1cycle_final_lr_pct": 0.0024406035107172623, "1cycle_pct_warmup": 0.4388002407271415, "1cycle_max_lr": 0.12024761363610206, "conv1_channels": 13, "conv2_channels": 61, "conv3_channels": 144, "dense1_units": 24}