{"optimizer": "sgd", "nesterov": true, "epochs": 29, "batch_size": 142, "conv1_weight_decay": 1.0069868334507815e-06, "conv2_weight_decay": 0.1751020759724604, "conv3_weight_decay": 0.024309971657785374, "dense1_weight_decay": 1.4337595451934268e-07, "dense2_weight_decay": 0.0007492323618749755, "1cycle_initial_lr_pct": 0.015082850170380378, "1cycle_final_lr_pct": 0.0022924002860097723, "1cycle_pct_warmup": 0.05380536097302371, "1cycle_max_lr": 0.019500903065488764, "1cycle_momentum_max_damping_factor": 0.010477721024547077, "1cycle_momentum_min_damping_factor_pct": 0.584622850014392, "conv1_channels": 41, "conv2_channels": 22, "conv3_channels": 30, "dense1_units": 108}