{"accuracy": 0.9442999958992004, "loss": 0.5896503329277039, "training_time": 11.179550170898438}