{"optimizer": "sgd", "nesterov": true, "epochs": 6, "batch_size": 1209, "conv1_weight_decay": 0.05361142782603928, "conv2_weight_decay": 1.6043904671925192e-06, "conv3_weight_decay": 1.523006109180374e-07, "dense1_weight_decay": 9.781531131069874e-06, "dense2_weight_decay": 0.032224004592673584, "1cycle_initial_lr_pct": 0.035876711786911354, "1cycle_final_lr_pct": 0.00023540528725386254, "1cycle_pct_warmup": 0.03542125588377589, "1cycle_max_lr": 0.08217663582652578, "1cycle_momentum_max_damping_factor": 0.0004611632154210851, "1cycle_momentum_min_damping_factor_pct": 0.7958710281438435, "conv1_channels": 21, "conv2_channels": 94, "conv3_channels": 17, "dense1_units": 242}