{"optimizer": "adam", "epochs": 11, "batch_size": 219, "conv1_weight_decay": 0.059129501803380884, "conv2_weight_decay": 1.0180206889631162e-05, "conv3_weight_decay": 7.390681075174342e-06, "dense1_weight_decay": 0.0011644439841070144, "dense2_weight_decay": 0.0685381479699105, "1cycle_initial_lr_pct": 0.039302932699755586, "1cycle_final_lr_pct": 6.771467215112805e-05, "1cycle_pct_warmup": 0.4043611726164818, "1cycle_max_lr": 0.0208454981013149, "conv1_channels": 43, "conv2_channels": 17, "conv3_channels": 111, "dense1_units": 10}