{"accuracy": 0.9909999966621399, "loss": 0.09547130763530731, "training_time": 21.408194303512573}