{"optimizer": "sgd", "nesterov": false, "epochs": 13, "batch_size": 449, "conv1_weight_decay": 1.7280434395026496e-06, "conv2_weight_decay": 0.033405243166199534, "conv3_weight_decay": 0.016072748333146706, "dense1_weight_decay": 2.7627386497649116e-06, "dense2_weight_decay": 0.0035033479285052033, "1cycle_initial_lr_pct": 0.38602111859309796, "1cycle_final_lr_pct": 4.7209747307297236e-05, "1cycle_pct_warmup": 0.01933109272092151, "1cycle_max_lr": 0.014743222478555704, "1cycle_momentum_max_damping_factor": 0.0012245062521473195, "1cycle_momentum_min_damping_factor_pct": 0.25393497651241054, "conv1_channels": 27, "conv2_channels": 125, "conv3_channels": 208, "dense1_units": 93}