{"optimizer": "adam", "epochs": 4, "batch_size": 27, "conv1_weight_decay": 2.2444160289461987e-06, "conv2_weight_decay": 0.0005216237815929679, "conv3_weight_decay": 0.006508293530487821, "dense1_weight_decay": 0.02345846692367403, "dense2_weight_decay": 0.00027564870224915794, "1cycle_initial_lr_pct": 0.290782587314127, "1cycle_final_lr_pct": 0.0005573913026472368, "1cycle_pct_warmup": 0.3360651790816337, "1cycle_max_lr": 0.07317928137021683, "conv1_channels": 4, "conv2_channels": 15, "conv3_channels": 46, "dense1_units": 17}