{"accuracy": 0.8130000233650208, "loss": 9.65112018585205, "training_time": 21.73584270477295}