{"accuracy": 0.9314000010490417, "loss": 0.33520129323005676, "training_time": 35.087098360061646}