{"optimizer": "sgd", "nesterov": true, "epochs": 6, "batch_size": 1138, "conv1_weight_decay": 1.6923400942696715e-07, "conv2_weight_decay": 0.1770566612211485, "conv3_weight_decay": 4.559543614268863e-05, "dense1_weight_decay": 0.0006489954192859403, "dense2_weight_decay": 2.2827120049233673e-05, "1cycle_initial_lr_pct": 0.02586350788673975, "1cycle_final_lr_pct": 0.005376810429171685, "1cycle_pct_warmup": 0.23404622200876474, "1cycle_max_lr": 0.34084719571601774, "1cycle_max_momentum": 0.7123955511116423, "1cycle_min_momentum_pct": 0.40749598294496536, "conv1_channels": 11, "conv2_channels": 53, "conv3_channels": 30, "dense1_units": 65}