{"optimizer": "adam", "epochs": 37, "batch_size": 144, "conv1_weight_decay": 5.710084149587081e-07, "conv2_weight_decay": 0.0024901374419981064, "conv3_weight_decay": 1.9140412936110767e-06, "dense1_weight_decay": 4.045789496265279e-05, "dense2_weight_decay": 1.3429257284338364e-07, "1cycle_initial_lr_pct": 0.013081023472241169, "1cycle_final_lr_pct": 0.0009576995576759091, "1cycle_pct_warmup": 0.07886220898849285, "1cycle_max_lr": 0.056584603634511184, "1cycle_beta1_max_damping_factor": 0.007104476555797786, "1cycle_beta1_min_damping_factor_pct": 0.12154133636630217, "beta2_damping_factor": 0.060731769050607065, "conv1_channels": 12, "conv2_channels": 36, "conv3_channels": 95, "dense1_units": 30}