{"accuracy": 0.9320999979972839, "loss": 0.33733007311820984, "training_time": 11.129741191864014}