{"optimizer": "adam", "epochs": 2, "batch_size": 23, "conv1_weight_decay": 2.9388896398518727e-05, "conv2_weight_decay": 0.09667205600889259, "conv3_weight_decay": 8.609407408073981e-07, "dense1_weight_decay": 0.007674034572313902, "dense2_weight_decay": 2.415928188411468e-07, "1cycle_initial_lr_pct": 0.0146884241869914, "1cycle_final_lr_pct": 0.0009029118566451772, "1cycle_pct_warmup": 0.3844845579006391, "1cycle_max_lr": 0.1324810104644527, "1cycle_beta1_max_damping_factor": 0.0001792923907107469, "1cycle_beta1_min_damping_factor_pct": 0.21123291568117084, "beta2_damping_factor": 0.039329143310451016, "conv1_channels": 34, "conv2_channels": 122, "conv3_channels": 254, "dense1_units": 29}