{"optimizer": "sgd", "nesterov": false, "epochs": 34, "batch_size": 360, "conv1_weight_decay": 0.00016966143628760578, "conv2_weight_decay": 0.003622758646955342, "conv3_weight_decay": 0.00016636119391380698, "dense1_weight_decay": 9.01175360147552e-07, "dense2_weight_decay": 1.3996130431329999e-05, "1cycle_initial_lr_pct": 0.02943984088625516, "1cycle_final_lr_pct": 0.005704057849841098, "1cycle_pct_warmup": 0.03268327325582504, "1cycle_max_lr": 0.010252344419020855, "1cycle_max_momentum": 0.10166452244231478, "1cycle_min_momentum_pct": 0.20004368294030428, "conv1_channels": 19, "conv2_channels": 78, "conv3_channels": 32, "dense1_units": 19}