{"accuracy": 0.9713000059127808, "loss": 0.19562402367591858, "training_time": 82.86046147346497}