{"optimizer": "adam", "epochs": 6, "batch_size": 1035, "conv1_weight_decay": 3.100138485753037e-07, "conv2_weight_decay": 5.327094898906037e-05, "conv3_weight_decay": 0.005569822367958581, "dense1_weight_decay": 1.1845454115887907e-07, "dense2_weight_decay": 0.05046522074227885, "1cycle_initial_lr_pct": 0.050403552900016566, "1cycle_final_lr_pct": 0.000138406982067284, "1cycle_pct_warmup": 0.1618764011282474, "1cycle_max_lr": 1.6396947046092374, "conv1_channels": 27, "conv2_channels": 51, "conv3_channels": 21, "dense1_units": 141}