{"optimizer": "sgd", "nesterov": true, "epochs": 52, "batch_size": 135, "conv1_weight_decay": 1.4592637110278925e-07, "conv2_weight_decay": 5.039380981913311e-07, "conv3_weight_decay": 0.011499761515732248, "dense1_weight_decay": 0.22111315613831703, "dense2_weight_decay": 0.04467174012647765, "1cycle_initial_lr_pct": 0.051194841316457934, "1cycle_final_lr_pct": 0.0004965596521069972, "1cycle_pct_warmup": 0.11766038432945533, "1cycle_max_lr": 2.1637306931271225, "1cycle_momentum_max_damping_factor": 0.00023286121038155317, "1cycle_momentum_min_damping_factor_pct": 0.2148293793515296, "conv1_channels": 6, "conv2_channels": 10, "conv3_channels": 51, "dense1_units": 19}