{"accuracy": 0.11349999904632568, "loss": 18.4140567779541, "training_time": 11.337817430496216}