{"optimizer": "adam", "epochs": 11, "batch_size": 48, "conv1_weight_decay": 3.3332550096810176e-07, "conv2_weight_decay": 7.935617894116343e-05, "conv3_weight_decay": 1.7165375683791903e-07, "dense1_weight_decay": 0.00011944154988063508, "dense2_weight_decay": 3.634938442732465e-06, "1cycle_initial_lr_pct": 0.026484505955666617, "1cycle_final_lr_pct": 0.0009670124219518902, "1cycle_pct_warmup": 0.18819819817319514, "1cycle_max_lr": 0.018374154939685593, "conv1_channels": 13, "conv2_channels": 43, "conv3_channels": 133, "dense1_units": 17}