{"optimizer": "sgd", "nesterov": true, "epochs": 6, "batch_size": 759, "conv1_weight_decay": 1.2467606405572864e-07, "conv2_weight_decay": 1.5899309532256632e-07, "conv3_weight_decay": 6.426345959727193e-06, "dense1_weight_decay": 0.00020180997219165057, "dense2_weight_decay": 6.308217999788142e-05, "1cycle_initial_lr_pct": 0.013815791265104875, "1cycle_final_lr_pct": 0.003705780740395949, "1cycle_pct_warmup": 0.18199327883873057, "1cycle_max_lr": 0.08930673424302374, "1cycle_momentum_max_damping_factor": 0.0008504200352633711, "1cycle_momentum_min_damping_factor_pct": 0.16391415276315055, "conv1_channels": 29, "conv2_channels": 124, "conv3_channels": 54, "dense1_units": 10}