{"accuracy": 0.10279999673366547, "loss": 5.751422882080078, "training_time": 10.289358854293823}