{"optimizer": "sgd", "nesterov": false, "epochs": 6, "batch_size": 3679, "conv1_weight_decay": 0.0001029006405732064, "conv2_weight_decay": 0.00021382108873469464, "conv3_weight_decay": 0.27251229140580935, "dense1_weight_decay": 0.11990247212571031, "dense2_weight_decay": 0.09261648029209874, "1cycle_initial_lr_pct": 0.11972820540475994, "1cycle_final_lr_pct": 0.0009120835095680282, "1cycle_pct_warmup": 0.345418534129858, "1cycle_max_lr": 0.02281806822207075, "1cycle_max_momentum": 0.811420216880925, "1cycle_min_momentum_pct": 0.755098975263536, "conv1_channels": 63, "conv2_channels": 21, "conv3_channels": 169, "dense1_units": 217}