{"optimizer": "adam", "epochs": 36, "batch_size": 111, "conv1_weight_decay": 6.304587535568186e-05, "conv2_weight_decay": 0.011619880020747604, "conv3_weight_decay": 0.00037843200719629927, "dense1_weight_decay": 1.0255398437718201e-07, "dense2_weight_decay": 0.02909934358069766, "1cycle_initial_lr_pct": 0.1003033177924365, "1cycle_final_lr_pct": 0.0034967607739820584, "1cycle_pct_warmup": 0.020363156772091454, "1cycle_max_lr": 0.07971165686158592, "1cycle_beta1_max_damping_factor": 0.0018831712083819286, "1cycle_beta1_min_damping_factor_pct": 0.368089660836774, "beta2_damping_factor": 0.006453639864573328, "conv1_channels": 4, "conv2_channels": 43, "conv3_channels": 22, "dense1_units": 42}