{"accuracy": 0.1648000031709671, "loss": 9.506660461425781, "training_time": 11.133864402770996}