{"optimizer": "adam", "epochs": 3, "batch_size": 22, "conv1_weight_decay": 0.0008367013282359597, "conv2_weight_decay": 5.3801724789060805e-06, "conv3_weight_decay": 1.9663746561745014e-06, "dense1_weight_decay": 0.00012568139279197393, "dense2_weight_decay": 5.491853196926015e-06, "1cycle_initial_lr_pct": 0.06654149769437606, "1cycle_final_lr_pct": 0.0001236366725533563, "1cycle_pct_warmup": 0.4756590474303812, "1cycle_max_lr": 0.13202659778746142, "conv1_channels": 4, "conv2_channels": 88, "conv3_channels": 133, "dense1_units": 85}