{"optimizer": "sgd", "nesterov": false, "epochs": 13, "batch_size": 413, "conv1_weight_decay": 0.00044124219125476826, "conv2_weight_decay": 7.664914714352643e-07, "conv3_weight_decay": 5.916974338299563e-05, "dense1_weight_decay": 0.00018440896070774857, "dense2_weight_decay": 2.8789626229328375e-07, "1cycle_initial_lr_pct": 0.07585823504293401, "1cycle_final_lr_pct": 0.0005414869006238131, "1cycle_pct_warmup": 0.058319439309234916, "1cycle_max_lr": 0.01743988374430268, "1cycle_momentum_max_damping_factor": 0.00038294550793895445, "1cycle_momentum_min_damping_factor_pct": 0.1048564294974962, "conv1_channels": 10, "conv2_channels": 26, "conv3_channels": 249, "dense1_units": 88}