{"accuracy": 0.10090000182390213, "loss": 20.0, "training_time": 13.41333532333374}