{"accuracy": 0.11349999904632568, "loss": 2.3093459606170654, "training_time": 33.22406554222107}