{"optimizer": "sgd", "nesterov": true, "epochs": 34, "batch_size": 211, "conv1_weight_decay": 0.004403592963308315, "conv2_weight_decay": 0.07162375407723719, "conv3_weight_decay": 0.01640728755386024, "dense1_weight_decay": 0.02482684143895334, "dense2_weight_decay": 1.3817766743375407e-06, "1cycle_initial_lr_pct": 0.01661569083418288, "1cycle_final_lr_pct": 0.00014448420108852925, "1cycle_pct_warmup": 0.04828013742342591, "1cycle_max_lr": 0.020657725888100487, "1cycle_max_momentum": 0.5992190464493818, "1cycle_min_momentum_pct": 0.02724156528711319, "conv1_channels": 24, "conv2_channels": 40, "conv3_channels": 43, "dense1_units": 98}