{"optimizer": "adam", "epochs": 2, "batch_size": 1381, "conv1_weight_decay": 0.0021205186286189074, "conv2_weight_decay": 0.006894974286373745, "conv3_weight_decay": 0.0019172042143394481, "dense1_weight_decay": 2.7982097661013007e-06, "dense2_weight_decay": 8.165356560187172e-05, "1cycle_initial_lr_pct": 0.02211923932737622, "1cycle_final_lr_pct": 0.00010294346510069642, "1cycle_pct_warmup": 0.47078601486061744, "1cycle_max_lr": 0.08019996550400199, "1cycle_beta1_max_damping_factor": 0.000784936937985142, "1cycle_beta1_min_damping_factor_pct": 0.1342109989156227, "beta2_damping_factor": 0.02403871480736058, "conv1_channels": 7, "conv2_channels": 56, "conv3_channels": 101, "dense1_units": 68}