{"accuracy": 0.96670001745224, "loss": 0.6982342004776001, "training_time": 4.304242372512817}