{"optimizer": "sgd", "nesterov": true, "epochs": 2, "batch_size": 22, "conv1_weight_decay": 1.525668549657682e-07, "conv2_weight_decay": 8.314472054521361e-05, "conv3_weight_decay": 5.551580924716576e-07, "dense1_weight_decay": 1.1953425945367428e-05, "dense2_weight_decay": 0.010303088062937817, "1cycle_initial_lr_pct": 0.2181731250353288, "1cycle_final_lr_pct": 5.441567121265837e-05, "1cycle_pct_warmup": 0.018818558041377623, "1cycle_max_lr": 1.11952912347889, "1cycle_momentum_max_damping_factor": 0.0021933997987289475, "1cycle_momentum_min_damping_factor_pct": 0.24515635276586176, "conv1_channels": 17, "conv2_channels": 33, "conv3_channels": 22, "dense1_units": 10}