{"optimizer": "adam", "epochs": 32, "batch_size": 427, "conv1_weight_decay": 2.930468911561564e-07, "conv2_weight_decay": 3.524272602994895e-07, "conv3_weight_decay": 1.5124776103125005e-05, "dense1_weight_decay": 0.00672252913392144, "dense2_weight_decay": 0.16663011763712784, "1cycle_initial_lr_pct": 0.43253913842842706, "1cycle_final_lr_pct": 0.0003565626628675812, "1cycle_pct_warmup": 0.3318741154484451, "1cycle_max_lr": 0.5759450435655163, "conv1_channels": 34, "conv2_channels": 74, "conv3_channels": 72, "dense1_units": 7}