{"accuracy": 0.0982000008225441, "loss": 20.0, "training_time": 21.924723625183105}