{"optimizer": "adam", "epochs": 48, "batch_size": 271, "conv1_weight_decay": 0.00021931708453532865, "conv2_weight_decay": 9.962417927834732e-05, "conv3_weight_decay": 5.114308792463031e-07, "dense1_weight_decay": 1.3182156083801064e-07, "dense2_weight_decay": 0.1031474966082514, "1cycle_initial_lr_pct": 0.2539676019466336, "1cycle_final_lr_pct": 0.001778768712059236, "1cycle_pct_warmup": 0.4100537407544937, "1cycle_max_lr": 15.57741141995911, "1cycle_beta1_max_damping_factor": 0.32621414401022253, "1cycle_beta1_min_damping_factor_pct": 0.8948885732821736, "beta2_damping_factor": 0.23195737993341803, "conv1_channels": 15, "conv2_channels": 41, "conv3_channels": 23, "dense1_units": 7}