{"optimizer": "sgd", "nesterov": true, "epochs": 9, "batch_size": 17, "conv1_weight_decay": 0.00029849945902520644, "conv2_weight_decay": 2.8780436365917694e-07, "conv3_weight_decay": 1.6123070905401787e-05, "dense1_weight_decay": 0.18333249980779215, "dense2_weight_decay": 0.020677253790452026, "1cycle_initial_lr_pct": 0.3747370259463446, "1cycle_final_lr_pct": 0.0031963399227960955, "1cycle_pct_warmup": 0.056449760738760235, "1cycle_max_lr": 17.469427125686853, "1cycle_max_momentum": 0.5821103259257041, "1cycle_min_momentum_pct": 0.1261222818866372, "conv1_channels": 4, "conv2_channels": 7, "conv3_channels": 19, "dense1_units": 53}