{"optimizer": "adam", "epochs": 3, "batch_size": 66, "conv1_weight_decay": 1.1870878103715661e-06, "conv2_weight_decay": 0.0002734706777773421, "conv3_weight_decay": 0.00045036086050333625, "dense1_weight_decay": 2.02805887173103e-05, "dense2_weight_decay": 0.008416285677343817, "1cycle_initial_lr_pct": 0.2368804713819478, "1cycle_final_lr_pct": 5.980140357321969e-05, "1cycle_pct_warmup": 0.17582190731540323, "1cycle_max_lr": 15.488034845540042, "conv1_channels": 42, "conv2_channels": 7, "conv3_channels": 74, "dense1_units": 9}