{"optimizer": "sgd", "nesterov": true, "epochs": 12, "batch_size": 3863, "conv1_weight_decay": 1.394518820546127e-06, "conv2_weight_decay": 0.016566271429395048, "conv3_weight_decay": 0.13425338393426492, "dense1_weight_decay": 0.006822212592534176, "dense2_weight_decay": 0.11861556340063102, "1cycle_initial_lr_pct": 0.40618397643555504, "1cycle_final_lr_pct": 0.00021388712048343433, "1cycle_pct_warmup": 0.15378156634612017, "1cycle_max_lr": 15.869810979983809, "1cycle_momentum_max_damping_factor": 0.0005698293015672846, "1cycle_momentum_min_damping_factor_pct": 0.12826540686550086, "conv1_channels": 15, "conv2_channels": 83, "conv3_channels": 252, "dense1_units": 52}