{"optimizer": "adam", "epochs": 32, "batch_size": 24, "conv1_weight_decay": 0.21816881692123696, "conv2_weight_decay": 0.030797021072939277, "conv3_weight_decay": 0.006315694552739041, "dense1_weight_decay": 2.6371037926149823e-05, "dense2_weight_decay": 7.658365470327214e-07, "1cycle_initial_lr_pct": 0.13676154697636017, "1cycle_final_lr_pct": 0.0004199438466614924, "1cycle_pct_warmup": 0.3167006528377533, "1cycle_max_lr": 8.723481465257509, "conv1_channels": 56, "conv2_channels": 13, "conv3_channels": 90, "dense1_units": 15}