{"optimizer": "sgd", "nesterov": true, "epochs": 2, "batch_size": 398, "conv1_weight_decay": 0.2698278733974768, "conv2_weight_decay": 0.0006181387775718254, "conv3_weight_decay": 0.017282790867409678, "dense1_weight_decay": 0.004682077369635861, "dense2_weight_decay": 0.0001567091053650618, "1cycle_initial_lr_pct": 0.13578011584664818, "1cycle_final_lr_pct": 3.5915582141220257e-05, "1cycle_pct_warmup": 0.01771689293584696, "1cycle_max_lr": 7.890376901448837, "1cycle_momentum_max_damping_factor": 0.019576589027096143, "1cycle_momentum_min_damping_factor_pct": 0.1584878473338259, "conv1_channels": 23, "conv2_channels": 19, "conv3_channels": 93, "dense1_units": 11}