{"optimizer": "adam", "epochs": 4, "batch_size": 1500, "conv1_weight_decay": 1.3779089035937953e-07, "conv2_weight_decay": 0.0015779842975187852, "conv3_weight_decay": 0.000196511729680627, "dense1_weight_decay": 0.0007292153191444759, "dense2_weight_decay": 0.18178009156127692, "1cycle_initial_lr_pct": 0.07417063632005085, "1cycle_final_lr_pct": 0.0002833880210709944, "1cycle_pct_warmup": 0.01036556365219493, "1cycle_max_lr": 0.04664907390858028, "1cycle_beta1_max_damping_factor": 0.014574551553148732, "1cycle_beta1_min_damping_factor_pct": 0.23103467561711546, "beta2_damping_factor": 0.4376140224595765, "conv1_channels": 32, "conv2_channels": 17, "conv3_channels": 103, "dense1_units": 9}