{"optimizer": "sgd", "nesterov": false, "epochs": 19, "batch_size": 170, "conv1_weight_decay": 2.827451358574015e-07, "conv2_weight_decay": 0.2185625546211799, "conv3_weight_decay": 0.16376050545230011, "dense1_weight_decay": 3.1430932686547185e-05, "dense2_weight_decay": 0.009467540478588636, "1cycle_initial_lr_pct": 0.06360512944529047, "1cycle_final_lr_pct": 8.25623319352567e-05, "1cycle_pct_warmup": 0.3080338456109166, "1cycle_max_lr": 0.40977665231312804, "1cycle_max_momentum": 0.8523951802505181, "1cycle_min_momentum_pct": 0.4858745066449046, "conv1_channels": 9, "conv2_channels": 83, "conv3_channels": 17, "dense1_units": 18}