{"accuracy": 0.6692000031471252, "loss": 3.3487749099731445, "training_time": 5.507134199142456}