{"accuracy": 0.11349999904632568, "loss": 2.3086981773376465, "training_time": 41.88713765144348}