{"optimizer": "sgd", "nesterov": false, "epochs": 3, "batch_size": 776, "conv1_weight_decay": 2.712842432470376e-05, "conv2_weight_decay": 2.3693527451931474e-05, "conv3_weight_decay": 3.944236854437286e-05, "dense1_weight_decay": 3.9475792170497084e-05, "dense2_weight_decay": 0.00021904267350038924, "1cycle_initial_lr_pct": 0.03516603753531292, "1cycle_final_lr_pct": 0.004591088774133297, "1cycle_pct_warmup": 0.2600067602377385, "1cycle_max_lr": 7.538013621463707, "1cycle_max_momentum": 0.5972897355342284, "1cycle_min_momentum_pct": 0.6803143443539739, "conv1_channels": 43, "conv2_channels": 74, "conv3_channels": 137, "dense1_units": 78}