{"optimizer": "adam", "epochs": 12, "batch_size": 43, "conv1_weight_decay": 0.00014485305890128247, "conv2_weight_decay": 3.7850200474206067e-06, "conv3_weight_decay": 2.87483701123743e-06, "dense1_weight_decay": 0.0011134987296659308, "dense2_weight_decay": 0.003136178329895019, "1cycle_initial_lr_pct": 0.03154047020052493, "1cycle_final_lr_pct": 0.0015458860868293462, "1cycle_pct_warmup": 0.013050825508383759, "1cycle_max_lr": 6.596944752117955, "1cycle_beta1_max_damping_factor": 0.0038556646695970674, "1cycle_beta1_min_damping_factor_pct": 0.19627829935618782, "beta2_damping_factor": 0.0034820664868633, "conv1_channels": 11, "conv2_channels": 79, "conv3_channels": 23, "dense1_units": 138}