{"optimizer": "sgd", "nesterov": true, "epochs": 2, "batch_size": 837, "conv1_weight_decay": 0.020425332156450926, "conv2_weight_decay": 2.168253451596118e-06, "conv3_weight_decay": 0.0027051511530793732, "dense1_weight_decay": 1.445457251445131e-06, "dense2_weight_decay": 0.20683107770004389, "1cycle_initial_lr_pct": 0.42836008449557694, "1cycle_final_lr_pct": 0.006924407768380572, "1cycle_pct_warmup": 0.1196408269864662, "1cycle_max_lr": 0.38379828139551214, "1cycle_momentum_max_damping_factor": 0.2653754955446824, "1cycle_momentum_min_damping_factor_pct": 0.14439530933409908, "conv1_channels": 6, "conv2_channels": 105, "conv3_channels": 43, "dense1_units": 137}