{"optimizer": "adam", "epochs": 34, "batch_size": 49, "conv1_weight_decay": 0.0098118643839187, "conv2_weight_decay": 1.3333943648646839e-05, "conv3_weight_decay": 0.01230756426413757, "dense1_weight_decay": 0.00770649537102651, "dense2_weight_decay": 0.012523372161432166, "1cycle_initial_lr_pct": 0.23304939597848645, "1cycle_final_lr_pct": 0.001441473557990298, "1cycle_pct_warmup": 0.15732069212011993, "1cycle_max_lr": 0.029419675641514074, "conv1_channels": 4, "conv2_channels": 72, "conv3_channels": 62, "dense1_units": 131}