{"accuracy": 0.11349999904632568, "loss": 2.3750452995300293, "training_time": 4.446712255477905}