{"optimizer": "sgd", "nesterov": false, "epochs": 29, "batch_size": 42, "conv1_weight_decay": 0.003878444651179208, "conv2_weight_decay": 0.005515493415779544, "conv3_weight_decay": 1.2472560277137965e-06, "dense1_weight_decay": 0.0024514607632870316, "dense2_weight_decay": 0.2483911039237116, "1cycle_initial_lr_pct": 0.2556482108370083, "1cycle_final_lr_pct": 0.0005683011175055878, "1cycle_pct_warmup": 0.018615800033635617, "1cycle_max_lr": 0.20988006594186162, "1cycle_momentum_max_damping_factor": 0.2921029421143681, "1cycle_momentum_min_damping_factor_pct": 0.5690949495238362, "conv1_channels": 19, "conv2_channels": 18, "conv3_channels": 127, "dense1_units": 15}