{"optimizer": "adam", "epochs": 4, "batch_size": 745, "conv1_weight_decay": 0.002200071756172387, "conv2_weight_decay": 0.0508995238535942, "conv3_weight_decay": 8.84575399972496e-05, "dense1_weight_decay": 7.620570856687446e-06, "dense2_weight_decay": 0.014931870747664245, "1cycle_initial_lr_pct": 0.3662067248445943, "1cycle_final_lr_pct": 0.00011863687297403713, "1cycle_pct_warmup": 0.3337689698021859, "1cycle_max_lr": 0.04421189372731302, "conv1_channels": 11, "conv2_channels": 43, "conv3_channels": 41, "dense1_units": 10}