{"accuracy": 0.9799000024795532, "loss": 0.1632184386253357, "training_time": 6.079098701477051}