{"optimizer": "adam", "epochs": 3, "batch_size": 167, "conv1_weight_decay": 1.062347696551613e-07, "conv2_weight_decay": 0.019972345940937535, "conv3_weight_decay": 0.029525056335000053, "dense1_weight_decay": 6.7043765395425266e-06, "dense2_weight_decay": 2.674298137517398e-05, "1cycle_initial_lr_pct": 0.18519427550101447, "1cycle_final_lr_pct": 0.0013616392261038936, "1cycle_pct_warmup": 0.1002738989178891, "1cycle_max_lr": 8.847040213519634, "1cycle_beta1_max_damping_factor": 0.001155955100257608, "1cycle_beta1_min_damping_factor_pct": 0.16843300123042812, "beta2_damping_factor": 0.042408523333892945, "conv1_channels": 63, "conv2_channels": 13, "conv3_channels": 129, "dense1_units": 9}