{"optimizer": "sgd", "nesterov": false, "epochs": 41, "batch_size": 1259, "conv1_weight_decay": 3.8272354940778637e-07, "conv2_weight_decay": 0.0009705984975197374, "conv3_weight_decay": 0.0021187792763540368, "dense1_weight_decay": 0.00157621190988549, "dense2_weight_decay": 2.1214409058574814e-07, "1cycle_initial_lr_pct": 0.16019237645855566, "1cycle_final_lr_pct": 0.0039057136025772068, "1cycle_pct_warmup": 0.22154708772897722, "1cycle_max_lr": 8.197938779509187, "1cycle_max_momentum": 0.5148977318292484, "1cycle_min_momentum_pct": 0.09912265371531248, "conv1_channels": 52, "conv2_channels": 34, "conv3_channels": 33, "dense1_units": 40}