{"optimizer": "adam", "epochs": 4, "batch_size": 152, "conv1_weight_decay": 0.02196651958689892, "conv2_weight_decay": 0.053081885894172974, "conv3_weight_decay": 1.6792983537528537e-06, "dense1_weight_decay": 0.07161850646809104, "dense2_weight_decay": 0.01207518173842356, "1cycle_initial_lr_pct": 0.03560472602012504, "1cycle_final_lr_pct": 0.0010406534691297102, "1cycle_pct_warmup": 0.08166352970922287, "1cycle_max_lr": 6.076757963937432, "1cycle_beta1_max_damping_factor": 0.0005312878829164177, "1cycle_beta1_min_damping_factor_pct": 0.22718214843314152, "beta2_damping_factor": 0.0022051707160918223, "conv1_channels": 15, "conv2_channels": 11, "conv3_channels": 202, "dense1_units": 128}