{"optimizer": "sgd", "nesterov": false, "epochs": 22, "batch_size": 1435, "conv1_weight_decay": 0.010781853037902377, "conv2_weight_decay": 0.006035308121480576, "conv3_weight_decay": 4.9713916534744106e-05, "dense1_weight_decay": 5.532197832814203e-07, "dense2_weight_decay": 0.1909570405636838, "1cycle_initial_lr_pct": 0.03853002974879986, "1cycle_final_lr_pct": 0.006401674667167973, "1cycle_pct_warmup": 0.2538859891239554, "1cycle_max_lr": 5.082889989423248, "1cycle_max_momentum": 0.12219398860652, "1cycle_min_momentum_pct": 0.04771510884165764, "conv1_channels": 23, "conv2_channels": 90, "conv3_channels": 252, "dense1_units": 52}