{"accuracy": 0.10320000350475311, "loss": 20.0, "training_time": 9.067514181137085}