{"accuracy": 0.11349999904632568, "loss": 2.3053221702575684, "training_time": 41.875102519989014}