{"optimizer": "sgd", "nesterov": false, "epochs": 59, "batch_size": 1016, "conv1_weight_decay": 0.0154244265828497, "conv2_weight_decay": 6.806528393307555e-06, "conv3_weight_decay": 5.802083449791638e-06, "dense1_weight_decay": 1.1909489555287799e-07, "dense2_weight_decay": 0.0013691581508133435, "1cycle_initial_lr_pct": 0.038154927220340265, "1cycle_final_lr_pct": 0.004870261710384813, "1cycle_pct_warmup": 0.15550290861213406, "1cycle_max_lr": 1.3025852505610755, "1cycle_momentum_max_damping_factor": 0.4951049414261473, "1cycle_momentum_min_damping_factor_pct": 0.2421900157766462, "conv1_channels": 24, "conv2_channels": 18, "conv3_channels": 31, "dense1_units": 103}