{"optimizer": "adam", "epochs": 7, "batch_size": 54, "conv1_weight_decay": 0.03529848872306359, "conv2_weight_decay": 2.705468813434272e-06, "conv3_weight_decay": 1.871585986357371e-07, "dense1_weight_decay": 0.13610091656940126, "dense2_weight_decay": 0.0007279836068295333, "1cycle_initial_lr_pct": 0.0355030935093987, "1cycle_final_lr_pct": 0.0010073594025171075, "1cycle_pct_warmup": 0.1774732433911413, "1cycle_max_lr": 2.062376629537522, "conv1_channels": 18, "conv2_channels": 104, "conv3_channels": 17, "dense1_units": 13}