{"accuracy": 0.11349999904632568, "loss": 2.3037056922912598, "training_time": 35.58952593803406}