{"accuracy": 0.09740000218153, "loss": 2.3018746376037598, "training_time": 34.930853843688965}