{"optimizer": "sgd", "nesterov": false, "epochs": 17, "batch_size": 331, "conv1_weight_decay": 0.0007092259601198903, "conv2_weight_decay": 1.6569532018984182e-05, "conv3_weight_decay": 0.0016861393378769499, "dense1_weight_decay": 4.887810741477755e-05, "dense2_weight_decay": 0.04651340308436613, "1cycle_initial_lr_pct": 0.11821854996246885, "1cycle_final_lr_pct": 8.068704299629443e-05, "1cycle_pct_warmup": 0.35722800829447804, "1cycle_max_lr": 3.9053251103474445, "1cycle_max_momentum": 0.37214726674854753, "1cycle_min_momentum_pct": 0.9479064578190446, "conv1_channels": 4, "conv2_channels": 40, "conv3_channels": 24, "dense1_units": 15}