{"optimizer": "adam", "epochs": 6, "batch_size": 23, "conv1_weight_decay": 0.0005085312528201341, "conv2_weight_decay": 1.918143693170205e-06, "conv3_weight_decay": 0.018805693293552056, "dense1_weight_decay": 0.000515641341919157, "dense2_weight_decay": 0.04257797129516923, "1cycle_initial_lr_pct": 0.10596554231912814, "1cycle_final_lr_pct": 0.0003716073857080959, "1cycle_pct_warmup": 0.02587266751245887, "1cycle_max_lr": 3.684151165430707, "1cycle_beta1_max_damping_factor": 0.26898917596082417, "1cycle_beta1_min_damping_factor_pct": 0.1348585791302692, "beta2_damping_factor": 0.1332417081829309, "conv1_channels": 31, "conv2_channels": 51, "conv3_channels": 66, "dense1_units": 12}