{"accuracy": 0.11349999904632568, "loss": 2.3024590015411377, "training_time": 17.269426584243774}