{"optimizer": "sgd", "nesterov": true, "epochs": 3, "batch_size": 43, "conv1_weight_decay": 0.012255138074730446, "conv2_weight_decay": 6.373568060108215e-05, "conv3_weight_decay": 6.381320561484066e-05, "dense1_weight_decay": 0.00016929284262633758, "dense2_weight_decay": 2.319539264104568e-07, "1cycle_initial_lr_pct": 0.2790557014670623, "1cycle_final_lr_pct": 0.0003942733918273567, "1cycle_pct_warmup": 0.3707106844522059, "1cycle_max_lr": 0.025018358589792355, "1cycle_max_momentum": 0.1416731229451485, "1cycle_min_momentum_pct": 0.46636755485087633, "conv1_channels": 19, "conv2_channels": 15, "conv3_channels": 154, "dense1_units": 9}