{"optimizer": "adam", "epochs": 15, "batch_size": 654, "conv1_weight_decay": 0.03103227537798585, "conv2_weight_decay": 5.116580705953826e-07, "conv3_weight_decay": 2.0873657866546365e-06, "dense1_weight_decay": 0.0002653527549196485, "dense2_weight_decay": 2.2496011039481676e-05, "1cycle_initial_lr_pct": 0.3183952606376235, "1cycle_final_lr_pct": 4.7785865511061805e-05, "1cycle_pct_warmup": 0.02212006483161924, "1cycle_max_lr": 0.06927385641945633, "1cycle_beta1_max_damping_factor": 0.00018403438240221275, "1cycle_beta1_min_damping_factor_pct": 0.612701694981108, "beta2_damping_factor": 0.004197815229343913, "conv1_channels": 17, "conv2_channels": 53, "conv3_channels": 193, "dense1_units": 9}