{"accuracy": 0.975600004196167, "loss": 0.11354853212833405, "training_time": 27.708356857299805}