{"accuracy": 0.9429000020027161, "loss": 0.634071946144104, "training_time": 15.685026168823242}