{"optimizer": "sgd", "nesterov": false, "epochs": 27, "batch_size": 461, "conv1_weight_decay": 0.00863238596840303, "conv2_weight_decay": 1.2931535528172978e-07, "conv3_weight_decay": 2.8099776776659204e-06, "dense1_weight_decay": 5.2054130386874725e-05, "dense2_weight_decay": 3.1556572062867557e-05, "1cycle_initial_lr_pct": 0.06408516845178716, "1cycle_final_lr_pct": 0.008313358579298115, "1cycle_pct_warmup": 0.4692848196365387, "1cycle_max_lr": 1.060309111611833, "1cycle_momentum_max_damping_factor": 0.0006446741789564064, "1cycle_momentum_min_damping_factor_pct": 0.8124207812227657, "conv1_channels": 34, "conv2_channels": 49, "conv3_channels": 82, "dense1_units": 223}