{"optimizer": "adam", "epochs": 4, "batch_size": 29, "conv1_weight_decay": 0.021732322764045714, "conv2_weight_decay": 7.406682427851145e-05, "conv3_weight_decay": 3.8940327471675546e-05, "dense1_weight_decay": 0.000870205786040875, "dense2_weight_decay": 1.9694451374912582e-06, "1cycle_initial_lr_pct": 0.07354752258031003, "1cycle_final_lr_pct": 0.0023523073688854583, "1cycle_pct_warmup": 0.05004038233309984, "1cycle_max_lr": 0.622448148561805, "conv1_channels": 22, "conv2_channels": 7, "conv3_channels": 17, "dense1_units": 22}