{"accuracy": 0.11349999904632568, "loss": 2.30163311958313, "training_time": 32.275694847106934}