{"optimizer": "sgd", "nesterov": true, "epochs": 3, "batch_size": 1008, "conv1_weight_decay": 1.1113578435933634e-05, "conv2_weight_decay": 7.004573063057926e-07, "conv3_weight_decay": 3.142411701353089e-07, "dense1_weight_decay": 4.4878646529876165e-05, "dense2_weight_decay": 5.840198136679636e-07, "1cycle_initial_lr_pct": 0.014592570939510805, "1cycle_final_lr_pct": 0.0002467500203551047, "1cycle_pct_warmup": 0.02260733758972422, "1cycle_max_lr": 3.5830948659658906, "1cycle_momentum_max_damping_factor": 0.0005210412680928618, "1cycle_momentum_min_damping_factor_pct": 0.7190299860345332, "conv1_channels": 4, "conv2_channels": 15, "conv3_channels": 21, "dense1_units": 24}