{"optimizer": "adam", "epochs": 38, "batch_size": 54, "conv1_weight_decay": 2.2976002479647846e-05, "conv2_weight_decay": 6.479683369392063e-06, "conv3_weight_decay": 2.129922588782366e-05, "dense1_weight_decay": 0.0007148418777539582, "dense2_weight_decay": 7.57527881264539e-06, "1cycle_initial_lr_pct": 0.029220537491934474, "1cycle_final_lr_pct": 5.087073518506584e-05, "1cycle_pct_warmup": 0.3674084472004324, "1cycle_max_lr": 3.990759859220772, "conv1_channels": 49, "conv2_channels": 15, "conv3_channels": 17, "dense1_units": 164}