{"accuracy": 0.11349999904632568, "loss": 5.713054656982422, "training_time": 5.913000822067261}