{"optimizer": "adam", "epochs": 21, "batch_size": 97, "conv1_weight_decay": 5.18313559990065e-06, "conv2_weight_decay": 0.01850537856288663, "conv3_weight_decay": 0.0018230030104973223, "dense1_weight_decay": 4.112064525213618e-05, "dense2_weight_decay": 0.00039424794047059693, "1cycle_initial_lr_pct": 0.2629268480093633, "1cycle_final_lr_pct": 0.000534044699475452, "1cycle_pct_warmup": 0.41684735619463026, "1cycle_max_lr": 0.04826453526741866, "conv1_channels": 34, "conv2_channels": 15, "conv3_channels": 22, "dense1_units": 175}