{"optimizer": "sgd", "nesterov": true, "epochs": 4, "batch_size": 2688, "conv1_weight_decay": 8.626996436831431e-06, "conv2_weight_decay": 0.0008404905376505747, "conv3_weight_decay": 0.03601864376103437, "dense1_weight_decay": 0.001049661094476303, "dense2_weight_decay": 0.004998101764259006, "1cycle_initial_lr_pct": 0.34435922246604045, "1cycle_final_lr_pct": 4.4757525784188654e-05, "1cycle_pct_warmup": 0.027757284454624838, "1cycle_max_lr": 0.1744314603190692, "1cycle_momentum_max_damping_factor": 0.021451027542871905, "1cycle_momentum_min_damping_factor_pct": 0.11443028151331115, "conv1_channels": 4, "conv2_channels": 37, "conv3_channels": 117, "dense1_units": 95}