{"optimizer": "sgd", "nesterov": false, "epochs": 3, "batch_size": 1996, "conv1_weight_decay": 0.0027334474102881107, "conv2_weight_decay": 0.08849722029584665, "conv3_weight_decay": 1.2280550930312324e-05, "dense1_weight_decay": 6.892524150206538e-07, "dense2_weight_decay": 0.00369546339821387, "1cycle_initial_lr_pct": 0.04037361719344744, "1cycle_final_lr_pct": 0.0007756593956610154, "1cycle_pct_warmup": 0.4947941465117037, "1cycle_max_lr": 0.017965434943439593, "1cycle_max_momentum": 0.9577028110245243, "1cycle_min_momentum_pct": 0.07340431492775679, "conv1_channels": 31, "conv2_channels": 94, "conv3_channels": 53, "dense1_units": 32}