{"optimizer": "adam", "epochs": 13, "batch_size": 223, "conv1_weight_decay": 0.003301111996787126, "conv2_weight_decay": 0.004283874115678739, "conv3_weight_decay": 4.486950434623032e-07, "dense1_weight_decay": 0.01055283880750907, "dense2_weight_decay": 0.0001889672686023956, "1cycle_initial_lr_pct": 0.04926876029247777, "1cycle_final_lr_pct": 0.00263544386093908, "1cycle_pct_warmup": 0.06398594269596465, "1cycle_max_lr": 0.1063422111936052, "1cycle_beta1_max_damping_factor": 0.0003843304462490652, "1cycle_beta1_min_damping_factor_pct": 0.25510913606478797, "beta2_damping_factor": 0.020238037557358833, "conv1_channels": 46, "conv2_channels": 27, "conv3_channels": 94, "dense1_units": 206}