{"accuracy": 0.25609999895095825, "loss": 4.594953536987305, "training_time": 11.167993783950806}