{"accuracy": 0.9168999791145325, "loss": 20.0, "training_time": 22.309603214263916}