{"optimizer": "sgd", "nesterov": false, "epochs": 4, "batch_size": 24, "conv1_weight_decay": 0.0018067596281095397, "conv2_weight_decay": 4.7285087017676266e-05, "conv3_weight_decay": 2.325518053015698e-06, "dense1_weight_decay": 0.1458615542954749, "dense2_weight_decay": 4.762605143208951e-06, "1cycle_initial_lr_pct": 0.11579055952328857, "1cycle_final_lr_pct": 0.00016367280029008205, "1cycle_pct_warmup": 0.26737925957960695, "1cycle_max_lr": 10.770973876745334, "1cycle_momentum_max_damping_factor": 0.00041734932478611485, "1cycle_momentum_min_damping_factor_pct": 0.13612666383389327, "conv1_channels": 4, "conv2_channels": 29, "conv3_channels": 21, "dense1_units": 46}