{"optimizer": "adam", "epochs": 24, "batch_size": 343, "conv1_weight_decay": 0.003616936018638724, "conv2_weight_decay": 1.6314869247582695e-07, "conv3_weight_decay": 5.94315266042297e-05, "dense1_weight_decay": 1.715316243625929e-07, "dense2_weight_decay": 5.212143718697229e-07, "1cycle_initial_lr_pct": 0.10988087712658486, "1cycle_final_lr_pct": 3.581321871314607e-05, "1cycle_pct_warmup": 0.07199329242110251, "1cycle_max_lr": 11.682495433186164, "conv1_channels": 6, "conv2_channels": 32, "conv3_channels": 180, "dense1_units": 244}