{"accuracy": 0.09799999743700027, "loss": 20.0, "training_time": 34.11500692367554}