{"accuracy": 0.11349999904632568, "loss": 20.0, "training_time": 29.04824709892273}