{"optimizer": "sgd", "nesterov": false, "epochs": 43, "batch_size": 17, "conv1_weight_decay": 5.015991362053136e-07, "conv2_weight_decay": 2.517141687715996e-07, "conv3_weight_decay": 0.18777913094592014, "dense1_weight_decay": 0.00014739165259117007, "dense2_weight_decay": 0.0009247481707533803, "1cycle_initial_lr_pct": 0.07712166590235196, "1cycle_final_lr_pct": 7.737369259599972e-05, "1cycle_pct_warmup": 0.023768501031080677, "1cycle_max_lr": 0.06737068267281504, "1cycle_momentum_max_damping_factor": 0.0034607377131756455, "1cycle_momentum_min_damping_factor_pct": 0.14485474913504734, "conv1_channels": 4, "conv2_channels": 15, "conv3_channels": 59, "dense1_units": 43}