{"optimizer": "adam", "epochs": 9, "batch_size": 458, "conv1_weight_decay": 2.069035450794253e-07, "conv2_weight_decay": 0.0001631331324464602, "conv3_weight_decay": 0.0006164901593800245, "dense1_weight_decay": 0.0003808305929834341, "dense2_weight_decay": 0.0014281180802319046, "1cycle_initial_lr_pct": 0.06896937979003444, "1cycle_final_lr_pct": 0.00025721000697052963, "1cycle_pct_warmup": 0.353821563962847, "1cycle_max_lr": 0.02560148419959736, "conv1_channels": 15, "conv2_channels": 103, "conv3_channels": 229, "dense1_units": 173}