{"accuracy": 0.9897000193595886, "loss": 0.1979212611913681, "training_time": 21.485252380371094}