{"optimizer": "adam", "epochs": 6, "batch_size": 37, "conv1_weight_decay": 0.007592701951728627, "conv2_weight_decay": 0.00516555614931743, "conv3_weight_decay": 8.325120055979889e-05, "dense1_weight_decay": 1.708915937761323e-07, "dense2_weight_decay": 7.863533814563508e-06, "1cycle_initial_lr_pct": 0.05854381657221665, "1cycle_final_lr_pct": 0.00677180026301357, "1cycle_pct_warmup": 0.038858698539705985, "1cycle_max_lr": 0.022848941000255404, "1cycle_beta1_max_damping_factor": 0.037562965088781264, "1cycle_beta1_min_damping_factor_pct": 0.5081840014136088, "beta2_damping_factor": 0.22027331872311862, "conv1_channels": 4, "conv2_channels": 127, "conv3_channels": 37, "dense1_units": 100}