{"optimizer": "sgd", "nesterov": true, "epochs": 11, "batch_size": 826, "conv1_weight_decay": 0.018635308586919086, "conv2_weight_decay": 0.047115925335398545, "conv3_weight_decay": 1.052947534064144e-06, "dense1_weight_decay": 0.2364054380911157, "dense2_weight_decay": 3.793671210565282e-07, "1cycle_initial_lr_pct": 0.05828215823302745, "1cycle_final_lr_pct": 0.0014188422184663444, "1cycle_pct_warmup": 0.37755499404855075, "1cycle_max_lr": 0.1626397183528412, "1cycle_max_momentum": 0.997073549158685, "1cycle_min_momentum_pct": 0.5605243565514684, "conv1_channels": 13, "conv2_channels": 27, "conv3_channels": 22, "dense1_units": 156}