{"accuracy": 0.9423999786376953, "loss": 0.41598719358444214, "training_time": 11.358374118804932}