{"optimizer": "sgd", "nesterov": true, "epochs": 3, "batch_size": 2437, "conv1_weight_decay": 0.001033888661376523, "conv2_weight_decay": 0.0017970220788826627, "conv3_weight_decay": 2.0411871094843798e-06, "dense1_weight_decay": 1.806146337770226e-06, "dense2_weight_decay": 1.5023271855109754e-06, "1cycle_initial_lr_pct": 0.017078170988872685, "1cycle_final_lr_pct": 0.00010106785326892051, "1cycle_pct_warmup": 0.04172105570914976, "1cycle_max_lr": 0.11818345351324155, "1cycle_momentum_max_damping_factor": 0.00683264087529567, "1cycle_momentum_min_damping_factor_pct": 0.11634935477648814, "conv1_channels": 21, "conv2_channels": 44, "conv3_channels": 87, "dense1_units": 37}