{"optimizer": "adam", "epochs": 43, "batch_size": 101, "conv1_weight_decay": 0.0004984600004394414, "conv2_weight_decay": 0.1272888533742043, "conv3_weight_decay": 4.292982744230362e-05, "dense1_weight_decay": 0.046273052512645005, "dense2_weight_decay": 0.00012780687441391202, "1cycle_initial_lr_pct": 0.023724724449600085, "1cycle_final_lr_pct": 0.00014737371588748207, "1cycle_pct_warmup": 0.38779045164585113, "1cycle_max_lr": 0.011663296556860322, "conv1_channels": 17, "conv2_channels": 24, "conv3_channels": 95, "dense1_units": 10}