{"accuracy": 0.10100000351667404, "loss": 4.921566486358643, "training_time": 5.419552326202393}