{"optimizer": "adam", "epochs": 49, "batch_size": 1808, "conv1_weight_decay": 0.08634251705969559, "conv2_weight_decay": 1.5396003076975492e-07, "conv3_weight_decay": 0.0008953166768772138, "dense1_weight_decay": 0.059143243756670814, "dense2_weight_decay": 0.0001443443296943134, "1cycle_initial_lr_pct": 0.04757395766788431, "1cycle_final_lr_pct": 0.0014096725020596975, "1cycle_pct_warmup": 0.19791846511699418, "1cycle_max_lr": 0.4094251724425335, "1cycle_beta1_max_damping_factor": 0.02108959893564954, "1cycle_beta1_min_damping_factor_pct": 0.10297540547254791, "beta2_damping_factor": 0.2059777439193376, "conv1_channels": 6, "conv2_channels": 46, "conv3_channels": 110, "dense1_units": 12}