{"optimizer": "sgd", "nesterov": true, "epochs": 6, "batch_size": 138, "conv1_weight_decay": 0.07545012114649174, "conv2_weight_decay": 7.860095314419866e-05, "conv3_weight_decay": 0.1061215029344893, "dense1_weight_decay": 5.756408739376819e-07, "dense2_weight_decay": 7.095693397126142e-07, "1cycle_initial_lr_pct": 0.041339045390194736, "1cycle_final_lr_pct": 0.004123817073804505, "1cycle_pct_warmup": 0.12972504281438887, "1cycle_max_lr": 0.02746813826435513, "1cycle_max_momentum": 0.6671013490989804, "1cycle_min_momentum_pct": 0.7999892793595791, "conv1_channels": 12, "conv2_channels": 59, "conv3_channels": 21, "dense1_units": 138}