{"accuracy": 0.9625999927520752, "loss": 0.23799431324005127, "training_time": 17.318854331970215}