{"optimizer": "adam", "epochs": 18, "batch_size": 1390, "conv1_weight_decay": 0.08798664518943719, "conv2_weight_decay": 0.055823005051587306, "conv3_weight_decay": 0.0011257008443063088, "dense1_weight_decay": 0.0001572382259309414, "dense2_weight_decay": 1.292900425100544e-07, "1cycle_initial_lr_pct": 0.03290282187058148, "1cycle_final_lr_pct": 0.003388870270897263, "1cycle_pct_warmup": 0.4586141812801361, "1cycle_max_lr": 14.327781587571305, "conv1_channels": 17, "conv2_channels": 72, "conv3_channels": 17, "dense1_units": 19}