{"optimizer": "sgd", "nesterov": false, "epochs": 6, "batch_size": 156, "conv1_weight_decay": 0.08035233347889882, "conv2_weight_decay": 0.004871597587102466, "conv3_weight_decay": 0.026140522449295378, "dense1_weight_decay": 0.00025016116631287666, "dense2_weight_decay": 1.4115991965418431e-05, "1cycle_initial_lr_pct": 0.034545292121496464, "1cycle_final_lr_pct": 0.0017256165635738873, "1cycle_pct_warmup": 0.043574133805114046, "1cycle_max_lr": 17.631542258031175, "1cycle_momentum_max_damping_factor": 0.002228858345637244, "1cycle_momentum_min_damping_factor_pct": 0.3683821734360096, "conv1_channels": 34, "conv2_channels": 115, "conv3_channels": 56, "dense1_units": 36}