{"accuracy": 0.11349999904632568, "loss": 16.15896987915039, "training_time": 21.477335214614868}