{"optimizer": "sgd", "nesterov": true, "epochs": 44, "batch_size": 26, "conv1_weight_decay": 0.04898444605112589, "conv2_weight_decay": 5.856620937765266e-06, "conv3_weight_decay": 6.526145293227643e-05, "dense1_weight_decay": 0.014468662333360718, "dense2_weight_decay": 0.0010314664054752738, "1cycle_initial_lr_pct": 0.4251274304664069, "1cycle_final_lr_pct": 0.0014868992904821029, "1cycle_pct_warmup": 0.3055449036601931, "1cycle_max_lr": 0.0544635131168728, "1cycle_max_momentum": 0.4977883119522594, "1cycle_min_momentum_pct": 0.2449361365288496, "conv1_channels": 4, "conv2_channels": 13, "conv3_channels": 66, "dense1_units": 32}