{"optimizer": "adam", "epochs": 3, "batch_size": 390, "conv1_weight_decay": 0.06484930535901208, "conv2_weight_decay": 8.065949044397278e-07, "conv3_weight_decay": 2.280221522803958e-06, "dense1_weight_decay": 8.81792815870739e-07, "dense2_weight_decay": 0.0014134616401663717, "1cycle_initial_lr_pct": 0.22140773166768768, "1cycle_final_lr_pct": 0.006523822131490945, "1cycle_pct_warmup": 0.010487213750983007, "1cycle_max_lr": 0.2774092858899317, "1cycle_beta1_max_damping_factor": 0.23601200875814243, "1cycle_beta1_min_damping_factor_pct": 0.5649409464802112, "beta2_damping_factor": 0.00042576968235580434, "conv1_channels": 44, "conv2_channels": 65, "conv3_channels": 52, "dense1_units": 17}