{"accuracy": 0.11349999904632568, "loss": 2.319450855255127, "training_time": 7.430570363998413}