{"optimizer": "adam", "epochs": 21, "batch_size": 69, "conv1_weight_decay": 0.04651226085613624, "conv2_weight_decay": 4.134064118150305e-06, "conv3_weight_decay": 0.005344638327280768, "dense1_weight_decay": 2.255183419649253e-05, "dense2_weight_decay": 3.588163945463375e-07, "1cycle_initial_lr_pct": 0.12603453855833005, "1cycle_final_lr_pct": 0.00016075881324882223, "1cycle_pct_warmup": 0.016201928907344162, "1cycle_max_lr": 0.7932882540577588, "1cycle_beta1_max_damping_factor": 0.0052599564303170655, "1cycle_beta1_min_damping_factor_pct": 0.9787701625841181, "beta2_damping_factor": 0.02086813612479322, "conv1_channels": 15, "conv2_channels": 12, "conv3_channels": 57, "dense1_units": 33}