{"optimizer": "sgd", "nesterov": true, "epochs": 2, "batch_size": 2279, "conv1_weight_decay": 0.07052283994172603, "conv2_weight_decay": 2.192519349475231e-05, "conv3_weight_decay": 0.04118237297288013, "dense1_weight_decay": 0.00292412993414747, "dense2_weight_decay": 4.7902902292487225e-06, "1cycle_initial_lr_pct": 0.12609527008973417, "1cycle_final_lr_pct": 3.541144689494957e-05, "1cycle_pct_warmup": 0.2706139005534351, "1cycle_max_lr": 0.5450264937247928, "1cycle_max_momentum": 0.3327845744367689, "1cycle_min_momentum_pct": 0.434049210511148, "conv1_channels": 33, "conv2_channels": 7, "conv3_channels": 42, "dense1_units": 54}