{"accuracy": 0.11349999904632568, "loss": 2.636819362640381, "training_time": 6.053894519805908}