{"optimizer": "adam", "epochs": 4, "batch_size": 34, "conv1_weight_decay": 0.002379287894843659, "conv2_weight_decay": 1.2637129474092984e-07, "conv3_weight_decay": 0.12655400129772662, "dense1_weight_decay": 0.257216403293998, "dense2_weight_decay": 0.00024289212445429033, "1cycle_initial_lr_pct": 0.26625772230395367, "1cycle_final_lr_pct": 0.003406738395565968, "1cycle_pct_warmup": 0.4059346315264702, "1cycle_max_lr": 9.294074778032055, "conv1_channels": 6, "conv2_channels": 115, "conv3_channels": 211, "dense1_units": 12}