{"optimizer": "sgd", "nesterov": true, "epochs": 27, "batch_size": 601, "conv1_weight_decay": 0.002895967684498338, "conv2_weight_decay": 2.948030573266668e-05, "conv3_weight_decay": 0.0002530948523231583, "dense1_weight_decay": 2.038801063491771e-07, "dense2_weight_decay": 0.0028755245179663447, "1cycle_initial_lr_pct": 0.3282964164812658, "1cycle_final_lr_pct": 0.0017524584192246746, "1cycle_pct_warmup": 0.03525247697287878, "1cycle_max_lr": 8.366835231007968, "1cycle_momentum_max_damping_factor": 0.009401539609221219, "1cycle_momentum_min_damping_factor_pct": 0.1739343192814601, "conv1_channels": 24, "conv2_channels": 61, "conv3_channels": 18, "dense1_units": 195}