{"accuracy": 0.09799999743700027, "loss": 20.0, "training_time": 29.716189861297607}