{"optimizer": "adam", "epochs": 56, "batch_size": 87, "conv1_weight_decay": 0.003396950542321438, "conv2_weight_decay": 4.4161008876200333e-07, "conv3_weight_decay": 0.10548675035321889, "dense1_weight_decay": 0.004345009529038675, "dense2_weight_decay": 3.6036566106914444e-05, "1cycle_initial_lr_pct": 0.149188563204682, "1cycle_final_lr_pct": 0.0031543994745271277, "1cycle_pct_warmup": 0.10076907210538008, "1cycle_max_lr": 0.0235846348454121, "1cycle_beta1_max_damping_factor": 0.01889447485469553, "1cycle_beta1_min_damping_factor_pct": 0.2318835896769989, "beta2_damping_factor": 0.0005600568984892296, "conv1_channels": 53, "conv2_channels": 93, "conv3_channels": 21, "dense1_units": 13}