{"optimizer": "sgd", "nesterov": true, "epochs": 7, "batch_size": 2852, "conv1_weight_decay": 0.002655721371844309, "conv2_weight_decay": 4.6766313575687164e-05, "conv3_weight_decay": 0.00028696849142050896, "dense1_weight_decay": 1.1391200197214088e-05, "dense2_weight_decay": 2.2578793867662146e-06, "1cycle_initial_lr_pct": 0.15464991930704472, "1cycle_final_lr_pct": 0.000681040493091247, "1cycle_pct_warmup": 0.22350349065847697, "1cycle_max_lr": 0.15080652822349097, "1cycle_max_momentum": 0.25939598938655106, "1cycle_min_momentum_pct": 0.995667852461338, "conv1_channels": 7, "conv2_channels": 83, "conv3_channels": 77, "dense1_units": 34}