{"accuracy": 0.9448000192642212, "loss": 0.22073930501937866, "training_time": 11.160188913345337}