{"optimizer": "adam", "epochs": 41, "batch_size": 242, "conv1_weight_decay": 2.795663356706637e-05, "conv2_weight_decay": 0.00022076250253608425, "conv3_weight_decay": 0.12973500002331703, "dense1_weight_decay": 4.7516073876604904e-05, "dense2_weight_decay": 3.664672799706289e-07, "1cycle_initial_lr_pct": 0.15032087814901993, "1cycle_final_lr_pct": 0.008525310580959096, "1cycle_pct_warmup": 0.048081581923051564, "1cycle_max_lr": 0.4087667184387458, "1cycle_beta1_max_damping_factor": 0.0016266640781543913, "1cycle_beta1_min_damping_factor_pct": 0.11022655090769558, "beta2_damping_factor": 0.005191824348108455, "conv1_channels": 11, "conv2_channels": 23, "conv3_channels": 70, "dense1_units": 15}