{"optimizer": "sgd", "nesterov": false, "epochs": 10, "batch_size": 1754, "conv1_weight_decay": 0.0001608386267593605, "conv2_weight_decay": 0.013232537093397428, "conv3_weight_decay": 0.0005232727348731565, "dense1_weight_decay": 0.0007696292584795481, "dense2_weight_decay": 4.2518951264176705e-06, "1cycle_initial_lr_pct": 0.15395634678087722, "1cycle_final_lr_pct": 0.001817212711910857, "1cycle_pct_warmup": 0.46298595326952635, "1cycle_max_lr": 0.028751266522106647, "1cycle_max_momentum": 0.4126951589835808, "1cycle_min_momentum_pct": 0.029750142246484756, "conv1_channels": 57, "conv2_channels": 56, "conv3_channels": 159, "dense1_units": 59}