{"accuracy": 0.8964999914169312, "loss": 1.0471194982528687, "training_time": 21.422526359558105}