{"optimizer": "adam", "epochs": 27, "batch_size": 78, "conv1_weight_decay": 0.06443693922278994, "conv2_weight_decay": 0.01614495918051981, "conv3_weight_decay": 0.0005517210748704152, "dense1_weight_decay": 0.019262166018962426, "dense2_weight_decay": 4.187116758001877e-05, "1cycle_initial_lr_pct": 0.1585680529766087, "1cycle_final_lr_pct": 5.4297563300708343e-05, "1cycle_pct_warmup": 0.187561602210626, "1cycle_max_lr": 0.10881265588633508, "conv1_channels": 6, "conv2_channels": 27, "conv3_channels": 37, "dense1_units": 11}