{"optimizer": "sgd", "nesterov": false, "epochs": 2, "batch_size": 2945, "conv1_weight_decay": 0.0586637450053489, "conv2_weight_decay": 0.00019234762712650225, "conv3_weight_decay": 0.12485095231498372, "dense1_weight_decay": 4.026044072420905e-06, "dense2_weight_decay": 3.6569681569729274e-06, "1cycle_initial_lr_pct": 0.18259118807213204, "1cycle_final_lr_pct": 0.00028087884170048137, "1cycle_pct_warmup": 0.17850217783744496, "1cycle_max_lr": 0.018956020222842276, "1cycle_momentum_max_damping_factor": 0.41167800200897886, "1cycle_momentum_min_damping_factor_pct": 0.20354312077241649, "conv1_channels": 19, "conv2_channels": 27, "conv3_channels": 108, "dense1_units": 13}