{"accuracy": 0.19290000200271606, "loss": 4.883399963378906, "training_time": 4.5882158279418945}