{"optimizer": "adam", "epochs": 11, "batch_size": 1493, "conv1_weight_decay": 0.0007143327186033846, "conv2_weight_decay": 0.015333580996735386, "conv3_weight_decay": 0.023418197391081502, "dense1_weight_decay": 0.13671903228990936, "dense2_weight_decay": 7.590502734997951e-06, "1cycle_initial_lr_pct": 0.02983266083310081, "1cycle_final_lr_pct": 0.005651148274281723, "1cycle_pct_warmup": 0.07594183282971705, "1cycle_max_lr": 0.11339689246661284, "1cycle_beta1_max_damping_factor": 0.09233510908314928, "1cycle_beta1_min_damping_factor_pct": 0.5027849530019334, "beta2_damping_factor": 0.34575117952070983, "conv1_channels": 7, "conv2_channels": 11, "conv3_channels": 70, "dense1_units": 183}