{"optimizer": "sgd", "nesterov": true, "epochs": 3, "batch_size": 173, "conv1_weight_decay": 0.0006910293180588145, "conv2_weight_decay": 0.00023964192889304068, "conv3_weight_decay": 0.0013599837235228748, "dense1_weight_decay": 1.6466213982465875e-07, "dense2_weight_decay": 3.6681820193272535e-07, "1cycle_initial_lr_pct": 0.0129499871311642, "1cycle_final_lr_pct": 0.001251354873662223, "1cycle_pct_warmup": 0.23669949078932406, "1cycle_max_lr": 0.01259157232925638, "1cycle_max_momentum": 0.3917151062789373, "1cycle_min_momentum_pct": 0.5390193983912468, "conv1_channels": 6, "conv2_channels": 27, "conv3_channels": 17, "dense1_units": 95}