{"accuracy": 0.9085999727249146, "loss": 0.5163288712501526, "training_time": 6.751889705657959}