{"accuracy": 0.8945000171661377, "loss": 0.3931044042110443, "training_time": 16.043967247009277}