{"optimizer": "sgd", "nesterov": false, "epochs": 24, "batch_size": 36, "conv1_weight_decay": 0.011202296475845704, "conv2_weight_decay": 7.220552377151367e-05, "conv3_weight_decay": 3.2645801108745737e-05, "dense1_weight_decay": 0.005667102136375053, "dense2_weight_decay": 0.013138314086736954, "1cycle_initial_lr_pct": 0.16232745679168886, "1cycle_final_lr_pct": 9.98066635857099e-05, "1cycle_pct_warmup": 0.054831680372573674, "1cycle_max_lr": 0.0907755699635412, "1cycle_momentum_max_damping_factor": 0.002880521551498232, "1cycle_momentum_min_damping_factor_pct": 0.5505522930373588, "conv1_channels": 57, "conv2_channels": 78, "conv3_channels": 242, "dense1_units": 228}