{"optimizer": "adam", "epochs": 2, "batch_size": 1006, "conv1_weight_decay": 0.023366400319798503, "conv2_weight_decay": 3.6944101633341915e-07, "conv3_weight_decay": 2.769076821638412e-06, "dense1_weight_decay": 2.2414435272490962e-05, "dense2_weight_decay": 0.2298374788743919, "1cycle_initial_lr_pct": 0.1852321904815159, "1cycle_final_lr_pct": 0.00014651266552386208, "1cycle_pct_warmup": 0.4423060539364815, "1cycle_max_lr": 0.02030466238530632, "conv1_channels": 6, "conv2_channels": 19, "conv3_channels": 33, "dense1_units": 40}