{"accuracy": 0.9695000052452087, "loss": 0.18228638172149658, "training_time": 6.111819744110107}