{"optimizer": "adam", "epochs": 2, "batch_size": 1099, "conv1_weight_decay": 0.1579279908105132, "conv2_weight_decay": 0.00028042482548585386, "conv3_weight_decay": 3.3496251169133275e-05, "dense1_weight_decay": 8.932948028922721e-06, "dense2_weight_decay": 1.474599651490641e-05, "1cycle_initial_lr_pct": 0.19986725303260816, "1cycle_final_lr_pct": 0.009676092094675329, "1cycle_pct_warmup": 0.4730274072661996, "1cycle_max_lr": 0.19421014486788024, "conv1_channels": 7, "conv2_channels": 103, "conv3_channels": 54, "dense1_units": 71}