{"optimizer": "sgd", "nesterov": true, "epochs": 17, "batch_size": 128, "conv1_weight_decay": 0.16321677060556614, "conv2_weight_decay": 0.010208997911643133, "conv3_weight_decay": 3.3986723961988156e-06, "dense1_weight_decay": 0.0019335050406792756, "dense2_weight_decay": 2.2728914613360332e-07, "1cycle_initial_lr_pct": 0.49103283702297806, "1cycle_final_lr_pct": 0.0005912114964320607, "1cycle_pct_warmup": 0.05679789356541072, "1cycle_max_lr": 0.030086084918034908, "1cycle_momentum_max_damping_factor": 0.003287162402122008, "1cycle_momentum_min_damping_factor_pct": 0.7135144562918619, "conv1_channels": 9, "conv2_channels": 17, "conv3_channels": 18, "dense1_units": 7}