{"accuracy": 0.6779000163078308, "loss": 1.024295687675476, "training_time": 6.094261884689331}