{"optimizer": "sgd", "nesterov": true, "epochs": 46, "batch_size": 27, "conv1_weight_decay": 6.303314682576618e-06, "conv2_weight_decay": 0.013843622150381596, "conv3_weight_decay": 1.0342748277651588e-06, "dense1_weight_decay": 0.0004168342487718574, "dense2_weight_decay": 0.012840577400552139, "1cycle_initial_lr_pct": 0.19083743764114325, "1cycle_final_lr_pct": 0.0008146294753706765, "1cycle_pct_warmup": 0.014004451797312812, "1cycle_max_lr": 1.3819370309125516, "1cycle_momentum_max_damping_factor": 0.004003418672526912, "1cycle_momentum_min_damping_factor_pct": 0.8037779049415229, "conv1_channels": 54, "conv2_channels": 40, "conv3_channels": 15, "dense1_units": 85}