{"optimizer": "adam", "epochs": 9, "batch_size": 273, "conv1_weight_decay": 9.239271024230892e-06, "conv2_weight_decay": 0.00017859019380711254, "conv3_weight_decay": 9.712238651895849e-05, "dense1_weight_decay": 9.664277176799749e-05, "dense2_weight_decay": 0.20362826714574492, "1cycle_initial_lr_pct": 0.170135433459435, "1cycle_final_lr_pct": 0.007603411439009429, "1cycle_pct_warmup": 0.26524834212847054, "1cycle_max_lr": 2.0260759476563135, "conv1_channels": 4, "conv2_channels": 90, "conv3_channels": 149, "dense1_units": 34}