{"accuracy": 0.10279999673366547, "loss": 3.3183507919311523, "training_time": 21.426586389541626}