{"optimizer": "adam", "epochs": 7, "batch_size": 159, "conv1_weight_decay": 4.873691920549938e-05, "conv2_weight_decay": 0.22609490711876426, "conv3_weight_decay": 0.0019453187604543398, "dense1_weight_decay": 0.022121587039779175, "dense2_weight_decay": 6.018751307757708e-07, "1cycle_initial_lr_pct": 0.3991157002334291, "1cycle_final_lr_pct": 0.0020141821578917377, "1cycle_pct_warmup": 0.4743198680318892, "1cycle_max_lr": 0.01754769571352465, "conv1_channels": 9, "conv2_channels": 13, "conv3_channels": 34, "dense1_units": 51}