{"optimizer": "sgd", "nesterov": true, "epochs": 55, "batch_size": 1601, "conv1_weight_decay": 6.908262981721208e-05, "conv2_weight_decay": 0.001477866485210818, "conv3_weight_decay": 0.032953576312799354, "dense1_weight_decay": 3.4710938932429814e-06, "dense2_weight_decay": 4.4853189102556865e-06, "1cycle_initial_lr_pct": 0.20397944206157967, "1cycle_final_lr_pct": 0.007282308477382232, "1cycle_pct_warmup": 0.057207551222992675, "1cycle_max_lr": 0.10303914028919649, "1cycle_momentum_max_damping_factor": 0.7907984902527008, "1cycle_momentum_min_damping_factor_pct": 0.30695268975120993, "conv1_channels": 15, "conv2_channels": 93, "conv3_channels": 30, "dense1_units": 48}