{"accuracy": 0.975600004196167, "loss": 0.19541840255260468, "training_time": 14.10638976097107}