{"accuracy": 0.9854000210762024, "loss": 0.09798379242420197, "training_time": 43.41234540939331}