{"optimizer": "sgd", "nesterov": true, "epochs": 53, "batch_size": 26, "conv1_weight_decay": 0.07311741872032078, "conv2_weight_decay": 2.0184711259370768e-06, "conv3_weight_decay": 0.0002807203513901946, "dense1_weight_decay": 2.459094534702187e-06, "dense2_weight_decay": 4.3604238306490296e-05, "1cycle_initial_lr_pct": 0.024256182440594923, "1cycle_final_lr_pct": 0.009552582259554252, "1cycle_pct_warmup": 0.033085356321974284, "1cycle_max_lr": 2.5283423076225455, "1cycle_momentum_max_damping_factor": 0.00012629304963487556, "1cycle_momentum_min_damping_factor_pct": 0.33199268503887375, "conv1_channels": 4, "conv2_channels": 7, "conv3_channels": 19, "dense1_units": 79}