{"optimizer": "adam", "epochs": 6, "batch_size": 328, "conv1_weight_decay": 0.05825672212691786, "conv2_weight_decay": 1.5001683399866483e-05, "conv3_weight_decay": 0.2249830654522448, "dense1_weight_decay": 0.03633349859116125, "dense2_weight_decay": 3.0003015866011024e-06, "1cycle_initial_lr_pct": 0.018536900814936495, "1cycle_final_lr_pct": 0.0019684511424947933, "1cycle_pct_warmup": 0.431639085477218, "1cycle_max_lr": 1.424004405188435, "conv1_channels": 4, "conv2_channels": 32, "conv3_channels": 53, "dense1_units": 237}