{"accuracy": 0.11349999904632568, "loss": 2.301193952560425, "training_time": 7.871983289718628}