{"optimizer": "sgd", "nesterov": false, "epochs": 3, "batch_size": 3341, "conv1_weight_decay": 0.008167367952821608, "conv2_weight_decay": 5.6584545094343814e-05, "conv3_weight_decay": 0.0944688800272828, "dense1_weight_decay": 0.008843342404057281, "dense2_weight_decay": 0.00013457530384264788, "1cycle_initial_lr_pct": 0.2760670004572441, "1cycle_final_lr_pct": 0.0010640934118310585, "1cycle_pct_warmup": 0.05871080606641834, "1cycle_max_lr": 2.2845962148931527, "1cycle_momentum_max_damping_factor": 0.00591389929532573, "1cycle_momentum_min_damping_factor_pct": 0.7386488577918539, "conv1_channels": 12, "conv2_channels": 13, "conv3_channels": 184, "dense1_units": 76}