{"optimizer": "adam", "epochs": 40, "batch_size": 83, "conv1_weight_decay": 0.023021164065121325, "conv2_weight_decay": 2.4261109196689453e-07, "conv3_weight_decay": 0.0003451135119736476, "dense1_weight_decay": 1.0022623486659834e-06, "dense2_weight_decay": 1.0075516991407357e-06, "1cycle_initial_lr_pct": 0.39594807674984944, "1cycle_final_lr_pct": 0.006220252840124592, "1cycle_pct_warmup": 0.4762829518970102, "1cycle_max_lr": 1.4839721564649715, "conv1_channels": 61, "conv2_channels": 23, "conv3_channels": 88, "dense1_units": 68}