{"optimizer": "adam", "epochs": 6, "batch_size": 382, "conv1_weight_decay": 0.0012613975936822562, "conv2_weight_decay": 0.0018319277134106221, "conv3_weight_decay": 4.248641038132615e-07, "dense1_weight_decay": 8.014842565303465e-07, "dense2_weight_decay": 4.049074104037467e-05, "1cycle_initial_lr_pct": 0.2847629260408713, "1cycle_final_lr_pct": 6.656600947743e-05, "1cycle_pct_warmup": 0.4592314267158508, "1cycle_max_lr": 0.013571698022975932, "conv1_channels": 13, "conv2_channels": 27, "conv3_channels": 40, "dense1_units": 38}