{"optimizer": "sgd", "nesterov": false, "epochs": 51, "batch_size": 18, "conv1_weight_decay": 0.005479525941154855, "conv2_weight_decay": 0.18282320553752263, "conv3_weight_decay": 1.6508533023108258e-05, "dense1_weight_decay": 0.009571931822606303, "dense2_weight_decay": 3.5940355909265557e-06, "1cycle_initial_lr_pct": 0.38261466168584835, "1cycle_final_lr_pct": 0.0002330893390493681, "1cycle_pct_warmup": 0.04395034428326685, "1cycle_max_lr": 0.17085770262639205, "1cycle_momentum_max_damping_factor": 0.00010920444812043279, "1cycle_momentum_min_damping_factor_pct": 0.197961354674751, "conv1_channels": 57, "conv2_channels": 53, "conv3_channels": 48, "dense1_units": 40}