{"accuracy": 0.9914000034332275, "loss": 0.040195953100919724, "training_time": 7.910066843032837}