{"optimizer": "sgd", "nesterov": true, "epochs": 24, "batch_size": 83, "conv1_weight_decay": 0.0001268412777445499, "conv2_weight_decay": 0.0008993673804310042, "conv3_weight_decay": 0.2515229866343486, "dense1_weight_decay": 0.00024233095196776793, "dense2_weight_decay": 1.0570330444937186e-06, "1cycle_initial_lr_pct": 0.03026142599865522, "1cycle_final_lr_pct": 6.692775096429683e-05, "1cycle_pct_warmup": 0.14481094242978618, "1cycle_max_lr": 1.1831221098940654, "1cycle_momentum_max_damping_factor": 0.0013539125331214316, "1cycle_momentum_min_damping_factor_pct": 0.43439428017261345, "conv1_channels": 6, "conv2_channels": 24, "conv3_channels": 239, "dense1_units": 127}