{"optimizer": "adam", "epochs": 2, "batch_size": 2723, "conv1_weight_decay": 3.6593767113400024e-05, "conv2_weight_decay": 0.025692373803009372, "conv3_weight_decay": 0.0008007374386359379, "dense1_weight_decay": 0.00015162617095211575, "dense2_weight_decay": 0.00014567779420210107, "1cycle_initial_lr_pct": 0.013095905429903396, "1cycle_final_lr_pct": 0.0002999538070988844, "1cycle_pct_warmup": 0.1405284680146724, "1cycle_max_lr": 2.2436120535874515, "conv1_channels": 59, "conv2_channels": 36, "conv3_channels": 17, "dense1_units": 146}