{"optimizer": "adam", "epochs": 2, "batch_size": 1826, "conv1_weight_decay": 0.0038455600697034535, "conv2_weight_decay": 9.804435347401007e-05, "conv3_weight_decay": 0.00017412146727030213, "dense1_weight_decay": 0.0038873633840868765, "dense2_weight_decay": 1.6746613986481055e-07, "1cycle_initial_lr_pct": 0.013226305935594334, "1cycle_final_lr_pct": 0.00022909150142376452, "1cycle_pct_warmup": 0.39104622992686927, "1cycle_max_lr": 4.618813070740778, "conv1_channels": 9, "conv2_channels": 98, "conv3_channels": 34, "dense1_units": 15}