{"optimizer": "sgd", "nesterov": false, "epochs": 17, "batch_size": 249, "conv1_weight_decay": 0.0018890447389351866, "conv2_weight_decay": 1.0644913596554731e-07, "conv3_weight_decay": 0.05674857171249706, "dense1_weight_decay": 2.0359499967821236e-05, "dense2_weight_decay": 2.0350953850829668e-05, "1cycle_initial_lr_pct": 0.030463816308152668, "1cycle_final_lr_pct": 8.81739595891391e-05, "1cycle_pct_warmup": 0.0427160423494628, "1cycle_max_lr": 3.067038184242928, "1cycle_momentum_max_damping_factor": 0.0038005050331489367, "1cycle_momentum_min_damping_factor_pct": 0.12077533227445739, "conv1_channels": 23, "conv2_channels": 97, "conv3_channels": 52, "dense1_units": 136}