{"accuracy": 0.10279999673366547, "loss": 4.5607171058654785, "training_time": 41.751962184906006}