{"optimizer": "adam", "epochs": 37, "batch_size": 292, "conv1_weight_decay": 0.2641197144767484, "conv2_weight_decay": 3.576231009999419e-06, "conv3_weight_decay": 2.749837081456463e-06, "dense1_weight_decay": 0.07645624626846988, "dense2_weight_decay": 5.3188760803267506e-05, "1cycle_initial_lr_pct": 0.11202037439633261, "1cycle_final_lr_pct": 0.0006733708564901564, "1cycle_pct_warmup": 0.392336504785344, "1cycle_max_lr": 0.04181039237349429, "conv1_channels": 27, "conv2_channels": 21, "conv3_channels": 19, "dense1_units": 12}