{"optimizer": "sgd", "nesterov": false, "epochs": 2, "batch_size": 30, "conv1_weight_decay": 0.226373414508866, "conv2_weight_decay": 1.0070759445858617e-05, "conv3_weight_decay": 3.163427542642729e-05, "dense1_weight_decay": 4.4998300060752256e-07, "dense2_weight_decay": 1.9179668734154253e-06, "1cycle_initial_lr_pct": 0.10886802980712745, "1cycle_final_lr_pct": 0.003266050169408049, "1cycle_pct_warmup": 0.043167217123695076, "1cycle_max_lr": 0.19802006701223648, "1cycle_momentum_max_damping_factor": 0.0005862595314302075, "1cycle_momentum_min_damping_factor_pct": 0.6488518343681402, "conv1_channels": 18, "conv2_channels": 62, "conv3_channels": 54, "dense1_units": 117}