{"optimizer": "adam", "epochs": 27, "batch_size": 15, "conv1_weight_decay": 3.4335078888346914e-07, "conv2_weight_decay": 0.11875444938099261, "conv3_weight_decay": 0.022441012818740377, "dense1_weight_decay": 1.7860343502038752e-07, "dense2_weight_decay": 0.005929697438505377, "1cycle_initial_lr_pct": 0.23579528764384738, "1cycle_final_lr_pct": 0.0011031377116246294, "1cycle_pct_warmup": 0.40780902323313056, "1cycle_max_lr": 0.15654349742464127, "conv1_channels": 19, "conv2_channels": 48, "conv3_channels": 30, "dense1_units": 15}