{"optimizer": "sgd", "nesterov": false, "epochs": 2, "batch_size": 287, "conv1_weight_decay": 1.1413276225666588e-07, "conv2_weight_decay": 0.001955059016125064, "conv3_weight_decay": 0.0029636592430208036, "dense1_weight_decay": 0.14361342197849622, "dense2_weight_decay": 0.0003259446647143717, "1cycle_initial_lr_pct": 0.4317084598560259, "1cycle_final_lr_pct": 0.004422202724955955, "1cycle_pct_warmup": 0.03583699289518822, "1cycle_max_lr": 0.022139214624533547, "1cycle_momentum_max_damping_factor": 0.7064573523787386, "1cycle_momentum_min_damping_factor_pct": 0.41945974306156947, "conv1_channels": 29, "conv2_channels": 26, "conv3_channels": 151, "dense1_units": 126}