{"accuracy": 0.9009000062942505, "loss": 0.891060471534729, "training_time": 5.488466024398804}