{"optimizer": "adam", "epochs": 18, "batch_size": 55, "conv1_weight_decay": 0.0012095427584698309, "conv2_weight_decay": 0.11192759677692157, "conv3_weight_decay": 1.9787976459166964e-05, "dense1_weight_decay": 1.0784450456351614e-06, "dense2_weight_decay": 1.2107248554134326e-07, "1cycle_initial_lr_pct": 0.07536263116337953, "1cycle_final_lr_pct": 0.001713853236517676, "1cycle_pct_warmup": 0.1318954664951226, "1cycle_max_lr": 0.4986719938481895, "1cycle_beta1_max_damping_factor": 0.027165806276495803, "1cycle_beta1_min_damping_factor_pct": 0.3386013942128047, "beta2_damping_factor": 0.0003338958677762483, "conv1_channels": 29, "conv2_channels": 51, "conv3_channels": 21, "dense1_units": 49}