{"optimizer": "sgd", "nesterov": true, "epochs": 2, "batch_size": 601, "conv1_weight_decay": 0.0050802319963274886, "conv2_weight_decay": 0.004459202156903088, "conv3_weight_decay": 2.60148604436164e-07, "dense1_weight_decay": 0.011217744337989891, "dense2_weight_decay": 1.9293785098291862e-05, "1cycle_initial_lr_pct": 0.06803719114978876, "1cycle_final_lr_pct": 0.003347138117479765, "1cycle_pct_warmup": 0.13665618358179926, "1cycle_max_lr": 1.1406661220493546, "1cycle_max_momentum": 0.08293952005561442, "1cycle_min_momentum_pct": 0.568407567217946, "conv1_channels": 12, "conv2_channels": 17, "conv3_channels": 74, "dense1_units": 17}