{"accuracy": 0.8950999975204468, "loss": 0.5173370838165283, "training_time": 6.060917854309082}