{"optimizer": "sgd", "nesterov": true, "epochs": 33, "batch_size": 413, "conv1_weight_decay": 3.799372230591255e-06, "conv2_weight_decay": 7.586673708619651e-06, "conv3_weight_decay": 0.0009158303214657908, "dense1_weight_decay": 0.04085394104725306, "dense2_weight_decay": 1.7639685918373024e-07, "1cycle_initial_lr_pct": 0.45051471265138665, "1cycle_final_lr_pct": 0.00019289173198335335, "1cycle_pct_warmup": 0.1270151302870363, "1cycle_max_lr": 1.732733952944764, "1cycle_max_momentum": 0.10962409249087796, "1cycle_min_momentum_pct": 0.5320276785641909, "conv1_channels": 46, "conv2_channels": 83, "conv3_channels": 59, "dense1_units": 122}