{"optimizer": "adam", "epochs": 2, "batch_size": 21, "conv1_weight_decay": 3.496954978412151e-06, "conv2_weight_decay": 1.051888157728862e-06, "conv3_weight_decay": 0.2255816884555468, "dense1_weight_decay": 1.9777995312114885e-06, "dense2_weight_decay": 1.8987109958177142e-05, "1cycle_initial_lr_pct": 0.22428973420597328, "1cycle_final_lr_pct": 0.0001346612796341397, "1cycle_pct_warmup": 0.18914449562082053, "1cycle_max_lr": 2.0194096604709584, "1cycle_beta1_max_damping_factor": 0.0009950213992758023, "1cycle_beta1_min_damping_factor_pct": 0.229925267377635, "beta2_damping_factor": 0.00906755464949406, "conv1_channels": 6, "conv2_channels": 19, "conv3_channels": 65, "dense1_units": 90}