{"optimizer": "sgd", "nesterov": true, "epochs": 15, "batch_size": 1565, "conv1_weight_decay": 0.0030667564917298, "conv2_weight_decay": 0.00017753740272707808, "conv3_weight_decay": 0.0004799229183372119, "dense1_weight_decay": 2.9231747251152415e-07, "dense2_weight_decay": 0.06345946038128586, "1cycle_initial_lr_pct": 0.2583051494993232, "1cycle_final_lr_pct": 0.002231059358088431, "1cycle_pct_warmup": 0.4517821387760341, "1cycle_max_lr": 0.5125085153130234, "1cycle_max_momentum": 0.7519660714854486, "1cycle_min_momentum_pct": 0.39054977893829346, "conv1_channels": 4, "conv2_channels": 66, "conv3_channels": 19, "dense1_units": 46}