{"optimizer": "adam", "epochs": 10, "batch_size": 184, "conv1_weight_decay": 0.0025947449481382094, "conv2_weight_decay": 0.014235506543466279, "conv3_weight_decay": 0.14369048865418405, "dense1_weight_decay": 0.08169818220671253, "dense2_weight_decay": 0.03603755583114049, "1cycle_initial_lr_pct": 0.34928721568259385, "1cycle_final_lr_pct": 0.007665527866361982, "1cycle_pct_warmup": 0.049417914824978225, "1cycle_max_lr": 0.7469919091925947, "1cycle_beta1_max_damping_factor": 0.1828485753283514, "1cycle_beta1_min_damping_factor_pct": 0.18491585592072887, "beta2_damping_factor": 0.2480559220222538, "conv1_channels": 13, "conv2_channels": 72, "conv3_channels": 138, "dense1_units": 66}