{"accuracy": 0.11349999904632568, "loss": 2.4032344818115234, "training_time": 17.741644144058228}