{"accuracy": 0.11349999904632568, "loss": 2.3216006755828857, "training_time": 11.17349886894226}