{"optimizer": "sgd", "nesterov": true, "epochs": 30, "batch_size": 23, "conv1_weight_decay": 0.02685489144207861, "conv2_weight_decay": 0.0002640533204151189, "conv3_weight_decay": 0.00010273298751018218, "dense1_weight_decay": 3.4396477031138662e-06, "dense2_weight_decay": 0.04300052576019196, "1cycle_initial_lr_pct": 0.14741455634750597, "1cycle_final_lr_pct": 0.00022218339357475353, "1cycle_pct_warmup": 0.11186030858196318, "1cycle_max_lr": 3.088996080805931, "1cycle_max_momentum": 0.6509531246965751, "1cycle_min_momentum_pct": 0.9159675585106015, "conv1_channels": 44, "conv2_channels": 12, "conv3_channels": 41, "dense1_units": 167}