{"optimizer": "adam", "epochs": 2, "batch_size": 404, "conv1_weight_decay": 0.00932937714434651, "conv2_weight_decay": 0.017105340867366547, "conv3_weight_decay": 1.1194003506143825e-06, "dense1_weight_decay": 0.032202524898546525, "dense2_weight_decay": 0.0534553434202427, "1cycle_initial_lr_pct": 0.14829331486196676, "1cycle_final_lr_pct": 8.135596136567997e-05, "1cycle_pct_warmup": 0.2269600432306076, "1cycle_max_lr": 4.341370182660062, "1cycle_beta1_max_damping_factor": 0.0038993862952220047, "1cycle_beta1_min_damping_factor_pct": 0.6512803473122721, "beta2_damping_factor": 0.028088492769158868, "conv1_channels": 4, "conv2_channels": 34, "conv3_channels": 31, "dense1_units": 95}