{"optimizer": "adam", "epochs": 57, "batch_size": 17, "conv1_weight_decay": 7.217421572938942e-07, "conv2_weight_decay": 1.4027112667702734e-05, "conv3_weight_decay": 2.773187322035963e-07, "dense1_weight_decay": 5.143122000747264e-07, "dense2_weight_decay": 1.0553070872789421e-07, "1cycle_initial_lr_pct": 0.0631485730131433, "1cycle_final_lr_pct": 4.616927760518138e-05, "1cycle_pct_warmup": 0.24607505955550923, "1cycle_max_lr": 0.2478244661826852, "1cycle_beta1_max_damping_factor": 0.010798997422151516, "1cycle_beta1_min_damping_factor_pct": 0.27592486074595596, "beta2_damping_factor": 0.31434470755260524, "conv1_channels": 23, "conv2_channels": 103, "conv3_channels": 195, "dense1_units": 161}