{"optimizer": "sgd", "nesterov": false, "epochs": 7, "batch_size": 461, "conv1_weight_decay": 6.596423849238161e-07, "conv2_weight_decay": 6.90301044511547e-07, "conv3_weight_decay": 2.6038874983674166e-05, "dense1_weight_decay": 0.10856736319272448, "dense2_weight_decay": 1.721910335524724e-05, "1cycle_initial_lr_pct": 0.07430928624578459, "1cycle_final_lr_pct": 0.0005662069087364216, "1cycle_pct_warmup": 0.08401161792688071, "1cycle_max_lr": 0.05712602059869932, "1cycle_max_momentum": 0.1626808182645589, "1cycle_min_momentum_pct": 0.9727061549201608, "conv1_channels": 10, "conv2_channels": 127, "conv3_channels": 15, "dense1_units": 13}