{"accuracy": 0.9587000012397766, "loss": 0.22355090081691742, "training_time": 11.215308904647827}