{"optimizer": "sgd", "nesterov": false, "epochs": 19, "batch_size": 362, "conv1_weight_decay": 0.003157723953344249, "conv2_weight_decay": 0.018263612106636525, "conv3_weight_decay": 7.351124173176207e-05, "dense1_weight_decay": 0.00015412355599062703, "dense2_weight_decay": 1.357211604446629e-05, "1cycle_initial_lr_pct": 0.016189578533702443, "1cycle_final_lr_pct": 0.0020918022691385155, "1cycle_pct_warmup": 0.17731261148526878, "1cycle_max_lr": 1.9654752068877084, "1cycle_momentum_max_damping_factor": 0.06349945911757604, "1cycle_momentum_min_damping_factor_pct": 0.378768971098652, "conv1_channels": 24, "conv2_channels": 12, "conv3_channels": 103, "dense1_units": 15}