{"optimizer": "adam", "epochs": 2, "batch_size": 24, "conv1_weight_decay": 0.0024533775648654154, "conv2_weight_decay": 0.0002534922659390564, "conv3_weight_decay": 1.230969380012216e-06, "dense1_weight_decay": 0.0003735789617288475, "dense2_weight_decay": 1.3203109276273045e-07, "1cycle_initial_lr_pct": 0.023408427613395642, "1cycle_final_lr_pct": 0.002716547365124617, "1cycle_pct_warmup": 0.18627132735215127, "1cycle_max_lr": 1.8004305720122151, "conv1_channels": 34, "conv2_channels": 74, "conv3_channels": 18, "dense1_units": 13}