{"accuracy": 0.10320000350475311, "loss": 2.3018200397491455, "training_time": 20.71236538887024}