{"accuracy": 0.11349999904632568, "loss": 2.3044416904449463, "training_time": 19.21002173423767}