{"optimizer": "adam", "epochs": 22, "batch_size": 37, "conv1_weight_decay": 2.2825192055441198e-05, "conv2_weight_decay": 0.02228517528018787, "conv3_weight_decay": 8.887732198614227e-07, "dense1_weight_decay": 3.218597756349633e-05, "dense2_weight_decay": 0.18662811069599036, "1cycle_initial_lr_pct": 0.023879618189194294, "1cycle_final_lr_pct": 0.0003452472191976444, "1cycle_pct_warmup": 0.2979621084939002, "1cycle_max_lr": 0.3716090901830342, "1cycle_beta1_max_damping_factor": 0.24626573492664078, "1cycle_beta1_min_damping_factor_pct": 0.22501034391474556, "beta2_damping_factor": 0.22722009415022576, "conv1_channels": 23, "conv2_channels": 37, "conv3_channels": 56, "dense1_units": 24}