{"optimizer": "sgd", "nesterov": false, "epochs": 2, "batch_size": 841, "conv1_weight_decay": 1.530644517862788e-05, "conv2_weight_decay": 0.0010684984419078543, "conv3_weight_decay": 0.00016032642236818762, "dense1_weight_decay": 0.0004892366296285694, "dense2_weight_decay": 0.009100363440108146, "1cycle_initial_lr_pct": 0.017739913263324164, "1cycle_final_lr_pct": 7.165773001880061e-05, "1cycle_pct_warmup": 0.09758411022834479, "1cycle_max_lr": 0.031961277131517564, "1cycle_max_momentum": 0.25462210031775756, "1cycle_min_momentum_pct": 0.48000999353826046, "conv1_channels": 4, "conv2_channels": 90, "conv3_channels": 19, "dense1_units": 15}