{"accuracy": 0.1468999981880188, "loss": 2.3749194145202637, "training_time": 21.68519878387451}