{"optimizer": "sgd", "nesterov": true, "epochs": 4, "batch_size": 69, "conv1_weight_decay": 1.45391781728258e-07, "conv2_weight_decay": 0.029226440497162946, "conv3_weight_decay": 1.9867069738959783e-05, "dense1_weight_decay": 2.6331697805153227e-06, "dense2_weight_decay": 3.924994689421255e-06, "1cycle_initial_lr_pct": 0.20191464420768843, "1cycle_final_lr_pct": 0.00013470887458844101, "1cycle_pct_warmup": 0.3845126326661557, "1cycle_max_lr": 5.177178397790399, "1cycle_max_momentum": 0.28751087995888663, "1cycle_min_momentum_pct": 0.7949281660839915, "conv1_channels": 57, "conv2_channels": 10, "conv3_channels": 59, "dense1_units": 108}