{"optimizer": "adam", "epochs": 15, "batch_size": 3762, "conv1_weight_decay": 3.9247102944630425e-07, "conv2_weight_decay": 0.0005989289354853456, "conv3_weight_decay": 3.2578798324105165e-07, "dense1_weight_decay": 0.04177530222958306, "dense2_weight_decay": 5.4792484123872325e-05, "1cycle_initial_lr_pct": 0.4980866510924443, "1cycle_final_lr_pct": 0.0004856160631509917, "1cycle_pct_warmup": 0.040739001718418814, "1cycle_max_lr": 5.4286512821266895, "1cycle_beta1_max_damping_factor": 0.0018626471597814934, "1cycle_beta1_min_damping_factor_pct": 0.8311386173148203, "beta2_damping_factor": 0.00848845119669698, "conv1_channels": 6, "conv2_channels": 7, "conv3_channels": 44, "dense1_units": 13}