{"accuracy": 0.11349999904632568, "loss": 2.3020143508911133, "training_time": 19.79188871383667}