{"optimizer": "sgd", "nesterov": true, "epochs": 2, "batch_size": 106, "conv1_weight_decay": 4.757926649432142e-05, "conv2_weight_decay": 1.1606097862445319e-07, "conv3_weight_decay": 0.0009584848682359751, "dense1_weight_decay": 0.0032849948367400243, "dense2_weight_decay": 1.61933911670775e-05, "1cycle_initial_lr_pct": 0.03646821998610165, "1cycle_final_lr_pct": 4.701408897089086e-05, "1cycle_pct_warmup": 0.0146533572988001, "1cycle_max_lr": 0.018354312371623563, "1cycle_momentum_max_damping_factor": 0.005173920081318757, "1cycle_momentum_min_damping_factor_pct": 0.6203655262670852, "conv1_channels": 43, "conv2_channels": 54, "conv3_channels": 72, "dense1_units": 15}