{"optimizer": "adam", "epochs": 37, "batch_size": 3029, "conv1_weight_decay": 8.326864473224614e-05, "conv2_weight_decay": 9.555221295797113e-05, "conv3_weight_decay": 0.11267480952422784, "dense1_weight_decay": 1.6177725600520255e-05, "dense2_weight_decay": 1.4487003247902705e-07, "1cycle_initial_lr_pct": 0.03793986101982923, "1cycle_final_lr_pct": 0.0005606350521958472, "1cycle_pct_warmup": 0.2834863325674087, "1cycle_max_lr": 0.11407362248636081, "conv1_channels": 31, "conv2_channels": 31, "conv3_channels": 68, "dense1_units": 29}