{"accuracy": 0.9466999769210815, "loss": 0.6609551310539246, "training_time": 7.874158620834351}