{"accuracy": 0.9725000262260437, "loss": 0.13413602113723755, "training_time": 42.07109761238098}