{"optimizer": "sgd", "nesterov": false, "epochs": 11, "batch_size": 721, "conv1_weight_decay": 0.0004808832975814436, "conv2_weight_decay": 5.836171859390584e-07, "conv3_weight_decay": 0.01425385754542946, "dense1_weight_decay": 1.2315151019853347e-07, "dense2_weight_decay": 8.157934979834974e-06, "1cycle_initial_lr_pct": 0.1435159688606871, "1cycle_final_lr_pct": 3.360430130524464e-05, "1cycle_pct_warmup": 0.4827501062490046, "1cycle_max_lr": 12.678186181164147, "1cycle_max_momentum": 0.9737937759909779, "1cycle_min_momentum_pct": 0.20499237813055515, "conv1_channels": 4, "conv2_channels": 31, "conv3_channels": 23, "dense1_units": 24}