{"optimizer": "adam", "epochs": 6, "batch_size": 52, "conv1_weight_decay": 0.0009067887506436214, "conv2_weight_decay": 0.00016031915389399007, "conv3_weight_decay": 0.0023164903480073166, "dense1_weight_decay": 0.22559528111138588, "dense2_weight_decay": 6.365948367477453e-07, "1cycle_initial_lr_pct": 0.14126707017804116, "1cycle_final_lr_pct": 0.00015241518331076445, "1cycle_pct_warmup": 0.06115240746793035, "1cycle_max_lr": 18.892675986852534, "1cycle_beta1_max_damping_factor": 0.2154873395964082, "1cycle_beta1_min_damping_factor_pct": 0.5378889450254304, "beta2_damping_factor": 0.11456605906720328, "conv1_channels": 38, "conv2_channels": 19, "conv3_channels": 26, "dense1_units": 33}