{"accuracy": 0.09799999743700027, "loss": 2.327829599380493, "training_time": 11.115664958953857}