{"accuracy": 0.10279999673366547, "loss": 2.304530382156372, "training_time": 29.44109320640564}