{"optimizer": "adam", "epochs": 6, "batch_size": 71, "conv1_weight_decay": 2.1317895561824913e-05, "conv2_weight_decay": 0.00570228293846558, "conv3_weight_decay": 0.11874881158332405, "dense1_weight_decay": 0.014305269096278765, "dense2_weight_decay": 0.1095396442387297, "1cycle_initial_lr_pct": 0.09297820553331931, "1cycle_final_lr_pct": 3.6570154422365334e-05, "1cycle_pct_warmup": 0.03731912636902105, "1cycle_max_lr": 0.1149382402229358, "1cycle_beta1_max_damping_factor": 0.027604773275275322, "1cycle_beta1_min_damping_factor_pct": 0.10352190340976475, "beta2_damping_factor": 0.0004533376187081812, "conv1_channels": 4, "conv2_channels": 9, "conv3_channels": 15, "dense1_units": 7}