{"optimizer": "sgd", "nesterov": false, "epochs": 17, "batch_size": 2138, "conv1_weight_decay": 1.6148050942134024e-05, "conv2_weight_decay": 0.0504610348137377, "conv3_weight_decay": 0.0005269318007895131, "dense1_weight_decay": 1.4555828903236732e-06, "dense2_weight_decay": 0.018915672855325416, "1cycle_initial_lr_pct": 0.0960012245170237, "1cycle_final_lr_pct": 0.0004818615480647043, "1cycle_pct_warmup": 0.3979768340289593, "1cycle_max_lr": 0.011394340803042318, "1cycle_max_momentum": 0.19771644494980573, "1cycle_min_momentum_pct": 0.30582117196172476, "conv1_channels": 12, "conv2_channels": 59, "conv3_channels": 63, "dense1_units": 248}