{"accuracy": 0.8337000012397766, "loss": 1.5979408025741577, "training_time": 21.541810035705566}