{"accuracy": 0.8816999793052673, "loss": 0.656576931476593, "training_time": 20.471487283706665}