{"optimizer": "adam", "epochs": 6, "batch_size": 133, "conv1_weight_decay": 1.1955512810202085e-05, "conv2_weight_decay": 0.18696126145052022, "conv3_weight_decay": 0.0003668308596624479, "dense1_weight_decay": 0.001283513292126863, "dense2_weight_decay": 1.550706455717455e-06, "1cycle_initial_lr_pct": 0.17555342101625407, "1cycle_final_lr_pct": 8.916263485212571e-05, "1cycle_pct_warmup": 0.01591296756478136, "1cycle_max_lr": 0.24105655895689065, "1cycle_beta1_max_damping_factor": 0.022661120055127132, "1cycle_beta1_min_damping_factor_pct": 0.39920815746639826, "beta2_damping_factor": 0.00036111952777275624, "conv1_channels": 13, "conv2_channels": 108, "conv3_channels": 103, "dense1_units": 22}