{"optimizer": "sgd", "nesterov": false, "epochs": 11, "batch_size": 1073, "conv1_weight_decay": 2.523871960224962e-05, "conv2_weight_decay": 0.0018427907809794393, "conv3_weight_decay": 0.2953331883363837, "dense1_weight_decay": 5.306871416668789e-06, "dense2_weight_decay": 0.00012950205342380093, "1cycle_initial_lr_pct": 0.1986919255007499, "1cycle_final_lr_pct": 0.00019846905548539387, "1cycle_pct_warmup": 0.27251795488409697, "1cycle_max_lr": 0.05980182322605397, "1cycle_max_momentum": 0.5801614070434123, "1cycle_min_momentum_pct": 0.5335973389446735, "conv1_channels": 12, "conv2_channels": 18, "conv3_channels": 74, "dense1_units": 63}