{"accuracy": 0.11349999904632568, "loss": 2.302212715148926, "training_time": 14.724615097045898}