{"accuracy": 0.948199987411499, "loss": 0.2964104115962982, "training_time": 11.134018898010254}