{"optimizer": "adam", "epochs": 18, "batch_size": 3011, "conv1_weight_decay": 0.0005878933267280882, "conv2_weight_decay": 0.0006351609144765548, "conv3_weight_decay": 2.526061934221148e-06, "dense1_weight_decay": 4.222450852421858e-07, "dense2_weight_decay": 0.0032929616144587383, "1cycle_initial_lr_pct": 0.3833885705113474, "1cycle_final_lr_pct": 0.002392449649509148, "1cycle_pct_warmup": 0.1024771987274289, "1cycle_max_lr": 0.9631804813043161, "conv1_channels": 6, "conv2_channels": 13, "conv3_channels": 208, "dense1_units": 13}