{"optimizer": "sgd", "nesterov": true, "epochs": 6, "batch_size": 101, "conv1_weight_decay": 0.0007942157982940553, "conv2_weight_decay": 0.038389116720895275, "conv3_weight_decay": 4.768915764963209e-05, "dense1_weight_decay": 0.04974884855257189, "dense2_weight_decay": 0.00024627601197640253, "1cycle_initial_lr_pct": 0.2696874638683843, "1cycle_final_lr_pct": 0.00823170910284069, "1cycle_pct_warmup": 0.21901305460542972, "1cycle_max_lr": 0.5104518697851628, "1cycle_momentum_max_damping_factor": 0.0002714717448719847, "1cycle_momentum_min_damping_factor_pct": 0.18699383195826785, "conv1_channels": 23, "conv2_channels": 98, "conv3_channels": 217, "dense1_units": 38}