{"accuracy": 0.11349999904632568, "loss": 5.507645130157471, "training_time": 21.509828329086304}