{"optimizer": "sgd", "nesterov": true, "epochs": 2, "batch_size": 21, "conv1_weight_decay": 0.007500211987640104, "conv2_weight_decay": 9.784675700201854e-07, "conv3_weight_decay": 1.156701307360097e-07, "dense1_weight_decay": 3.655660691603823e-07, "dense2_weight_decay": 0.001583596819549811, "1cycle_initial_lr_pct": 0.33904130589800185, "1cycle_final_lr_pct": 0.0001697938548096555, "1cycle_pct_warmup": 0.4998185966257006, "1cycle_max_lr": 0.03158210344534494, "1cycle_max_momentum": 0.5090135136843659, "1cycle_min_momentum_pct": 0.694095803424716, "conv1_channels": 21, "conv2_channels": 78, "conv3_channels": 175, "dense1_units": 33}