{"optimizer": "adam", "epochs": 17, "batch_size": 360, "conv1_weight_decay": 0.02767849077630816, "conv2_weight_decay": 1.0641856886073634e-05, "conv3_weight_decay": 6.957043783242958e-06, "dense1_weight_decay": 0.11102858416386575, "dense2_weight_decay": 0.0009553994605214863, "1cycle_initial_lr_pct": 0.3006408256914461, "1cycle_final_lr_pct": 0.00011650731625049632, "1cycle_pct_warmup": 0.06623351712502624, "1cycle_max_lr": 0.3551695173175782, "1cycle_beta1_max_damping_factor": 0.0002354138005719943, "1cycle_beta1_min_damping_factor_pct": 0.21233888146648766, "beta2_damping_factor": 0.006117771648027161, "conv1_channels": 49, "conv2_channels": 18, "conv3_channels": 37, "dense1_units": 18}