{"accuracy": 0.10100000351667404, "loss": 20.0, "training_time": 22.37919569015503}