{"accuracy": 0.9868999719619751, "loss": 0.07637038826942444, "training_time": 25.22521686553955}