{"optimizer": "sgd", "nesterov": true, "epochs": 57, "batch_size": 100, "conv1_weight_decay": 0.006509389894907135, "conv2_weight_decay": 0.002615671402058793, "conv3_weight_decay": 0.0013108674665613395, "dense1_weight_decay": 0.006010681755099567, "dense2_weight_decay": 0.00025469915792662056, "1cycle_initial_lr_pct": 0.020198273464792388, "1cycle_final_lr_pct": 0.000324476277694421, "1cycle_pct_warmup": 0.1639294033590704, "1cycle_max_lr": 0.026023433685821933, "1cycle_max_momentum": 0.2479885302216746, "1cycle_min_momentum_pct": 0.7506534857675433, "conv1_channels": 24, "conv2_channels": 31, "conv3_channels": 38, "dense1_units": 161}