{"optimizer": "adam", "epochs": 4, "batch_size": 2506, "conv1_weight_decay": 0.0014876973210254042, "conv2_weight_decay": 0.14184873880466414, "conv3_weight_decay": 0.02551494227981349, "dense1_weight_decay": 1.09154254713736e-05, "dense2_weight_decay": 0.0033180350836715887, "1cycle_initial_lr_pct": 0.018586557011743225, "1cycle_final_lr_pct": 6.030762294010107e-05, "1cycle_pct_warmup": 0.15716871127789464, "1cycle_max_lr": 0.43475285730021124, "1cycle_beta1_max_damping_factor": 0.0006029634946562411, "1cycle_beta1_min_damping_factor_pct": 0.5353436664240845, "beta2_damping_factor": 0.033992564829105634, "conv1_channels": 6, "conv2_channels": 17, "conv3_channels": 15, "dense1_units": 146}