{"accuracy": 0.10320000350475311, "loss": 4.298930644989014, "training_time": 4.334768056869507}