{"optimizer": "sgd", "nesterov": false, "epochs": 10, "batch_size": 1670, "conv1_weight_decay": 5.778154406302375e-07, "conv2_weight_decay": 3.1943065647836497e-07, "conv3_weight_decay": 0.000112002380188438, "dense1_weight_decay": 1.3696491727598282e-07, "dense2_weight_decay": 1.3878633930624026e-06, "1cycle_initial_lr_pct": 0.018031854085129365, "1cycle_final_lr_pct": 0.0008156696360799051, "1cycle_pct_warmup": 0.017376974379563943, "1cycle_max_lr": 2.703215765325042, "1cycle_momentum_max_damping_factor": 0.0016848892041040444, "1cycle_momentum_min_damping_factor_pct": 0.1959355388737221, "conv1_channels": 15, "conv2_channels": 83, "conv3_channels": 46, "dense1_units": 13}