{"optimizer": "adam", "epochs": 13, "batch_size": 156, "conv1_weight_decay": 1.9807324921526345e-07, "conv2_weight_decay": 4.1866800688797994e-05, "conv3_weight_decay": 9.766431618508216e-07, "dense1_weight_decay": 0.1769733649225531, "dense2_weight_decay": 0.00011510161365893439, "1cycle_initial_lr_pct": 0.02051134286773096, "1cycle_final_lr_pct": 0.007562770940321555, "1cycle_pct_warmup": 0.3198492267448455, "1cycle_max_lr": 1.1594676566599784, "conv1_channels": 30, "conv2_channels": 87, "conv3_channels": 24, "dense1_units": 9}