{"accuracy": 0.11349999904632568, "loss": 2.3013360500335693, "training_time": 41.96134638786316}