{"optimizer": "adam", "epochs": 22, "batch_size": 130, "conv1_weight_decay": 0.01810310349686769, "conv2_weight_decay": 0.0010527070964673286, "conv3_weight_decay": 0.034647079852184764, "dense1_weight_decay": 0.011697822003970232, "dense2_weight_decay": 0.0005010769581071803, "1cycle_initial_lr_pct": 0.40031483139105756, "1cycle_final_lr_pct": 0.001480768880708621, "1cycle_pct_warmup": 0.10294707766789557, "1cycle_max_lr": 0.013149739474212625, "1cycle_beta1_max_damping_factor": 0.4308208399416933, "1cycle_beta1_min_damping_factor_pct": 0.29291174308612694, "beta2_damping_factor": 0.0003985517099315299, "conv1_channels": 52, "conv2_channels": 43, "conv3_channels": 74, "dense1_units": 71}