{"optimizer": "sgd", "nesterov": true, "epochs": 2, "batch_size": 1090, "conv1_weight_decay": 0.030756515594335537, "conv2_weight_decay": 0.028474227817259733, "conv3_weight_decay": 0.0019432528126654622, "dense1_weight_decay": 1.466315481104952e-06, "dense2_weight_decay": 0.0019867345558230074, "1cycle_initial_lr_pct": 0.2411985667862336, "1cycle_final_lr_pct": 0.004294626248788519, "1cycle_pct_warmup": 0.2031088795978576, "1cycle_max_lr": 0.08217597906779643, "1cycle_max_momentum": 0.1679429416176863, "1cycle_min_momentum_pct": 0.4883840521797538, "conv1_channels": 4, "conv2_channels": 118, "conv3_channels": 69, "dense1_units": 34}