{"accuracy": 0.8646000027656555, "loss": 0.9572160243988037, "training_time": 6.0131189823150635}