{"optimizer": "sgd", "nesterov": true, "epochs": 2, "batch_size": 87, "conv1_weight_decay": 0.0010215383138444702, "conv2_weight_decay": 0.014830695525634086, "conv3_weight_decay": 0.018294290893127573, "dense1_weight_decay": 2.9009869278576326e-05, "dense2_weight_decay": 0.006326184531208301, "1cycle_initial_lr_pct": 0.02531593382662485, "1cycle_final_lr_pct": 0.0006494170634234649, "1cycle_pct_warmup": 0.11315058344043791, "1cycle_max_lr": 0.06610187736692448, "1cycle_max_momentum": 0.7591646892576478, "1cycle_min_momentum_pct": 0.3093063188716769, "conv1_channels": 6, "conv2_channels": 42, "conv3_channels": 17, "dense1_units": 133}