{"optimizer": "adam", "epochs": 24, "batch_size": 3296, "conv1_weight_decay": 0.0006338240516596545, "conv2_weight_decay": 0.00018279201365178061, "conv3_weight_decay": 0.0018669118917021372, "dense1_weight_decay": 0.0008412020016499572, "dense2_weight_decay": 0.0003467134178245405, "1cycle_initial_lr_pct": 0.012546966858220406, "1cycle_final_lr_pct": 0.0033105720455374947, "1cycle_pct_warmup": 0.22891954479664103, "1cycle_max_lr": 0.22496541507274226, "1cycle_beta1_max_damping_factor": 0.07463355225725686, "1cycle_beta1_min_damping_factor_pct": 0.14555862817371648, "beta2_damping_factor": 0.485629335808042, "conv1_channels": 6, "conv2_channels": 90, "conv3_channels": 22, "dense1_units": 85}