{"accuracy": 0.9715999960899353, "loss": 0.26153799891471863, "training_time": 8.815642833709717}