{"accuracy": 0.9121999740600586, "loss": 0.7618151903152466, "training_time": 14.133318185806274}