{"optimizer": "adam", "epochs": 24, "batch_size": 659, "conv1_weight_decay": 0.00034682973409958277, "conv2_weight_decay": 0.0002119805710855667, "conv3_weight_decay": 4.3438362698967814e-07, "dense1_weight_decay": 0.0006947129080627966, "dense2_weight_decay": 0.18671222703817902, "1cycle_initial_lr_pct": 0.4709265901088553, "1cycle_final_lr_pct": 0.004445847706950022, "1cycle_pct_warmup": 0.40172949138097463, "1cycle_max_lr": 0.03888723845099459, "conv1_channels": 59, "conv2_channels": 29, "conv3_channels": 15, "dense1_units": 11}