{"optimizer": "sgd", "nesterov": false, "epochs": 4, "batch_size": 46, "conv1_weight_decay": 0.00027510922029452497, "conv2_weight_decay": 0.011956765348878219, "conv3_weight_decay": 1.5148461305533453e-05, "dense1_weight_decay": 3.9946172402460384e-05, "dense2_weight_decay": 0.00994321988798739, "1cycle_initial_lr_pct": 0.23202212084129115, "1cycle_final_lr_pct": 0.0015287423188851154, "1cycle_pct_warmup": 0.03398667792486028, "1cycle_max_lr": 0.28924557254748967, "1cycle_momentum_max_damping_factor": 0.0052781284860155325, "1cycle_momentum_min_damping_factor_pct": 0.1679214076127029, "conv1_channels": 18, "conv2_channels": 64, "conv3_channels": 189, "dense1_units": 21}