{"accuracy": 0.9894999861717224, "loss": 0.08111703395843506, "training_time": 41.93238091468811}