{"optimizer": "sgd", "nesterov": false, "epochs": 4, "batch_size": 495, "conv1_weight_decay": 3.6215795972005256e-07, "conv2_weight_decay": 0.05797241685022171, "conv3_weight_decay": 6.371109337586394e-06, "dense1_weight_decay": 4.485055028382423e-07, "dense2_weight_decay": 4.144403159907938e-07, "1cycle_initial_lr_pct": 0.021056138444537992, "1cycle_final_lr_pct": 0.0005833540732077589, "1cycle_pct_warmup": 0.2740615065675229, "1cycle_max_lr": 3.239605741148259, "1cycle_max_momentum": 0.9393279564955271, "1cycle_min_momentum_pct": 0.17889014817774296, "conv1_channels": 17, "conv2_channels": 106, "conv3_channels": 152, "dense1_units": 79}