{"optimizer": "adam", "epochs": 27, "batch_size": 15, "conv1_weight_decay": 1.0121783777292502e-07, "conv2_weight_decay": 0.005040001399540783, "conv3_weight_decay": 2.1776062672750157e-07, "dense1_weight_decay": 0.04911682244317651, "dense2_weight_decay": 6.078126434795546e-06, "1cycle_initial_lr_pct": 0.018908145354933098, "1cycle_final_lr_pct": 0.0030210014093457, "1cycle_pct_warmup": 0.016019725514031382, "1cycle_max_lr": 4.735179967484062, "1cycle_beta1_max_damping_factor": 0.00014802595038015647, "1cycle_beta1_min_damping_factor_pct": 0.23720376426599976, "beta2_damping_factor": 0.004285613473980539, "conv1_channels": 10, "conv2_channels": 49, "conv3_channels": 115, "dense1_units": 27}