{"accuracy": 0.11349999904632568, "loss": 2.3050239086151123, "training_time": 11.175328254699707}