{"optimizer": "sgd", "nesterov": true, "epochs": 4, "batch_size": 299, "conv1_weight_decay": 1.6710829349097005e-05, "conv2_weight_decay": 5.646429711368473e-07, "conv3_weight_decay": 0.0014589344591952028, "dense1_weight_decay": 0.05140732251108414, "dense2_weight_decay": 5.580527814669094e-06, "1cycle_initial_lr_pct": 0.35141057802853526, "1cycle_final_lr_pct": 8.207281252010141e-05, "1cycle_pct_warmup": 0.37569671142846345, "1cycle_max_lr": 0.27791943992268564, "1cycle_max_momentum": 0.9624837755746208, "1cycle_min_momentum_pct": 0.5891014309599996, "conv1_channels": 62, "conv2_channels": 95, "conv3_channels": 205, "dense1_units": 13}