{"optimizer": "adam", "epochs": 27, "batch_size": 31, "conv1_weight_decay": 2.2193921933440186e-05, "conv2_weight_decay": 0.0001470419659116937, "conv3_weight_decay": 0.021434719691487567, "dense1_weight_decay": 2.998678092733787e-07, "dense2_weight_decay": 3.1442103247473647e-07, "1cycle_initial_lr_pct": 0.31456712823093425, "1cycle_final_lr_pct": 0.0002893561362114985, "1cycle_pct_warmup": 0.020977945650567903, "1cycle_max_lr": 0.035557492189518106, "1cycle_beta1_max_damping_factor": 0.0023819030307255904, "1cycle_beta1_min_damping_factor_pct": 0.27311737608444087, "beta2_damping_factor": 0.0009637070434194179, "conv1_channels": 26, "conv2_channels": 7, "conv3_channels": 144, "dense1_units": 55}