{"accuracy": 0.11349999904632568, "loss": 2.4731616973876953, "training_time": 21.36914610862732}