{"optimizer": "sgd", "nesterov": false, "epochs": 32, "batch_size": 104, "conv1_weight_decay": 0.14914301890575962, "conv2_weight_decay": 5.273677126230097e-05, "conv3_weight_decay": 0.013929395190781648, "dense1_weight_decay": 0.030349393725398483, "dense2_weight_decay": 0.08518835246089235, "1cycle_initial_lr_pct": 0.015186503841787232, "1cycle_final_lr_pct": 0.0007056852267040723, "1cycle_pct_warmup": 0.1152109664934302, "1cycle_max_lr": 0.33618953211607194, "1cycle_momentum_max_damping_factor": 0.049108494269131574, "1cycle_momentum_min_damping_factor_pct": 0.2835658733719825, "conv1_channels": 11, "conv2_channels": 90, "conv3_channels": 106, "dense1_units": 159}