{"optimizer": "adam", "epochs": 6, "batch_size": 3077, "conv1_weight_decay": 0.162530774014761, "conv2_weight_decay": 1.8743254009703023e-07, "conv3_weight_decay": 0.005068579294815384, "dense1_weight_decay": 3.5895911602308186e-06, "dense2_weight_decay": 0.024135223099505568, "1cycle_initial_lr_pct": 0.03123961716968065, "1cycle_final_lr_pct": 0.007769995643808873, "1cycle_pct_warmup": 0.19976661103777588, "1cycle_max_lr": 0.03605007528874197, "conv1_channels": 34, "conv2_channels": 82, "conv3_channels": 76, "dense1_units": 81}