{"accuracy": 0.980400025844574, "loss": 0.16551591455936432, "training_time": 21.49350643157959}