{"optimizer": "sgd", "nesterov": false, "epochs": 15, "batch_size": 128, "conv1_weight_decay": 0.000306652716934586, "conv2_weight_decay": 0.11116029580892282, "conv3_weight_decay": 2.797046134191434e-05, "dense1_weight_decay": 3.252541627510446e-06, "dense2_weight_decay": 6.467553571922183e-06, "1cycle_initial_lr_pct": 0.08022033746426853, "1cycle_final_lr_pct": 0.0008887682055186173, "1cycle_pct_warmup": 0.2204937624745071, "1cycle_max_lr": 0.7393395894212446, "1cycle_max_momentum": 0.3202431003749371, "1cycle_min_momentum_pct": 0.9718722654506564, "conv1_channels": 15, "conv2_channels": 19, "conv3_channels": 62, "dense1_units": 24}