{"optimizer": "adam", "epochs": 9, "batch_size": 1740, "conv1_weight_decay": 0.0002282190484117152, "conv2_weight_decay": 0.002887428953242514, "conv3_weight_decay": 3.841986377788308e-06, "dense1_weight_decay": 0.040532269510816996, "dense2_weight_decay": 2.6447185608279805e-07, "1cycle_initial_lr_pct": 0.08425719026102921, "1cycle_final_lr_pct": 0.003952554588285279, "1cycle_pct_warmup": 0.09795397285648964, "1cycle_max_lr": 0.6995151589355544, "1cycle_beta1_max_damping_factor": 0.00011637308119623838, "1cycle_beta1_min_damping_factor_pct": 0.4209055535148122, "beta2_damping_factor": 0.007460791286182325, "conv1_channels": 41, "conv2_channels": 43, "conv3_channels": 208, "dense1_units": 53}