{"accuracy": 0.11349999904632568, "loss": 2.3139748573303223, "training_time": 35.54858756065369}