{"optimizer": "adam", "epochs": 57, "batch_size": 36, "conv1_weight_decay": 2.2789779852684068e-07, "conv2_weight_decay": 0.16524730783135874, "conv3_weight_decay": 7.519865397984167e-05, "dense1_weight_decay": 0.0002981700661810296, "dense2_weight_decay": 0.00026383783779823487, "1cycle_initial_lr_pct": 0.02000681664945502, "1cycle_final_lr_pct": 0.00515685104151081, "1cycle_pct_warmup": 0.037569425263319293, "1cycle_max_lr": 15.04800579007542, "1cycle_beta1_max_damping_factor": 0.00010051295661371428, "1cycle_beta1_min_damping_factor_pct": 0.9492926137291907, "beta2_damping_factor": 0.005991270386536642, "conv1_channels": 6, "conv2_channels": 19, "conv3_channels": 22, "dense1_units": 10}