{"optimizer": "sgd", "nesterov": false, "epochs": 7, "batch_size": 965, "conv1_weight_decay": 6.316590715204204e-07, "conv2_weight_decay": 0.00202658765079513, "conv3_weight_decay": 1.2922792700009689e-06, "dense1_weight_decay": 6.85836896220596e-05, "dense2_weight_decay": 0.003565741369532164, "1cycle_initial_lr_pct": 0.017346333416225285, "1cycle_final_lr_pct": 0.0013928315835373014, "1cycle_pct_warmup": 0.39736694857478144, "1cycle_max_lr": 17.193834143806214, "1cycle_max_momentum": 0.3375270121623762, "1cycle_min_momentum_pct": 0.9183369064703584, "conv1_channels": 17, "conv2_channels": 7, "conv3_channels": 176, "dense1_units": 127}