{"accuracy": 0.11349999904632568, "loss": 2.306281566619873, "training_time": 11.159747123718262}