{"optimizer": "adam", "epochs": 7, "batch_size": 101, "conv1_weight_decay": 3.2445975226195895e-07, "conv2_weight_decay": 0.00039822400010788107, "conv3_weight_decay": 3.87898920318883e-06, "dense1_weight_decay": 0.003983455283667736, "dense2_weight_decay": 0.0017980896519595526, "1cycle_initial_lr_pct": 0.04906152404201482, "1cycle_final_lr_pct": 0.0029170708446251757, "1cycle_pct_warmup": 0.08779666138812899, "1cycle_max_lr": 0.44567368062273366, "conv1_channels": 56, "conv2_channels": 64, "conv3_channels": 106, "dense1_units": 180}