{"optimizer": "sgd", "nesterov": false, "epochs": 57, "batch_size": 2488, "conv1_weight_decay": 1.2239736394275045e-07, "conv2_weight_decay": 0.007752797869787025, "conv3_weight_decay": 3.772224161253951e-05, "dense1_weight_decay": 2.068287649707699e-05, "dense2_weight_decay": 0.0005459294891248743, "1cycle_initial_lr_pct": 0.040976284504765106, "1cycle_final_lr_pct": 0.0019944943294886684, "1cycle_pct_warmup": 0.28643584071465755, "1cycle_max_lr": 0.04312903854077541, "1cycle_momentum_max_damping_factor": 0.06729066920305393, "1cycle_momentum_min_damping_factor_pct": 0.4608370504316712, "conv1_channels": 4, "conv2_channels": 108, "conv3_channels": 119, "dense1_units": 69}