{"accuracy": 0.11349999904632568, "loss": 2.30108642578125, "training_time": 34.116544246673584}