{"accuracy": 0.989799976348877, "loss": 0.06113541126251221, "training_time": 36.89535593986511}