{"optimizer": "adam", "epochs": 10, "batch_size": 83, "conv1_weight_decay": 0.03953572618488149, "conv2_weight_decay": 0.0025802008632346994, "conv3_weight_decay": 8.679651583742132e-06, "dense1_weight_decay": 0.00041007711944978894, "dense2_weight_decay": 1.7281838643508877e-07, "1cycle_initial_lr_pct": 0.06719872253965486, "1cycle_final_lr_pct": 0.0017764056981016537, "1cycle_pct_warmup": 0.19137589585980655, "1cycle_max_lr": 12.053832397363378, "1cycle_beta1_max_damping_factor": 0.0006855361791900216, "1cycle_beta1_min_damping_factor_pct": 0.5676269446385627, "beta2_damping_factor": 0.001810362265220827, "conv1_channels": 4, "conv2_channels": 85, "conv3_channels": 32, "dense1_units": 48}