{"optimizer": "sgd", "nesterov": false, "epochs": 13, "batch_size": 2672, "conv1_weight_decay": 0.017640311395823876, "conv2_weight_decay": 0.15819446107567217, "conv3_weight_decay": 1.434268277248207e-07, "dense1_weight_decay": 8.877538480478011e-05, "dense2_weight_decay": 1.3114318554559875e-05, "1cycle_initial_lr_pct": 0.07524524772524595, "1cycle_final_lr_pct": 0.003142427125692381, "1cycle_pct_warmup": 0.12675264025107025, "1cycle_max_lr": 10.26103937282921, "1cycle_max_momentum": 0.7240402204899118, "1cycle_min_momentum_pct": 0.7925501307472587, "conv1_channels": 26, "conv2_channels": 13, "conv3_channels": 223, "dense1_units": 198}