{"optimizer": "adam", "epochs": 24, "batch_size": 397, "conv1_weight_decay": 0.16644074439016132, "conv2_weight_decay": 0.16848665425158835, "conv3_weight_decay": 0.0004024388224149132, "dense1_weight_decay": 0.12683885928972413, "dense2_weight_decay": 4.469717478608899e-06, "1cycle_initial_lr_pct": 0.04281342359815428, "1cycle_final_lr_pct": 0.001513165556368371, "1cycle_pct_warmup": 0.05325198612175882, "1cycle_max_lr": 0.06824720199404426, "conv1_channels": 10, "conv2_channels": 36, "conv3_channels": 191, "dense1_units": 37}