{"optimizer": "sgd", "nesterov": true, "epochs": 4, "batch_size": 21, "conv1_weight_decay": 0.15526686322831723, "conv2_weight_decay": 0.0024338878605141127, "conv3_weight_decay": 0.08292300509002103, "dense1_weight_decay": 1.1050337379658988e-07, "dense2_weight_decay": 3.9254413909138265e-07, "1cycle_initial_lr_pct": 0.04512006892352906, "1cycle_final_lr_pct": 0.006670769616022555, "1cycle_pct_warmup": 0.4536972394084252, "1cycle_max_lr": 0.015566661709588344, "1cycle_momentum_max_damping_factor": 0.0003615873266736389, "1cycle_momentum_min_damping_factor_pct": 0.8414313188659567, "conv1_channels": 55, "conv2_channels": 79, "conv3_channels": 48, "dense1_units": 23}