{"accuracy": 0.9610999822616577, "loss": 0.3592977225780487, "training_time": 28.605995893478394}