{"optimizer": "adam", "epochs": 12, "batch_size": 2771, "conv1_weight_decay": 0.05629494592041724, "conv2_weight_decay": 0.002098861192296634, "conv3_weight_decay": 0.01494346505460466, "dense1_weight_decay": 3.9431099523013456e-07, "dense2_weight_decay": 0.0028210983792215207, "1cycle_initial_lr_pct": 0.06429286368579874, "1cycle_final_lr_pct": 0.005939754085057401, "1cycle_pct_warmup": 0.3353049278538674, "1cycle_max_lr": 4.3492930372596375, "conv1_channels": 15, "conv2_channels": 11, "conv3_channels": 17, "dense1_units": 12}