{"optimizer": "sgd", "nesterov": false, "epochs": 7, "batch_size": 85, "conv1_weight_decay": 0.07181580904860548, "conv2_weight_decay": 0.16148010800890797, "conv3_weight_decay": 0.0021106671113210553, "dense1_weight_decay": 0.11762702829183357, "dense2_weight_decay": 0.0005995025997808085, "1cycle_initial_lr_pct": 0.07312823587193826, "1cycle_final_lr_pct": 0.001010905691978202, "1cycle_pct_warmup": 0.018456485106876638, "1cycle_max_lr": 3.2526176952016526, "1cycle_momentum_max_damping_factor": 0.014328450879762143, "1cycle_momentum_min_damping_factor_pct": 0.12666427872101504, "conv1_channels": 24, "conv2_channels": 7, "conv3_channels": 175, "dense1_units": 13}