{"accuracy": 0.08919999748468399, "loss": 3.819570302963257, "training_time": 20.998403549194336}