{"optimizer": "adam", "epochs": 46, "batch_size": 794, "conv1_weight_decay": 5.037576170785963e-07, "conv2_weight_decay": 2.1815598676419803e-05, "conv3_weight_decay": 3.024698676685665e-06, "dense1_weight_decay": 0.02767168338245899, "dense2_weight_decay": 2.4453000574325965e-05, "1cycle_initial_lr_pct": 0.2214604337932763, "1cycle_final_lr_pct": 0.0001881738685090321, "1cycle_pct_warmup": 0.46122442510910333, "1cycle_max_lr": 1.9078331152979007, "conv1_channels": 34, "conv2_channels": 12, "conv3_channels": 64, "dense1_units": 29}