{"optimizer": "sgd", "nesterov": true, "epochs": 3, "batch_size": 41, "conv1_weight_decay": 1.7230349131660777e-07, "conv2_weight_decay": 4.041485992768795e-06, "conv3_weight_decay": 2.9474793455210277e-05, "dense1_weight_decay": 3.2479440642794074e-06, "dense2_weight_decay": 1.5566532334832485e-07, "1cycle_initial_lr_pct": 0.46145712731286676, "1cycle_final_lr_pct": 0.0001326693634323874, "1cycle_pct_warmup": 0.044083093578081003, "1cycle_max_lr": 1.464694649961342, "1cycle_momentum_max_damping_factor": 0.014551457833555898, "1cycle_momentum_min_damping_factor_pct": 0.8135216199284461, "conv1_channels": 48, "conv2_channels": 30, "conv3_channels": 114, "dense1_units": 26}