{"accuracy": 0.11349999904632568, "loss": 2.3995606899261475, "training_time": 41.953683376312256}