{"accuracy": 0.11349999904632568, "loss": 2.3304264545440674, "training_time": 19.16421103477478}