{"optimizer": "adam", "epochs": 59, "batch_size": 943, "conv1_weight_decay": 0.003952439796737978, "conv2_weight_decay": 0.0003271896059604059, "conv3_weight_decay": 0.004421068584585753, "dense1_weight_decay": 0.0001162893097618152, "dense2_weight_decay": 0.0009585026814897928, "1cycle_initial_lr_pct": 0.05681999087814888, "1cycle_final_lr_pct": 4.079773092124695e-05, "1cycle_pct_warmup": 0.35201630807481704, "1cycle_max_lr": 1.3510161264312515, "conv1_channels": 38, "conv2_channels": 59, "conv3_channels": 23, "dense1_units": 226}