{"optimizer": "sgd", "nesterov": true, "epochs": 4, "batch_size": 34, "conv1_weight_decay": 0.001965811802860271, "conv2_weight_decay": 0.011386093973886355, "conv3_weight_decay": 0.008000033672412072, "dense1_weight_decay": 0.00019865471429479918, "dense2_weight_decay": 0.0015977418579595738, "1cycle_initial_lr_pct": 0.05698340396389042, "1cycle_final_lr_pct": 0.0001959278419432819, "1cycle_pct_warmup": 0.024011676474825255, "1cycle_max_lr": 2.3840866425079437, "1cycle_momentum_max_damping_factor": 0.4633469754216086, "1cycle_momentum_min_damping_factor_pct": 0.35172076232855987, "conv1_channels": 4, "conv2_channels": 101, "conv3_channels": 94, "dense1_units": 27}