{"accuracy": 0.11349999904632568, "loss": 2.3020267486572266, "training_time": 28.289536952972412}