{"optimizer": "sgd", "nesterov": true, "epochs": 3, "batch_size": 82, "conv1_weight_decay": 0.0017819398659000985, "conv2_weight_decay": 2.329477054217375e-07, "conv3_weight_decay": 0.02882831689103144, "dense1_weight_decay": 0.000627879819697474, "dense2_weight_decay": 0.2634908652845245, "1cycle_initial_lr_pct": 0.06231015493010417, "1cycle_final_lr_pct": 0.0005058668453487701, "1cycle_pct_warmup": 0.3061688081268221, "1cycle_max_lr": 3.7483776656102905, "1cycle_max_momentum": 0.10751649769898504, "1cycle_min_momentum_pct": 0.6089826226234436, "conv1_channels": 46, "conv2_channels": 34, "conv3_channels": 169, "dense1_units": 26}