{"optimizer": "adam", "epochs": 11, "batch_size": 3135, "conv1_weight_decay": 0.004421804866647195, "conv2_weight_decay": 6.0418689591229696e-05, "conv3_weight_decay": 0.00360093441189703, "dense1_weight_decay": 4.228649140110771e-05, "dense2_weight_decay": 0.015846879024591417, "1cycle_initial_lr_pct": 0.05975281525939509, "1cycle_final_lr_pct": 4.233319311535729e-05, "1cycle_pct_warmup": 0.010577776784869503, "1cycle_max_lr": 4.237274580507678, "1cycle_beta1_max_damping_factor": 0.0008884253506910664, "1cycle_beta1_min_damping_factor_pct": 0.1676147374589936, "beta2_damping_factor": 0.0065898635716638435, "conv1_channels": 38, "conv2_channels": 42, "conv3_channels": 54, "dense1_units": 13}