{"accuracy": 0.10320000350475311, "loss": 20.0, "training_time": 12.270201683044434}