{"accuracy": 0.11349999904632568, "loss": 2.301386833190918, "training_time": 12.901384592056274}