{"optimizer": "adam", "epochs": 4, "batch_size": 65, "conv1_weight_decay": 0.0003947607277527222, "conv2_weight_decay": 0.00028845715831922014, "conv3_weight_decay": 4.121968838031842e-07, "dense1_weight_decay": 3.4936732687785076e-05, "dense2_weight_decay": 0.00011862138719272457, "1cycle_initial_lr_pct": 0.07143545390249277, "1cycle_final_lr_pct": 0.00011831952858957186, "1cycle_pct_warmup": 0.03079553538402764, "1cycle_max_lr": 0.1800180602404722, "1cycle_beta1_max_damping_factor": 0.1130166108261061, "1cycle_beta1_min_damping_factor_pct": 0.23945917186472793, "beta2_damping_factor": 0.06852573975395816, "conv1_channels": 15, "conv2_channels": 11, "conv3_channels": 24, "dense1_units": 110}