{"optimizer": "sgd", "nesterov": false, "epochs": 53, "batch_size": 2432, "conv1_weight_decay": 0.00025510364736127777, "conv2_weight_decay": 0.007209464993961564, "conv3_weight_decay": 1.2915827226608064e-05, "dense1_weight_decay": 0.0005990670724113347, "dense2_weight_decay": 8.311459719837862e-07, "1cycle_initial_lr_pct": 0.06498088787629241, "1cycle_final_lr_pct": 0.0001726913944877485, "1cycle_pct_warmup": 0.42987086542882025, "1cycle_max_lr": 0.04726557883682941, "1cycle_max_momentum": 0.6797038522135467, "1cycle_min_momentum_pct": 0.35591693222522736, "conv1_channels": 6, "conv2_channels": 105, "conv3_channels": 30, "dense1_units": 9}