{"accuracy": 0.9724000096321106, "loss": 0.1460493952035904, "training_time": 41.86822485923767}