{"accuracy": 0.11349999904632568, "loss": 2.301797866821289, "training_time": 15.783281803131104}