{"optimizer": "adam", "epochs": 4, "batch_size": 78, "conv1_weight_decay": 3.302865680960233e-05, "conv2_weight_decay": 0.0033476503299599823, "conv3_weight_decay": 0.00973353426753967, "dense1_weight_decay": 0.005353825529764112, "dense2_weight_decay": 0.0038555669873226606, "1cycle_initial_lr_pct": 0.20705703347123852, "1cycle_final_lr_pct": 0.0011750283307174994, "1cycle_pct_warmup": 0.348797112936154, "1cycle_max_lr": 0.035491483548816705, "conv1_channels": 11, "conv2_channels": 85, "conv3_channels": 34, "dense1_units": 199}