{"optimizer": "sgd", "nesterov": true, "epochs": 27, "batch_size": 2908, "conv1_weight_decay": 0.00015579156796366776, "conv2_weight_decay": 0.07778780838030555, "conv3_weight_decay": 0.001668018088153453, "dense1_weight_decay": 1.4353121304385661e-05, "dense2_weight_decay": 0.00018300889791360967, "1cycle_initial_lr_pct": 0.48481151382702614, "1cycle_final_lr_pct": 0.004266212657188844, "1cycle_pct_warmup": 0.0244158375578278, "1cycle_max_lr": 0.34866346590923747, "1cycle_momentum_max_damping_factor": 0.000403164707457826, "1cycle_momentum_min_damping_factor_pct": 0.9144893929217611, "conv1_channels": 4, "conv2_channels": 11, "conv3_channels": 79, "dense1_units": 129}