{"accuracy": 0.9807000160217285, "loss": 0.1959814429283142, "training_time": 16.410801649093628}