{"optimizer": "sgd", "nesterov": true, "epochs": 57, "batch_size": 55, "conv1_weight_decay": 7.348908805115908e-05, "conv2_weight_decay": 4.115381473566911e-07, "conv3_weight_decay": 0.0006502819376941763, "dense1_weight_decay": 0.2290681915931611, "dense2_weight_decay": 0.004041922149751548, "1cycle_initial_lr_pct": 0.027951438844946823, "1cycle_final_lr_pct": 0.00011207645790726036, "1cycle_pct_warmup": 0.1012884795665741, "1cycle_max_lr": 11.271418452747092, "1cycle_max_momentum": 0.3227884996519424, "1cycle_min_momentum_pct": 0.48744816053658724, "conv1_channels": 33, "conv2_channels": 18, "conv3_channels": 242, "dense1_units": 10}