{"optimizer": "adam", "epochs": 4, "batch_size": 981, "conv1_weight_decay": 4.9853155510370245e-05, "conv2_weight_decay": 0.00012511738104597746, "conv3_weight_decay": 0.1657345191854812, "dense1_weight_decay": 1.7871692441758509e-07, "dense2_weight_decay": 0.00019921591926631038, "1cycle_initial_lr_pct": 0.01335093889428798, "1cycle_final_lr_pct": 0.0004278913909729102, "1cycle_pct_warmup": 0.29005777377904773, "1cycle_max_lr": 10.475070071094546, "1cycle_beta1_max_damping_factor": 0.0046960089466192975, "1cycle_beta1_min_damping_factor_pct": 0.3937614608317023, "beta2_damping_factor": 0.002005251763471966, "conv1_channels": 21, "conv2_channels": 101, "conv3_channels": 66, "dense1_units": 220}