{"optimizer": "adam", "epochs": 9, "batch_size": 571, "conv1_weight_decay": 7.865093871171406e-05, "conv2_weight_decay": 1.964803747038933e-07, "conv3_weight_decay": 1.1579230642055851e-07, "dense1_weight_decay": 0.09039272887548039, "dense2_weight_decay": 2.9946317022375177e-07, "1cycle_initial_lr_pct": 0.2819535068057954, "1cycle_final_lr_pct": 8.705023581041869e-05, "1cycle_pct_warmup": 0.2120632760040462, "1cycle_max_lr": 0.3016042828864505, "conv1_channels": 43, "conv2_channels": 10, "conv3_channels": 18, "dense1_units": 54}