{"optimizer": "sgd", "nesterov": true, "epochs": 46, "batch_size": 56, "conv1_weight_decay": 4.517687387394131e-05, "conv2_weight_decay": 4.855135003638282e-05, "conv3_weight_decay": 6.7139758965118114e-06, "dense1_weight_decay": 4.6462847729918483e-07, "dense2_weight_decay": 9.539243452338768e-06, "1cycle_initial_lr_pct": 0.3851668320530359, "1cycle_final_lr_pct": 0.0003071238561798163, "1cycle_pct_warmup": 0.09175962768095756, "1cycle_max_lr": 0.06597021625763436, "1cycle_momentum_max_damping_factor": 0.0005428796696851896, "1cycle_momentum_min_damping_factor_pct": 0.9677986877263481, "conv1_channels": 15, "conv2_channels": 13, "conv3_channels": 245, "dense1_units": 31}