{"optimizer": "adam", "epochs": 12, "batch_size": 149, "conv1_weight_decay": 0.10565793169696532, "conv2_weight_decay": 8.598345459335712e-05, "conv3_weight_decay": 0.010326150574707963, "dense1_weight_decay": 2.1467241037919754e-06, "dense2_weight_decay": 0.023576810801165863, "1cycle_initial_lr_pct": 0.11878587448754493, "1cycle_final_lr_pct": 0.00039194167681066755, "1cycle_pct_warmup": 0.038281483516856986, "1cycle_max_lr": 1.5735548460707118, "1cycle_beta1_max_damping_factor": 0.006390996917327949, "1cycle_beta1_min_damping_factor_pct": 0.2540816107997366, "beta2_damping_factor": 0.03000428045329814, "conv1_channels": 4, "conv2_channels": 87, "conv3_channels": 177, "dense1_units": 12}