{"optimizer": "sgd", "nesterov": true, "epochs": 3, "batch_size": 1196, "conv1_weight_decay": 0.10863678437424582, "conv2_weight_decay": 3.490763537654275e-07, "conv3_weight_decay": 0.003059366470822995, "dense1_weight_decay": 0.031561848638185334, "dense2_weight_decay": 0.08280794756354048, "1cycle_initial_lr_pct": 0.10383410165903077, "1cycle_final_lr_pct": 7.648444361114487e-05, "1cycle_pct_warmup": 0.3999603403825313, "1cycle_max_lr": 2.8979134505607655, "1cycle_max_momentum": 0.9496745721168817, "1cycle_min_momentum_pct": 0.6633038111031055, "conv1_channels": 37, "conv2_channels": 98, "conv3_channels": 38, "dense1_units": 189}