{"accuracy": 0.10279999673366547, "loss": 2.302499532699585, "training_time": 11.153498888015747}