{"optimizer": "sgd", "nesterov": false, "epochs": 4, "batch_size": 1627, "conv1_weight_decay": 0.0684554047527778, "conv2_weight_decay": 0.04146594715311025, "conv3_weight_decay": 1.5772719260388436e-07, "dense1_weight_decay": 0.007601039888222335, "dense2_weight_decay": 0.00878041924330662, "1cycle_initial_lr_pct": 0.04961433839863601, "1cycle_final_lr_pct": 4.0394520857531496e-05, "1cycle_pct_warmup": 0.061474196249619126, "1cycle_max_lr": 4.59213020553422, "1cycle_max_momentum": 0.8843222382724285, "1cycle_min_momentum_pct": 0.512503620237112, "conv1_channels": 6, "conv2_channels": 15, "conv3_channels": 98, "dense1_units": 48}