{"optimizer": "adam", "epochs": 27, "batch_size": 198, "conv1_weight_decay": 0.05090134155020299, "conv2_weight_decay": 0.00048156813619013825, "conv3_weight_decay": 8.920572940542556e-06, "dense1_weight_decay": 1.3574422764410382e-06, "dense2_weight_decay": 0.12977833096339908, "1cycle_initial_lr_pct": 0.04156256393436129, "1cycle_final_lr_pct": 0.00019188873305964055, "1cycle_pct_warmup": 0.40235776381103694, "1cycle_max_lr": 3.0099262903805677, "1cycle_beta1_max_damping_factor": 0.06548452584198068, "1cycle_beta1_min_damping_factor_pct": 0.6042996804942253, "beta2_damping_factor": 0.0001532470929921058, "conv1_channels": 13, "conv2_channels": 57, "conv3_channels": 142, "dense1_units": 92}