{"accuracy": 0.11349999904632568, "loss": 2.301469326019287, "training_time": 6.008174180984497}