{"accuracy": 0.11349999904632568, "loss": 2.3027594089508057, "training_time": 37.865580797195435}