{"optimizer": "sgd", "nesterov": false, "epochs": 59, "batch_size": 17, "conv1_weight_decay": 2.431705387137571e-07, "conv2_weight_decay": 5.7778837446912626e-05, "conv3_weight_decay": 1.1224710278003883e-07, "dense1_weight_decay": 0.0009765682058527495, "dense2_weight_decay": 1.0571800695368716e-07, "1cycle_initial_lr_pct": 0.11395972171870333, "1cycle_final_lr_pct": 0.00016141312138652172, "1cycle_pct_warmup": 0.47991551030427215, "1cycle_max_lr": 0.47091598397265394, "1cycle_max_momentum": 0.1698870683932677, "1cycle_min_momentum_pct": 0.8353103194385767, "conv1_channels": 11, "conv2_channels": 46, "conv3_channels": 22, "dense1_units": 43}