{"optimizer": "adam", "epochs": 4, "batch_size": 269, "conv1_weight_decay": 4.5146857003715294e-07, "conv2_weight_decay": 6.302649780207762e-07, "conv3_weight_decay": 7.480833881637456e-06, "dense1_weight_decay": 6.272042605302815e-05, "dense2_weight_decay": 1.0949122433751276e-05, "1cycle_initial_lr_pct": 0.1104318562395519, "1cycle_final_lr_pct": 0.00010840055311606828, "1cycle_pct_warmup": 0.06065936834444402, "1cycle_max_lr": 0.8469996528454017, "1cycle_beta1_max_damping_factor": 0.03023967989324535, "1cycle_beta1_min_damping_factor_pct": 0.1300352379254148, "beta2_damping_factor": 0.22492285738335774, "conv1_channels": 62, "conv2_channels": 118, "conv3_channels": 15, "dense1_units": 198}