{"accuracy": 0.09740000218153, "loss": 20.0, "training_time": 11.214724779129028}