{"optimizer": "adam", "epochs": 4, "batch_size": 1905, "conv1_weight_decay": 3.5589323540237605e-05, "conv2_weight_decay": 1.6233545480257238e-05, "conv3_weight_decay": 4.284513857498122e-06, "dense1_weight_decay": 2.2426658588786643e-07, "dense2_weight_decay": 0.2384879215519381, "1cycle_initial_lr_pct": 0.4785790543259011, "1cycle_final_lr_pct": 0.00034361021703514447, "1cycle_pct_warmup": 0.42150112116709354, "1cycle_max_lr": 19.150692380016338, "conv1_channels": 4, "conv2_channels": 54, "conv3_channels": 220, "dense1_units": 158}