{"optimizer": "sgd", "nesterov": false, "epochs": 30, "batch_size": 227, "conv1_weight_decay": 0.00013070163702775975, "conv2_weight_decay": 1.8586983198495984e-06, "conv3_weight_decay": 1.9201531882400906e-07, "dense1_weight_decay": 0.1493446282006265, "dense2_weight_decay": 0.014536467848778031, "1cycle_initial_lr_pct": 0.24467879653061664, "1cycle_final_lr_pct": 5.609209557971096e-05, "1cycle_pct_warmup": 0.026877365476965946, "1cycle_max_lr": 13.89981135569006, "1cycle_momentum_max_damping_factor": 0.012085022881425423, "1cycle_momentum_min_damping_factor_pct": 0.11023671173056773, "conv1_channels": 6, "conv2_channels": 113, "conv3_channels": 34, "dense1_units": 10}