{"optimizer": "sgd", "nesterov": false, "epochs": 4, "batch_size": 3026, "conv1_weight_decay": 2.54759900039476e-07, "conv2_weight_decay": 2.6795574022212138e-05, "conv3_weight_decay": 1.2956876472644474e-07, "dense1_weight_decay": 5.6488904209866024e-05, "dense2_weight_decay": 0.09701574638376337, "1cycle_initial_lr_pct": 0.021440014733480867, "1cycle_final_lr_pct": 0.0013923258041686243, "1cycle_pct_warmup": 0.05239934211958695, "1cycle_max_lr": 0.5271861712562412, "1cycle_momentum_max_damping_factor": 0.01858500079871793, "1cycle_momentum_min_damping_factor_pct": 0.5647289057362861, "conv1_channels": 53, "conv2_channels": 12, "conv3_channels": 142, "dense1_units": 31}