{"optimizer": "adam", "epochs": 22, "batch_size": 79, "conv1_weight_decay": 1.127400567364317e-07, "conv2_weight_decay": 1.4854237310392092e-06, "conv3_weight_decay": 8.248204333588186e-06, "dense1_weight_decay": 0.0010646220879680858, "dense2_weight_decay": 0.022374580313246788, "1cycle_initial_lr_pct": 0.015929960074182313, "1cycle_final_lr_pct": 0.0037958629800546465, "1cycle_pct_warmup": 0.44345423934981226, "1cycle_max_lr": 0.9203869583135772, "conv1_channels": 29, "conv2_channels": 13, "conv3_channels": 23, "dense1_units": 34}