{"accuracy": 0.09740000218153, "loss": 20.0, "training_time": 7.4155800342559814}