{"optimizer": "adam", "epochs": 3, "batch_size": 136, "conv1_weight_decay": 0.0012501718952491125, "conv2_weight_decay": 1.1452394899863723e-06, "conv3_weight_decay": 0.00011108084634622782, "dense1_weight_decay": 0.13114175386672267, "dense2_weight_decay": 0.27223731363800036, "1cycle_initial_lr_pct": 0.022319479532314078, "1cycle_final_lr_pct": 0.003753008477147266, "1cycle_pct_warmup": 0.23508664389195236, "1cycle_max_lr": 17.335359983217515, "1cycle_beta1_max_damping_factor": 0.0024235399142033785, "1cycle_beta1_min_damping_factor_pct": 0.8350140594176019, "beta2_damping_factor": 0.0013087859926312726, "conv1_channels": 4, "conv2_channels": 48, "conv3_channels": 152, "dense1_units": 9}