{"optimizer": "sgd", "nesterov": false, "epochs": 48, "batch_size": 1068, "conv1_weight_decay": 0.00490906628081921, "conv2_weight_decay": 7.931780497085421e-06, "conv3_weight_decay": 1.0220163790313457e-06, "dense1_weight_decay": 1.9939208232147682e-07, "dense2_weight_decay": 0.01812535007355442, "1cycle_initial_lr_pct": 0.019656472763377033, "1cycle_final_lr_pct": 0.0008516760327475247, "1cycle_pct_warmup": 0.11640636080875992, "1cycle_max_lr": 14.04146195923673, "1cycle_max_momentum": 0.8193972223383374, "1cycle_min_momentum_pct": 0.28525129705667496, "conv1_channels": 61, "conv2_channels": 10, "conv3_channels": 192, "dense1_units": 205}