{"accuracy": 0.10279999673366547, "loss": 20.0, "training_time": 8.045860767364502}