{"optimizer": "sgd", "nesterov": false, "epochs": 17, "batch_size": 117, "conv1_weight_decay": 0.0002574632692043111, "conv2_weight_decay": 0.0011199281579366937, "conv3_weight_decay": 0.0002095659595680138, "dense1_weight_decay": 0.01634940840307899, "dense2_weight_decay": 0.03886638124794663, "1cycle_initial_lr_pct": 0.06022274741243983, "1cycle_final_lr_pct": 0.002836002052610889, "1cycle_pct_warmup": 0.27138755543497217, "1cycle_max_lr": 0.1476404135911373, "1cycle_momentum_max_damping_factor": 0.0004974312665910535, "1cycle_momentum_min_damping_factor_pct": 0.11453296362320398, "conv1_channels": 6, "conv2_channels": 21, "conv3_channels": 79, "dense1_units": 11}