{"optimizer": "adam", "epochs": 2, "batch_size": 3809, "conv1_weight_decay": 0.00032789621059772106, "conv2_weight_decay": 0.2543222623659262, "conv3_weight_decay": 0.15360600099861443, "dense1_weight_decay": 1.294044972474345e-06, "dense2_weight_decay": 0.056444350714316784, "1cycle_initial_lr_pct": 0.06178939623892241, "1cycle_final_lr_pct": 0.0007912413682176187, "1cycle_pct_warmup": 0.09392117455601691, "1cycle_max_lr": 0.01560087460066322, "conv1_channels": 22, "conv2_channels": 11, "conv3_channels": 79, "dense1_units": 129}