{"accuracy": 0.8187999725341797, "loss": 1.2355105876922607, "training_time": 6.07839035987854}