{"optimizer": "adam", "epochs": 9, "batch_size": 1482, "conv1_weight_decay": 0.24910551357391064, "conv2_weight_decay": 5.020399858966824e-06, "conv3_weight_decay": 0.024992860318678884, "dense1_weight_decay": 1.3882692526440533e-05, "dense2_weight_decay": 0.0001653259041760129, "1cycle_initial_lr_pct": 0.015100721632397876, "1cycle_final_lr_pct": 0.0036989116374382468, "1cycle_pct_warmup": 0.07257327064871788, "1cycle_max_lr": 0.01779542429509462, "conv1_channels": 34, "conv2_channels": 15, "conv3_channels": 64, "dense1_units": 127}