{"optimizer": "sgd", "nesterov": false, "epochs": 44, "batch_size": 195, "conv1_weight_decay": 0.2125840349405686, "conv2_weight_decay": 1.0019311464728837e-06, "conv3_weight_decay": 0.00445026348523443, "dense1_weight_decay": 0.003018181953874782, "dense2_weight_decay": 1.2876447984280623e-06, "1cycle_initial_lr_pct": 0.02555180376799054, "1cycle_final_lr_pct": 0.0012046116294119082, "1cycle_pct_warmup": 0.2702033689876907, "1cycle_max_lr": 0.10577721883257679, "1cycle_momentum_max_damping_factor": 0.006380034045860094, "1cycle_momentum_min_damping_factor_pct": 0.9420976552453284, "conv1_channels": 6, "conv2_channels": 11, "conv3_channels": 17, "dense1_units": 59}