{"accuracy": 0.9839000105857849, "loss": 0.11899133026599884, "training_time": 11.197495937347412}