{"optimizer": "sgd", "nesterov": false, "epochs": 12, "batch_size": 15, "conv1_weight_decay": 0.012559576502260196, "conv2_weight_decay": 3.4716252412310464e-06, "conv3_weight_decay": 6.330659826331776e-07, "dense1_weight_decay": 0.021162366118835114, "dense2_weight_decay": 2.0068182565060648e-07, "1cycle_initial_lr_pct": 0.09664779965249547, "1cycle_final_lr_pct": 5.8468709996967126e-05, "1cycle_pct_warmup": 0.018165971390689224, "1cycle_max_lr": 0.30713875841160426, "1cycle_momentum_max_damping_factor": 0.011086887087480344, "1cycle_momentum_min_damping_factor_pct": 0.16415852745892107, "conv1_channels": 21, "conv2_channels": 12, "conv3_channels": 38, "dense1_units": 106}