{"optimizer": "adam", "epochs": 3, "batch_size": 478, "conv1_weight_decay": 0.040442768445306435, "conv2_weight_decay": 2.6261955162329924e-05, "conv3_weight_decay": 1.467719448745919e-05, "dense1_weight_decay": 2.223497531435843e-06, "dense2_weight_decay": 1.1123890082935882e-05, "1cycle_initial_lr_pct": 0.09079630559657811, "1cycle_final_lr_pct": 0.00031999084635512734, "1cycle_pct_warmup": 0.3206749639194459, "1cycle_max_lr": 0.04099167819546575, "conv1_channels": 6, "conv2_channels": 61, "conv3_channels": 37, "dense1_units": 9}