{"accuracy": 0.9873999953269958, "loss": 0.057769615203142166, "training_time": 6.073384523391724}