{"optimizer": "sgd", "nesterov": false, "epochs": 2, "batch_size": 56, "conv1_weight_decay": 2.6582459396101184e-07, "conv2_weight_decay": 0.0002291435590890011, "conv3_weight_decay": 4.091736206889033e-07, "dense1_weight_decay": 0.04277780810574918, "dense2_weight_decay": 0.018453547781344334, "1cycle_initial_lr_pct": 0.3430299791841877, "1cycle_final_lr_pct": 0.0005406917659812014, "1cycle_pct_warmup": 0.24882184631191195, "1cycle_max_lr": 0.16435447431632594, "1cycle_max_momentum": 0.6623241262287833, "1cycle_min_momentum_pct": 0.2843304295092821, "conv1_channels": 6, "conv2_channels": 62, "conv3_channels": 83, "dense1_units": 57}