{"optimizer": "adam", "epochs": 24, "batch_size": 943, "conv1_weight_decay": 1.317700580279465e-07, "conv2_weight_decay": 0.015630806673803756, "conv3_weight_decay": 1.6136370116271726e-05, "dense1_weight_decay": 1.6823271089402356e-06, "dense2_weight_decay": 0.10532512982772303, "1cycle_initial_lr_pct": 0.29858523904867385, "1cycle_final_lr_pct": 4.432951142259535e-05, "1cycle_pct_warmup": 0.08280416247359415, "1cycle_max_lr": 0.020468481081970216, "1cycle_beta1_max_damping_factor": 0.13165619317348237, "1cycle_beta1_min_damping_factor_pct": 0.10451591944622766, "beta2_damping_factor": 0.000809580670445442, "conv1_channels": 11, "conv2_channels": 77, "conv3_channels": 170, "dense1_units": 29}