{"accuracy": 0.9818999767303467, "loss": 0.1463603973388672, "training_time": 12.090323448181152}