{"accuracy": 0.9914000034332275, "loss": 0.06289681047201157, "training_time": 22.372925519943237}