{"optimizer": "sgd", "nesterov": false, "epochs": 9, "batch_size": 24, "conv1_weight_decay": 0.0003084438958307901, "conv2_weight_decay": 0.00022799147218906528, "conv3_weight_decay": 1.2142615006734361e-06, "dense1_weight_decay": 2.459860928768722e-07, "dense2_weight_decay": 1.2798731555288437e-07, "1cycle_initial_lr_pct": 0.43710042442464153, "1cycle_final_lr_pct": 0.0006270324257913966, "1cycle_pct_warmup": 0.014490232643683426, "1cycle_max_lr": 0.08543763762643149, "1cycle_momentum_max_damping_factor": 0.05939232598297785, "1cycle_momentum_min_damping_factor_pct": 0.5008485655464043, "conv1_channels": 62, "conv2_channels": 15, "conv3_channels": 36, "dense1_units": 7}