{"optimizer": "adam", "epochs": 15, "batch_size": 306, "conv1_weight_decay": 0.00019884119153440317, "conv2_weight_decay": 0.013311098796042376, "conv3_weight_decay": 9.441998158306036e-05, "dense1_weight_decay": 0.26774018580847603, "dense2_weight_decay": 2.1664558593729633e-05, "1cycle_initial_lr_pct": 0.22750473852000325, "1cycle_final_lr_pct": 0.009235579764424571, "1cycle_pct_warmup": 0.28416565001010896, "1cycle_max_lr": 0.019156171062422362, "conv1_channels": 57, "conv2_channels": 37, "conv3_channels": 17, "dense1_units": 42}