{"accuracy": 0.978600025177002, "loss": 0.15047137439250946, "training_time": 41.917081356048584}