{"optimizer": "adam", "epochs": 2, "batch_size": 59, "conv1_weight_decay": 0.10920739465942554, "conv2_weight_decay": 0.0038401462331092914, "conv3_weight_decay": 0.06055534115874252, "dense1_weight_decay": 0.10344256349428249, "dense2_weight_decay": 1.1083822953713573e-06, "1cycle_initial_lr_pct": 0.22583621807764018, "1cycle_final_lr_pct": 4.1927217527550856e-05, "1cycle_pct_warmup": 0.02132452453293341, "1cycle_max_lr": 5.234892235467485, "1cycle_beta1_max_damping_factor": 0.01030422228604411, "1cycle_beta1_min_damping_factor_pct": 0.11115454294170547, "beta2_damping_factor": 0.06361609233154632, "conv1_channels": 31, "conv2_channels": 82, "conv3_channels": 19, "dense1_units": 85}