{"optimizer": "sgd", "nesterov": false, "epochs": 26, "batch_size": 531, "conv1_weight_decay": 0.10536094603633697, "conv2_weight_decay": 0.0815687739259326, "conv3_weight_decay": 0.0002569474579960811, "dense1_weight_decay": 3.4172893314716723e-07, "dense2_weight_decay": 0.0001402554409476641, "1cycle_initial_lr_pct": 0.4460680548540929, "1cycle_final_lr_pct": 0.0005145554287126373, "1cycle_pct_warmup": 0.3736748654488474, "1cycle_max_lr": 5.651568100853068, "1cycle_max_momentum": 0.21801738182147964, "1cycle_min_momentum_pct": 0.44255575351417065, "conv1_channels": 9, "conv2_channels": 57, "conv3_channels": 31, "dense1_units": 15}