{"accuracy": 0.10090000182390213, "loss": 20.0, "training_time": 10.982184171676636}