{"accuracy": 0.11349999904632568, "loss": 2.3010518550872803, "training_time": 41.88949155807495}