{"optimizer": "sgd", "nesterov": false, "epochs": 4, "batch_size": 575, "conv1_weight_decay": 0.04257198672724662, "conv2_weight_decay": 0.027087007729468194, "conv3_weight_decay": 8.174654843632599e-07, "dense1_weight_decay": 2.290018247281366e-06, "dense2_weight_decay": 0.037573018282177774, "1cycle_initial_lr_pct": 0.028996208831441522, "1cycle_final_lr_pct": 0.0033998036200693148, "1cycle_pct_warmup": 0.01070832947487906, "1cycle_max_lr": 0.016416259262975116, "1cycle_momentum_max_damping_factor": 0.14172218805570608, "1cycle_momentum_min_damping_factor_pct": 0.11139242635738479, "conv1_channels": 9, "conv2_channels": 33, "conv3_channels": 36, "dense1_units": 21}