{"optimizer": "adam", "epochs": 22, "batch_size": 37, "conv1_weight_decay": 0.015804016128433802, "conv2_weight_decay": 0.0007220121609650403, "conv3_weight_decay": 0.00017027959309469403, "dense1_weight_decay": 0.030181549040903016, "dense2_weight_decay": 0.05868666823901583, "1cycle_initial_lr_pct": 0.013682743337044478, "1cycle_final_lr_pct": 0.0006423550999345578, "1cycle_pct_warmup": 0.3118178120907396, "1cycle_max_lr": 0.12415674967490915, "conv1_channels": 40, "conv2_channels": 10, "conv3_channels": 72, "dense1_units": 72}