{"accuracy": 0.9218000173568726, "loss": 0.4887837767601013, "training_time": 5.516744136810303}