{"optimizer": "adam", "epochs": 56, "batch_size": 192, "conv1_weight_decay": 0.007349240099674172, "conv2_weight_decay": 0.00014169995736479422, "conv3_weight_decay": 1.1746736189536145e-05, "dense1_weight_decay": 0.018478397018352643, "dense2_weight_decay": 0.0045076740259508115, "1cycle_initial_lr_pct": 0.03129797121379494, "1cycle_final_lr_pct": 0.000726928571797555, "1cycle_pct_warmup": 0.025996493079819927, "1cycle_max_lr": 0.19082061365627073, "1cycle_beta1_max_damping_factor": 0.001012545759626465, "1cycle_beta1_min_damping_factor_pct": 0.7029608914741293, "beta2_damping_factor": 0.011328471452747785, "conv1_channels": 18, "conv2_channels": 111, "conv3_channels": 83, "dense1_units": 15}