{"optimizer": "sgd", "nesterov": false, "epochs": 7, "batch_size": 1467, "conv1_weight_decay": 0.019214696973765523, "conv2_weight_decay": 5.389632933749227e-07, "conv3_weight_decay": 6.410506346433883e-07, "dense1_weight_decay": 2.558440741812388e-06, "dense2_weight_decay": 0.00021109220146613787, "1cycle_initial_lr_pct": 0.012528599283525184, "1cycle_final_lr_pct": 0.008327742611128269, "1cycle_pct_warmup": 0.35784525373019277, "1cycle_max_lr": 0.05035418540298179, "1cycle_max_momentum": 0.23318898120867088, "1cycle_min_momentum_pct": 0.3436825340613723, "conv1_channels": 48, "conv2_channels": 12, "conv3_channels": 56, "dense1_units": 7}