{"accuracy": 0.4715999960899353, "loss": 1.519487738609314, "training_time": 11.215852737426758}