{"optimizer": "sgd", "nesterov": false, "epochs": 4, "batch_size": 53, "conv1_weight_decay": 0.00028951491189820977, "conv2_weight_decay": 0.0004571501213657261, "conv3_weight_decay": 0.00037000422669584385, "dense1_weight_decay": 0.00027414090196643527, "dense2_weight_decay": 1.2676548144054947e-05, "1cycle_initial_lr_pct": 0.016722106615411934, "1cycle_final_lr_pct": 0.0028024036024281215, "1cycle_pct_warmup": 0.27515960139222445, "1cycle_max_lr": 2.07340500940064, "1cycle_max_momentum": 0.13407793552754446, "1cycle_min_momentum_pct": 0.7984501365572214, "conv1_channels": 48, "conv2_channels": 13, "conv3_channels": 206, "dense1_units": 46}