{"optimizer": "adam", "epochs": 15, "batch_size": 821, "conv1_weight_decay": 0.00023867907913443124, "conv2_weight_decay": 0.030805818487430265, "conv3_weight_decay": 0.09239439016785979, "dense1_weight_decay": 9.38504959402726e-05, "dense2_weight_decay": 1.777379245503193e-07, "1cycle_initial_lr_pct": 0.020925334009841447, "1cycle_final_lr_pct": 0.002129044770246386, "1cycle_pct_warmup": 0.015664040911040598, "1cycle_max_lr": 1.3390505776115453, "1cycle_beta1_max_damping_factor": 0.0010558842803120615, "1cycle_beta1_min_damping_factor_pct": 0.5947394122790456, "beta2_damping_factor": 0.0009840490130301614, "conv1_channels": 13, "conv2_channels": 7, "conv3_channels": 85, "dense1_units": 149}