{"accuracy": 0.10100000351667404, "loss": 2.9922995567321777, "training_time": 9.993311166763306}