{"optimizer": "adam", "epochs": 27, "batch_size": 208, "conv1_weight_decay": 0.0008630825485871278, "conv2_weight_decay": 0.004716604247520101, "conv3_weight_decay": 1.313287633837577e-07, "dense1_weight_decay": 0.0040712309762944675, "dense2_weight_decay": 0.019714897504940026, "1cycle_initial_lr_pct": 0.01952733609204444, "1cycle_final_lr_pct": 0.00031830822001687327, "1cycle_pct_warmup": 0.2683096152823418, "1cycle_max_lr": 0.06202984305976061, "conv1_channels": 17, "conv2_channels": 32, "conv3_channels": 98, "dense1_units": 40}