{"optimizer": "sgd", "nesterov": true, "epochs": 2, "batch_size": 1344, "conv1_weight_decay": 0.00045917492426277647, "conv2_weight_decay": 0.05956635666308397, "conv3_weight_decay": 1.0089885528176576e-05, "dense1_weight_decay": 1.688208109064812e-05, "dense2_weight_decay": 0.11295171478117062, "1cycle_initial_lr_pct": 0.02279839817232277, "1cycle_final_lr_pct": 5.9209150725392056e-05, "1cycle_pct_warmup": 0.013825356378371888, "1cycle_max_lr": 0.23443417234740968, "1cycle_momentum_max_damping_factor": 0.04666146777020578, "1cycle_momentum_min_damping_factor_pct": 0.40104079275948107, "conv1_channels": 59, "conv2_channels": 23, "conv3_channels": 27, "dense1_units": 17}