{"accuracy": 0.13750000298023224, "loss": 2.7339820861816406, "training_time": 5.3774731159210205}