{"accuracy": 0.989300012588501, "loss": 0.09744414687156677, "training_time": 39.36060404777527}