{"optimizer": "sgd", "nesterov": false, "epochs": 15, "batch_size": 40, "conv1_weight_decay": 0.0001184909745288668, "conv2_weight_decay": 0.02207417734322376, "conv3_weight_decay": 6.520033409954607e-07, "dense1_weight_decay": 0.05517492729324553, "dense2_weight_decay": 0.0009155111624824772, "1cycle_initial_lr_pct": 0.4625445413225129, "1cycle_final_lr_pct": 6.180352857504402e-05, "1cycle_pct_warmup": 0.49791427213698625, "1cycle_max_lr": 1.0325648066363395, "1cycle_max_momentum": 0.2652439510443248, "1cycle_min_momentum_pct": 0.3367357077077031, "conv1_channels": 6, "conv2_channels": 33, "conv3_channels": 17, "dense1_units": 43}