{"optimizer": "adam", "epochs": 9, "batch_size": 691, "conv1_weight_decay": 3.596134755873222e-05, "conv2_weight_decay": 0.0007057883523317063, "conv3_weight_decay": 0.00016270418541533015, "dense1_weight_decay": 2.7823530524856213e-07, "dense2_weight_decay": 0.001747133808861538, "1cycle_initial_lr_pct": 0.23531625414956409, "1cycle_final_lr_pct": 0.0002100619951506013, "1cycle_pct_warmup": 0.06481580140472164, "1cycle_max_lr": 0.45220243825230483, "1cycle_beta1_max_damping_factor": 0.09358291830285666, "1cycle_beta1_min_damping_factor_pct": 0.16518692424154238, "beta2_damping_factor": 0.4636063600252061, "conv1_channels": 59, "conv2_channels": 33, "conv3_channels": 79, "dense1_units": 30}