{"optimizer": "sgd", "nesterov": true, "epochs": 6, "batch_size": 37, "conv1_weight_decay": 4.28631803898498e-07, "conv2_weight_decay": 1.038143633325233e-05, "conv3_weight_decay": 0.0026319980991731445, "dense1_weight_decay": 0.010919533804966223, "dense2_weight_decay": 0.219704307851823, "1cycle_initial_lr_pct": 0.022439215364278984, "1cycle_final_lr_pct": 0.00020189163565496505, "1cycle_pct_warmup": 0.34230820584110916, "1cycle_max_lr": 0.040108216003241444, "1cycle_max_momentum": 0.7220776255720295, "1cycle_min_momentum_pct": 0.383617976680398, "conv1_channels": 43, "conv2_channels": 26, "conv3_channels": 51, "dense1_units": 245}