{"optimizer": "adam", "epochs": 51, "batch_size": 721, "conv1_weight_decay": 1.9150087611529356e-07, "conv2_weight_decay": 1.568077012754629e-06, "conv3_weight_decay": 0.037924511183477755, "dense1_weight_decay": 1.032866102216789e-06, "dense2_weight_decay": 0.014301543791949195, "1cycle_initial_lr_pct": 0.016459346932589835, "1cycle_final_lr_pct": 9.054115792346508e-05, "1cycle_pct_warmup": 0.019669216566986163, "1cycle_max_lr": 0.2976028286547925, "1cycle_beta1_max_damping_factor": 0.003397071412788843, "1cycle_beta1_min_damping_factor_pct": 0.4666877715598759, "beta2_damping_factor": 0.016513945427126833, "conv1_channels": 4, "conv2_channels": 62, "conv3_channels": 149, "dense1_units": 122}