{"accuracy": 0.9139999747276306, "loss": 0.5651643872261047, "training_time": 33.27637958526611}