{"optimizer": "adam", "epochs": 12, "batch_size": 115, "conv1_weight_decay": 0.0009568926662959554, "conv2_weight_decay": 3.61082451993987e-07, "conv3_weight_decay": 0.00012155088447855348, "dense1_weight_decay": 1.3163722109518386e-05, "dense2_weight_decay": 1.4748585763734392e-07, "1cycle_initial_lr_pct": 0.015715156471818044, "1cycle_final_lr_pct": 8.308337979558913e-05, "1cycle_pct_warmup": 0.4882764678223695, "1cycle_max_lr": 5.732704819731388, "1cycle_beta1_max_damping_factor": 0.024146849292237697, "1cycle_beta1_min_damping_factor_pct": 0.770363530219017, "beta2_damping_factor": 0.0002119254943956689, "conv1_channels": 13, "conv2_channels": 71, "conv3_channels": 43, "dense1_units": 17}