{"optimizer": "sgd", "nesterov": false, "epochs": 3, "batch_size": 3507, "conv1_weight_decay": 0.00045545711227172364, "conv2_weight_decay": 2.7008681418253776e-05, "conv3_weight_decay": 9.165980317896022e-07, "dense1_weight_decay": 0.007088802603544329, "dense2_weight_decay": 2.5345770024512376e-05, "1cycle_initial_lr_pct": 0.029814517415533072, "1cycle_final_lr_pct": 0.00022597250466887005, "1cycle_pct_warmup": 0.04358805381692946, "1cycle_max_lr": 5.397362348939089, "1cycle_max_momentum": 0.5428941905035637, "1cycle_min_momentum_pct": 0.0032008839771151543, "conv1_channels": 13, "conv2_channels": 10, "conv3_channels": 108, "dense1_units": 48}