{"accuracy": 0.11349999904632568, "loss": 2.840324878692627, "training_time": 6.1598381996154785}