{"accuracy": 0.10090000182390213, "loss": 18.990802764892578, "training_time": 28.092710494995117}