{"optimizer": "sgd", "nesterov": false, "epochs": 2, "batch_size": 23, "conv1_weight_decay": 2.1027652558539137e-05, "conv2_weight_decay": 0.004406207515365396, "conv3_weight_decay": 0.008344354551909459, "dense1_weight_decay": 0.0011311780343390178, "dense2_weight_decay": 0.00052490957000929, "1cycle_initial_lr_pct": 0.013456518625734524, "1cycle_final_lr_pct": 0.0023645106665925657, "1cycle_pct_warmup": 0.011290978879211017, "1cycle_max_lr": 0.3872916214363289, "1cycle_momentum_max_damping_factor": 0.0019011342266347492, "1cycle_momentum_min_damping_factor_pct": 0.4749132437623589, "conv1_channels": 13, "conv2_channels": 13, "conv3_channels": 44, "dense1_units": 110}