{"optimizer": "adam", "epochs": 29, "batch_size": 348, "conv1_weight_decay": 1.3145844061144036e-05, "conv2_weight_decay": 0.09291397442565613, "conv3_weight_decay": 0.004023204796475457, "dense1_weight_decay": 6.154768514178039e-06, "dense2_weight_decay": 0.0018364721060011302, "1cycle_initial_lr_pct": 0.0273277323842528, "1cycle_final_lr_pct": 0.002531765494717389, "1cycle_pct_warmup": 0.3139926656428725, "1cycle_max_lr": 0.030724288026749307, "conv1_channels": 29, "conv2_channels": 69, "conv3_channels": 115, "dense1_units": 51}