{"accuracy": 0.9864000082015991, "loss": 0.092234306037426, "training_time": 41.90406346321106}