{"optimizer": "sgd", "nesterov": false, "epochs": 27, "batch_size": 1335, "conv1_weight_decay": 7.03795305157436e-07, "conv2_weight_decay": 2.6012072297628494e-05, "conv3_weight_decay": 0.0033417856555497754, "dense1_weight_decay": 1.234201987340907e-05, "dense2_weight_decay": 8.842264455537223e-06, "1cycle_initial_lr_pct": 0.38859696440714264, "1cycle_final_lr_pct": 8.612798102066651e-05, "1cycle_pct_warmup": 0.3810476936399937, "1cycle_max_lr": 0.02161637134171491, "1cycle_max_momentum": 0.3516612182258628, "1cycle_min_momentum_pct": 0.803358182311058, "conv1_channels": 6, "conv2_channels": 42, "conv3_channels": 82, "dense1_units": 253}