{"optimizer": "adam", "epochs": 2, "batch_size": 161, "conv1_weight_decay": 6.766748132821005e-07, "conv2_weight_decay": 3.3929518938292104e-06, "conv3_weight_decay": 0.009598702270898502, "dense1_weight_decay": 0.003745667110811977, "dense2_weight_decay": 4.419996589926372e-07, "1cycle_initial_lr_pct": 0.27998586057373576, "1cycle_final_lr_pct": 0.0002982377896634898, "1cycle_pct_warmup": 0.039317269572719145, "1cycle_max_lr": 0.08449561958694861, "1cycle_beta1_max_damping_factor": 0.09757568008556612, "1cycle_beta1_min_damping_factor_pct": 0.14479675146021584, "beta2_damping_factor": 0.0006266867376776969, "conv1_channels": 4, "conv2_channels": 27, "conv3_channels": 77, "dense1_units": 54}