{"accuracy": 0.9684000015258789, "loss": 0.2639765441417694, "training_time": 21.38919162750244}