{"accuracy": 0.972000002861023, "loss": 0.1604916751384735, "training_time": 5.971238851547241}