{"optimizer": "adam", "epochs": 4, "batch_size": 3651, "conv1_weight_decay": 2.015986280454996e-05, "conv2_weight_decay": 0.03748299954323928, "conv3_weight_decay": 2.181703054536663e-06, "dense1_weight_decay": 0.0005328111266301218, "dense2_weight_decay": 3.936443714075728e-07, "1cycle_initial_lr_pct": 0.10242492520106271, "1cycle_final_lr_pct": 0.0016852086622400426, "1cycle_pct_warmup": 0.1214265249017626, "1cycle_max_lr": 0.06455885297766625, "conv1_channels": 38, "conv2_channels": 17, "conv3_channels": 26, "dense1_units": 17}