{"optimizer": "sgd", "nesterov": false, "epochs": 30, "batch_size": 108, "conv1_weight_decay": 1.4056231659048853e-05, "conv2_weight_decay": 0.0005298570497888746, "conv3_weight_decay": 5.130370963750933e-05, "dense1_weight_decay": 2.8930682800444263e-05, "dense2_weight_decay": 8.312414707873185e-06, "1cycle_initial_lr_pct": 0.1229882722044172, "1cycle_final_lr_pct": 0.009048856179026885, "1cycle_pct_warmup": 0.21152545666814035, "1cycle_max_lr": 0.23131717407484467, "1cycle_momentum_max_damping_factor": 0.15840070369191508, "1cycle_momentum_min_damping_factor_pct": 0.11678160805436542, "conv1_channels": 29, "conv2_channels": 17, "conv3_channels": 126, "dense1_units": 151}