{"accuracy": 0.9314000010490417, "loss": 0.33385375142097473, "training_time": 11.172174215316772}