{"optimizer": "sgd", "nesterov": false, "epochs": 11, "batch_size": 316, "conv1_weight_decay": 0.0025662834025034966, "conv2_weight_decay": 0.0006004473178269038, "conv3_weight_decay": 0.006860101184536397, "dense1_weight_decay": 0.0009398355401728557, "dense2_weight_decay": 0.0011192593872032845, "1cycle_initial_lr_pct": 0.21194460874667542, "1cycle_final_lr_pct": 0.004192376655777567, "1cycle_pct_warmup": 0.060177496010437606, "1cycle_max_lr": 0.042821273160699905, "1cycle_max_momentum": 0.5257659849350341, "1cycle_min_momentum_pct": 0.14991787262260914, "conv1_channels": 42, "conv2_channels": 33, "conv3_channels": 240, "dense1_units": 92}