{"optimizer": "adam", "epochs": 6, "batch_size": 24, "conv1_weight_decay": 0.003509245784378325, "conv2_weight_decay": 0.04571516676368654, "conv3_weight_decay": 0.015081920591027692, "dense1_weight_decay": 6.188743813135657e-05, "dense2_weight_decay": 0.0007037300586180081, "1cycle_initial_lr_pct": 0.4488980613836365, "1cycle_final_lr_pct": 0.0014354817016428364, "1cycle_pct_warmup": 0.40044201466385465, "1cycle_max_lr": 0.19696504871369339, "1cycle_beta1_max_damping_factor": 0.0034214314988260746, "1cycle_beta1_min_damping_factor_pct": 0.15669917366666286, "beta2_damping_factor": 0.002047196209859492, "conv1_channels": 7, "conv2_channels": 105, "conv3_channels": 161, "dense1_units": 72}