{"accuracy": 0.9810000061988831, "loss": 0.37600085139274597, "training_time": 21.408967971801758}