{"optimizer": "sgd", "nesterov": true, "epochs": 12, "batch_size": 81, "conv1_weight_decay": 2.065266901626467e-05, "conv2_weight_decay": 7.345459469419903e-05, "conv3_weight_decay": 0.0468447835195629, "dense1_weight_decay": 0.00011645853408604828, "dense2_weight_decay": 6.098466447202138e-05, "1cycle_initial_lr_pct": 0.04047792891222893, "1cycle_final_lr_pct": 0.004440944344365253, "1cycle_pct_warmup": 0.04446352724598478, "1cycle_max_lr": 0.011140879516314555, "1cycle_momentum_max_damping_factor": 0.2979954370170259, "1cycle_momentum_min_damping_factor_pct": 0.15692946785092848, "conv1_channels": 41, "conv2_channels": 11, "conv3_channels": 100, "dense1_units": 23}