{"optimizer": "adam", "epochs": 3, "batch_size": 2482, "conv1_weight_decay": 1.2703291894031444e-05, "conv2_weight_decay": 3.8616907345570457e-07, "conv3_weight_decay": 0.00019970458645707432, "dense1_weight_decay": 0.0003281788802347617, "dense2_weight_decay": 3.4951592877655164e-06, "1cycle_initial_lr_pct": 0.04755205754909736, "1cycle_final_lr_pct": 0.0011212948243591175, "1cycle_pct_warmup": 0.4606304278690368, "1cycle_max_lr": 0.10229749787023083, "conv1_channels": 6, "conv2_channels": 43, "conv3_channels": 174, "dense1_units": 24}