{"accuracy": 0.9853000044822693, "loss": 0.08347214758396149, "training_time": 37.03477501869202}