{"accuracy": 0.9858999848365784, "loss": 0.17665809392929077, "training_time": 6.088594436645508}