{"optimizer": "adam", "epochs": 43, "batch_size": 38, "conv1_weight_decay": 0.0026429756310108066, "conv2_weight_decay": 2.181879950847287e-07, "conv3_weight_decay": 0.02056423647501283, "dense1_weight_decay": 1.7078840338267935e-06, "dense2_weight_decay": 9.426668851750576e-07, "1cycle_initial_lr_pct": 0.166172869167968, "1cycle_final_lr_pct": 0.0008390686883137759, "1cycle_pct_warmup": 0.012549086484296467, "1cycle_max_lr": 10.334671490599046, "1cycle_beta1_max_damping_factor": 0.0002107162736989836, "1cycle_beta1_min_damping_factor_pct": 0.14357266128642612, "beta2_damping_factor": 0.007969661924859497, "conv1_channels": 43, "conv2_channels": 69, "conv3_channels": 17, "dense1_units": 10}