{"optimizer": "sgd", "nesterov": false, "epochs": 10, "batch_size": 808, "conv1_weight_decay": 0.003152032244788137, "conv2_weight_decay": 0.0001432301002227735, "conv3_weight_decay": 0.0016749042133601289, "dense1_weight_decay": 0.041754127780397374, "dense2_weight_decay": 7.152522067765149e-05, "1cycle_initial_lr_pct": 0.17931142937106478, "1cycle_final_lr_pct": 0.005267018052520508, "1cycle_pct_warmup": 0.2922299454547465, "1cycle_max_lr": 12.084490510428106, "1cycle_max_momentum": 0.017343010401539505, "1cycle_min_momentum_pct": 0.7323913667351007, "conv1_channels": 18, "conv2_channels": 42, "conv3_channels": 62, "dense1_units": 27}