{"accuracy": 0.11349999904632568, "loss": 2.3014891147613525, "training_time": 11.15468692779541}