{"optimizer": "adam", "epochs": 15, "batch_size": 2310, "conv1_weight_decay": 8.960584012731332e-06, "conv2_weight_decay": 0.00013994332065854706, "conv3_weight_decay": 4.571984993980838e-06, "dense1_weight_decay": 0.00499377366171996, "dense2_weight_decay": 5.682918656215814e-05, "1cycle_initial_lr_pct": 0.3144250743733905, "1cycle_final_lr_pct": 0.001543359481392443, "1cycle_pct_warmup": 0.4711005400959402, "1cycle_max_lr": 6.374623772859821, "conv1_channels": 19, "conv2_channels": 62, "conv3_channels": 95, "dense1_units": 93}