{"optimizer": "sgd", "nesterov": false, "epochs": 9, "batch_size": 66, "conv1_weight_decay": 6.467407504448547e-06, "conv2_weight_decay": 2.2574409700122613e-07, "conv3_weight_decay": 1.867657274744749e-07, "dense1_weight_decay": 1.5024853615099162e-05, "dense2_weight_decay": 2.1866574834279505e-06, "1cycle_initial_lr_pct": 0.36282271647320546, "1cycle_final_lr_pct": 0.006354241823086248, "1cycle_pct_warmup": 0.055678342679008834, "1cycle_max_lr": 7.177057438764406, "1cycle_momentum_max_damping_factor": 0.43788663603349715, "1cycle_momentum_min_damping_factor_pct": 0.2958676418354302, "conv1_channels": 7, "conv2_channels": 41, "conv3_channels": 147, "dense1_units": 12}