{"accuracy": 0.11349999904632568, "loss": 2.304593086242676, "training_time": 32.59147000312805}