{"optimizer": "sgd", "nesterov": false, "epochs": 2, "batch_size": 46, "conv1_weight_decay": 0.006663147165424579, "conv2_weight_decay": 1.2075865852127457e-05, "conv3_weight_decay": 0.0005953253640504499, "dense1_weight_decay": 7.095815661222481e-05, "dense2_weight_decay": 3.0427974267007997e-07, "1cycle_initial_lr_pct": 0.0372070376690216, "1cycle_final_lr_pct": 0.00012053935599237045, "1cycle_pct_warmup": 0.08243484136648475, "1cycle_max_lr": 0.09454239494865883, "1cycle_max_momentum": 0.9824570947537199, "1cycle_min_momentum_pct": 0.09643182251602411, "conv1_channels": 6, "conv2_channels": 11, "conv3_channels": 29, "dense1_units": 7}