{"optimizer": "adam", "epochs": 17, "batch_size": 781, "conv1_weight_decay": 0.001439435212936168, "conv2_weight_decay": 2.315075618614066e-06, "conv3_weight_decay": 0.17829299171176005, "dense1_weight_decay": 0.00030283708978285924, "dense2_weight_decay": 1.0388399762799523e-05, "1cycle_initial_lr_pct": 0.03905878777901734, "1cycle_final_lr_pct": 0.0005557763899509803, "1cycle_pct_warmup": 0.24783786775723574, "1cycle_max_lr": 0.012506540686659658, "1cycle_beta1_max_damping_factor": 0.06279649285038465, "1cycle_beta1_min_damping_factor_pct": 0.6910502237881386, "beta2_damping_factor": 0.07327569931311158, "conv1_channels": 17, "conv2_channels": 15, "conv3_channels": 144, "dense1_units": 27}