{"accuracy": 0.9771999716758728, "loss": 0.09934283792972565, "training_time": 16.792436361312866}