{"accuracy": 0.9876999855041504, "loss": 0.07947082817554474, "training_time": 13.274022579193115}