{"optimizer": "adam", "epochs": 34, "batch_size": 2894, "conv1_weight_decay": 4.2628958896637775e-07, "conv2_weight_decay": 0.00010394042555080683, "conv3_weight_decay": 0.001083506056204827, "dense1_weight_decay": 0.010410336338399433, "dense2_weight_decay": 7.4327999876438055e-06, "1cycle_initial_lr_pct": 0.0251826739155548, "1cycle_final_lr_pct": 0.0002376520225070883, "1cycle_pct_warmup": 0.48480278814895994, "1cycle_max_lr": 2.859100654199427, "1cycle_beta1_max_damping_factor": 0.24011822899336538, "1cycle_beta1_min_damping_factor_pct": 0.185614823506312, "beta2_damping_factor": 0.000318768326476649, "conv1_channels": 10, "conv2_channels": 24, "conv3_channels": 57, "dense1_units": 104}