{"optimizer": "sgd", "nesterov": false, "epochs": 4, "batch_size": 94, "conv1_weight_decay": 2.310483058805627e-07, "conv2_weight_decay": 3.1103924343359666e-07, "conv3_weight_decay": 0.09526220175200252, "dense1_weight_decay": 7.074802575153206e-07, "dense2_weight_decay": 3.297621663198119e-07, "1cycle_initial_lr_pct": 0.014929104236632997, "1cycle_final_lr_pct": 5.143220088860364e-05, "1cycle_pct_warmup": 0.04625828779302538, "1cycle_max_lr": 1.263405547753764, "1cycle_max_momentum": 0.3468981602867134, "1cycle_min_momentum_pct": 0.8808174831792712, "conv1_channels": 4, "conv2_channels": 68, "conv3_channels": 72, "dense1_units": 83}