{"accuracy": 0.11349999904632568, "loss": 2.301821708679199, "training_time": 14.997553586959839}