{"accuracy": 0.11349999904632568, "loss": 2.3014862537384033, "training_time": 15.338088274002075}