{"optimizer": "adam", "epochs": 4, "batch_size": 15, "conv1_weight_decay": 0.0005311103676902679, "conv2_weight_decay": 0.00041703219585403445, "conv3_weight_decay": 0.0002418485042032054, "dense1_weight_decay": 3.352079741157672e-05, "dense2_weight_decay": 6.16850381999399e-05, "1cycle_initial_lr_pct": 0.18049471282165652, "1cycle_final_lr_pct": 5.571267194655472e-05, "1cycle_pct_warmup": 0.07520512985996901, "1cycle_max_lr": 0.03128334172668649, "conv1_channels": 53, "conv2_channels": 9, "conv3_channels": 27, "dense1_units": 113}