{"optimizer": "sgd", "nesterov": true, "epochs": 26, "batch_size": 289, "conv1_weight_decay": 0.001090821066701879, "conv2_weight_decay": 0.007425377425682546, "conv3_weight_decay": 0.06860991284269878, "dense1_weight_decay": 0.0007631617125071843, "dense2_weight_decay": 2.5997965121798244e-06, "1cycle_initial_lr_pct": 0.16251833183944642, "1cycle_final_lr_pct": 0.00026502884317991884, "1cycle_pct_warmup": 0.26097939495894024, "1cycle_max_lr": 0.36139979320000926, "1cycle_momentum_max_damping_factor": 0.0007435699000869544, "1cycle_momentum_min_damping_factor_pct": 0.14123914591533548, "conv1_channels": 6, "conv2_channels": 7, "conv3_channels": 203, "dense1_units": 13}