{"optimizer": "sgd", "nesterov": false, "epochs": 4, "batch_size": 254, "conv1_weight_decay": 0.00111414194395107, "conv2_weight_decay": 9.9358344038185e-06, "conv3_weight_decay": 3.554635236399123e-07, "dense1_weight_decay": 2.7308368547824675e-07, "dense2_weight_decay": 3.4521831302520937e-06, "1cycle_initial_lr_pct": 0.24751541537752747, "1cycle_final_lr_pct": 0.0008142724164772381, "1cycle_pct_warmup": 0.32995383931323885, "1cycle_max_lr": 0.3450478722653463, "1cycle_max_momentum": 0.45708709278954196, "1cycle_min_momentum_pct": 0.6367190033197403, "conv1_channels": 34, "conv2_channels": 46, "conv3_channels": 227, "dense1_units": 154}