{"optimizer": "adam", "epochs": 29, "batch_size": 1080, "conv1_weight_decay": 0.0006924512410062107, "conv2_weight_decay": 1.5026193117598695e-06, "conv3_weight_decay": 2.5357088819923016e-05, "dense1_weight_decay": 0.08772948637239304, "dense2_weight_decay": 6.663386826898108e-05, "1cycle_initial_lr_pct": 0.4175436003450452, "1cycle_final_lr_pct": 0.0027735277289641907, "1cycle_pct_warmup": 0.017002504908641424, "1cycle_max_lr": 0.05873689596210781, "1cycle_beta1_max_damping_factor": 0.004612817357272913, "1cycle_beta1_min_damping_factor_pct": 0.12879227443008812, "beta2_damping_factor": 0.0015979712174831278, "conv1_channels": 4, "conv2_channels": 17, "conv3_channels": 88, "dense1_units": 37}