{"accuracy": 0.9894000291824341, "loss": 0.036245886236429214, "training_time": 21.53265118598938}