{"accuracy": 0.9807000160217285, "loss": 0.17427100241184235, "training_time": 13.626671075820923}