{"optimizer": "sgd", "nesterov": true, "epochs": 7, "batch_size": 566, "conv1_weight_decay": 2.4478137982347243e-05, "conv2_weight_decay": 1.3559182932866834e-05, "conv3_weight_decay": 0.011635188737071766, "dense1_weight_decay": 0.00028234048780636443, "dense2_weight_decay": 0.10836649708544939, "1cycle_initial_lr_pct": 0.26925597549917635, "1cycle_final_lr_pct": 4.708539955701489e-05, "1cycle_pct_warmup": 0.49349982521496716, "1cycle_max_lr": 0.1349158963168276, "1cycle_max_momentum": 0.314363560726773, "1cycle_min_momentum_pct": 0.31293916516005993, "conv1_channels": 57, "conv2_channels": 9, "conv3_channels": 195, "dense1_units": 18}