{"optimizer": "adam", "epochs": 55, "batch_size": 57, "conv1_weight_decay": 1.2356049183751752e-05, "conv2_weight_decay": 1.7528941760376926e-06, "conv3_weight_decay": 0.002564503002198321, "dense1_weight_decay": 0.00013311624905877877, "dense2_weight_decay": 0.020650322978550184, "1cycle_initial_lr_pct": 0.3330140722170031, "1cycle_final_lr_pct": 0.00016951421399681008, "1cycle_pct_warmup": 0.06275455417636376, "1cycle_max_lr": 0.017932011827112283, "1cycle_beta1_max_damping_factor": 0.0016714189231136062, "1cycle_beta1_min_damping_factor_pct": 0.9100571150804819, "beta2_damping_factor": 0.001428769622987808, "conv1_channels": 32, "conv2_channels": 125, "conv3_channels": 46, "dense1_units": 119}