{"accuracy": 0.9197999835014343, "loss": 0.5903056263923645, "training_time": 21.359345197677612}