{"optimizer": "adam", "epochs": 59, "batch_size": 90, "conv1_weight_decay": 0.1154441824032414, "conv2_weight_decay": 0.04039653524352123, "conv3_weight_decay": 1.8277814001513845e-06, "dense1_weight_decay": 5.700375688834923e-06, "dense2_weight_decay": 1.6523580715409513e-06, "1cycle_initial_lr_pct": 0.062319266365388364, "1cycle_final_lr_pct": 0.00032754704432052785, "1cycle_pct_warmup": 0.1702890434562162, "1cycle_max_lr": 16.317870467139485, "1cycle_beta1_max_damping_factor": 0.08030231247750425, "1cycle_beta1_min_damping_factor_pct": 0.20944178087707127, "beta2_damping_factor": 0.00012679394009681996, "conv1_channels": 4, "conv2_channels": 17, "conv3_channels": 46, "dense1_units": 244}