{"optimizer": "sgd", "nesterov": false, "epochs": 7, "batch_size": 3352, "conv1_weight_decay": 0.11200712559294543, "conv2_weight_decay": 0.0006999428691195519, "conv3_weight_decay": 5.229443976878715e-05, "dense1_weight_decay": 0.0019095095741466504, "dense2_weight_decay": 4.5187126511535093e-05, "1cycle_initial_lr_pct": 0.06025174444942189, "1cycle_final_lr_pct": 9.591681191838513e-05, "1cycle_pct_warmup": 0.18119492018595337, "1cycle_max_lr": 14.931836085970287, "1cycle_max_momentum": 0.2675385497454554, "1cycle_min_momentum_pct": 0.27296364214271307, "conv1_channels": 6, "conv2_channels": 79, "conv3_channels": 101, "dense1_units": 173}