{"optimizer": "adam", "epochs": 4, "batch_size": 1179, "conv1_weight_decay": 0.008360127812644894, "conv2_weight_decay": 7.73665101130339e-06, "conv3_weight_decay": 0.00013702160271926193, "dense1_weight_decay": 0.005179208520792515, "dense2_weight_decay": 3.538779683091641e-07, "1cycle_initial_lr_pct": 0.12513167311566017, "1cycle_final_lr_pct": 3.47172741259121e-05, "1cycle_pct_warmup": 0.19129595179110767, "1cycle_max_lr": 1.0241967630622426, "conv1_channels": 46, "conv2_channels": 124, "conv3_channels": 93, "dense1_units": 13}