{"optimizer": "sgd", "nesterov": true, "epochs": 15, "batch_size": 146, "conv1_weight_decay": 0.02356574167694941, "conv2_weight_decay": 1.0883007785772077e-06, "conv3_weight_decay": 6.588132931663145e-07, "dense1_weight_decay": 1.458276227355412e-05, "dense2_weight_decay": 6.821366605502314e-06, "1cycle_initial_lr_pct": 0.10310774475217402, "1cycle_final_lr_pct": 0.00015780995042481772, "1cycle_pct_warmup": 0.18488266239649914, "1cycle_max_lr": 0.5423397090957012, "1cycle_momentum_max_damping_factor": 0.7267638199549108, "1cycle_momentum_min_damping_factor_pct": 0.19663570705995798, "conv1_channels": 27, "conv2_channels": 7, "conv3_channels": 32, "dense1_units": 44}