{"accuracy": 0.11349999904632568, "loss": 2.340461015701294, "training_time": 26.676917791366577}