{"optimizer": "adam", "epochs": 34, "batch_size": 585, "conv1_weight_decay": 0.0003121103307635881, "conv2_weight_decay": 3.0385185323960935e-06, "conv3_weight_decay": 2.8391458716751263e-05, "dense1_weight_decay": 5.763233604822234e-05, "dense2_weight_decay": 1.3043553513511819e-06, "1cycle_initial_lr_pct": 0.3796021040181481, "1cycle_final_lr_pct": 0.0010420660996802603, "1cycle_pct_warmup": 0.17501515786665467, "1cycle_max_lr": 4.604056627037576, "1cycle_beta1_max_damping_factor": 0.3930770764364855, "1cycle_beta1_min_damping_factor_pct": 0.25849257387418956, "beta2_damping_factor": 0.19122033591169718, "conv1_channels": 4, "conv2_channels": 24, "conv3_channels": 72, "dense1_units": 23}