{"optimizer": "sgd", "nesterov": true, "epochs": 4, "batch_size": 36, "conv1_weight_decay": 0.0001823510778490745, "conv2_weight_decay": 2.1063773316528788e-05, "conv3_weight_decay": 3.2232087220359735e-06, "dense1_weight_decay": 0.0010128351471883562, "dense2_weight_decay": 0.00011936196139473491, "1cycle_initial_lr_pct": 0.2868691083444197, "1cycle_final_lr_pct": 0.006297396480016387, "1cycle_pct_warmup": 0.18574084007181227, "1cycle_max_lr": 3.284771788726124, "1cycle_max_momentum": 0.19967815519971774, "1cycle_min_momentum_pct": 0.9007884729653597, "conv1_channels": 4, "conv2_channels": 94, "conv3_channels": 19, "dense1_units": 195}