{"accuracy": 0.11349999904632568, "loss": 2.3018884658813477, "training_time": 19.8364679813385}