{"accuracy": 0.11349999904632568, "loss": 2.301384687423706, "training_time": 28.37475824356079}