{"optimizer": "adam", "epochs": 49, "batch_size": 230, "conv1_weight_decay": 1.2284515136083707e-07, "conv2_weight_decay": 0.00236415809636214, "conv3_weight_decay": 0.000480717236267008, "dense1_weight_decay": 0.11309554266836423, "dense2_weight_decay": 1.2210957546048295e-05, "1cycle_initial_lr_pct": 0.3920485133428656, "1cycle_final_lr_pct": 0.00476027487113828, "1cycle_pct_warmup": 0.22576495268382132, "1cycle_max_lr": 4.894378346321564, "conv1_channels": 9, "conv2_channels": 9, "conv3_channels": 171, "dense1_units": 32}