{"optimizer": "sgd", "nesterov": true, "epochs": 3, "batch_size": 1152, "conv1_weight_decay": 2.7721845794345177e-07, "conv2_weight_decay": 0.1296238533940957, "conv3_weight_decay": 0.14672407728807585, "dense1_weight_decay": 5.418954178639614e-07, "dense2_weight_decay": 1.6819247313046025e-07, "1cycle_initial_lr_pct": 0.2741794204787087, "1cycle_final_lr_pct": 0.0016660432667628155, "1cycle_pct_warmup": 0.07315225634784488, "1cycle_max_lr": 5.910067083456763, "1cycle_momentum_max_damping_factor": 0.0027451694338902198, "1cycle_momentum_min_damping_factor_pct": 0.25917445347963586, "conv1_channels": 46, "conv2_channels": 57, "conv3_channels": 57, "dense1_units": 101}