{"optimizer": "sgd", "nesterov": false, "epochs": 54, "batch_size": 125, "conv1_weight_decay": 9.251411357814715e-05, "conv2_weight_decay": 0.0001559174076008981, "conv3_weight_decay": 0.00010722684021381326, "dense1_weight_decay": 0.0009739384021807421, "dense2_weight_decay": 2.2213915022728855e-07, "1cycle_initial_lr_pct": 0.41151468041387834, "1cycle_final_lr_pct": 0.00013675958355648216, "1cycle_pct_warmup": 0.011469492604250738, "1cycle_max_lr": 4.105717374043821, "1cycle_momentum_max_damping_factor": 0.002639552534275557, "1cycle_momentum_min_damping_factor_pct": 0.3174144873782617, "conv1_channels": 9, "conv2_channels": 7, "conv3_channels": 213, "dense1_units": 27}