{"optimizer": "adam", "epochs": 6, "batch_size": 4050, "conv1_weight_decay": 5.8573613097675896e-05, "conv2_weight_decay": 5.973200662397952e-07, "conv3_weight_decay": 1.3646820089574083e-06, "dense1_weight_decay": 3.394600618673829e-05, "dense2_weight_decay": 1.637346314542463e-05, "1cycle_initial_lr_pct": 0.2449504939768253, "1cycle_final_lr_pct": 0.00019494870829554514, "1cycle_pct_warmup": 0.29598260098136964, "1cycle_max_lr": 3.6615440109789152, "conv1_channels": 4, "conv2_channels": 21, "conv3_channels": 245, "dense1_units": 101}