{"optimizer": "adam", "epochs": 4, "batch_size": 167, "conv1_weight_decay": 0.005662711920326809, "conv2_weight_decay": 0.033291474349880154, "conv3_weight_decay": 4.786735491791155e-05, "dense1_weight_decay": 5.2517184792493535e-05, "dense2_weight_decay": 0.083746086395457, "1cycle_initial_lr_pct": 0.015573056401301168, "1cycle_final_lr_pct": 0.000661885327774993, "1cycle_pct_warmup": 0.4454163849633187, "1cycle_max_lr": 0.028145303595913763, "conv1_channels": 4, "conv2_channels": 23, "conv3_channels": 219, "dense1_units": 40}