{"optimizer": "sgd", "nesterov": true, "epochs": 15, "batch_size": 1454, "conv1_weight_decay": 0.0012604370228599746, "conv2_weight_decay": 0.0006998405222503327, "conv3_weight_decay": 1.874300974833645e-06, "dense1_weight_decay": 0.0005438832931885868, "dense2_weight_decay": 0.026717313175653054, "1cycle_initial_lr_pct": 0.02585800745675741, "1cycle_final_lr_pct": 0.003225452469941635, "1cycle_pct_warmup": 0.053369965784445667, "1cycle_max_lr": 0.42029543763181904, "1cycle_momentum_max_damping_factor": 0.0002471577363863292, "1cycle_momentum_min_damping_factor_pct": 0.24275030382104862, "conv1_channels": 62, "conv2_channels": 113, "conv3_channels": 19, "dense1_units": 19}