{"accuracy": 0.9865000247955322, "loss": 0.16834485530853271, "training_time": 8.968452215194702}