{"optimizer": "sgd", "nesterov": true, "epochs": 12, "batch_size": 309, "conv1_weight_decay": 0.014943325780731043, "conv2_weight_decay": 0.06641911450728356, "conv3_weight_decay": 0.0032824802759746667, "dense1_weight_decay": 8.230925309831517e-05, "dense2_weight_decay": 6.278867834411221e-06, "1cycle_initial_lr_pct": 0.19401656778335452, "1cycle_final_lr_pct": 0.004070056220802015, "1cycle_pct_warmup": 0.04192064795182131, "1cycle_max_lr": 15.53039214604386, "1cycle_momentum_max_damping_factor": 0.0003321529262069917, "1cycle_momentum_min_damping_factor_pct": 0.6250632074826057, "conv1_channels": 24, "conv2_channels": 69, "conv3_channels": 63, "dense1_units": 30}