{"optimizer": "adam", "epochs": 3, "batch_size": 18, "conv1_weight_decay": 0.034267216871218885, "conv2_weight_decay": 0.00510796025201087, "conv3_weight_decay": 0.019381800687641153, "dense1_weight_decay": 0.0001948137014238073, "dense2_weight_decay": 4.4639167410286273e-07, "1cycle_initial_lr_pct": 0.1765020169905043, "1cycle_final_lr_pct": 0.0008781858682181136, "1cycle_pct_warmup": 0.38841435611248015, "1cycle_max_lr": 17.571002009637287, "conv1_channels": 12, "conv2_channels": 81, "conv3_channels": 237, "dense1_units": 12}