{"accuracy": 0.09740000218153, "loss": 20.0, "training_time": 39.82905602455139}