{"optimizer": "sgd", "nesterov": true, "epochs": 6, "batch_size": 32, "conv1_weight_decay": 0.0001341118164928865, "conv2_weight_decay": 0.15703576976414502, "conv3_weight_decay": 1.12662208875984e-06, "dense1_weight_decay": 1.3848405891466257e-06, "dense2_weight_decay": 1.7460358271619166e-06, "1cycle_initial_lr_pct": 0.11656333374049967, "1cycle_final_lr_pct": 0.0004375297714415059, "1cycle_pct_warmup": 0.018118887617468646, "1cycle_max_lr": 0.6241982569749792, "1cycle_momentum_max_damping_factor": 0.00014725442587961652, "1cycle_momentum_min_damping_factor_pct": 0.3853520044215567, "conv1_channels": 17, "conv2_channels": 118, "conv3_channels": 76, "dense1_units": 69}