{"optimizer": "adam", "epochs": 18, "batch_size": 902, "conv1_weight_decay": 3.451628425768924e-05, "conv2_weight_decay": 0.002190189245165267, "conv3_weight_decay": 0.00010836619262306096, "dense1_weight_decay": 0.0078992937085189, "dense2_weight_decay": 4.678225757475137e-05, "1cycle_initial_lr_pct": 0.1086033032091331, "1cycle_final_lr_pct": 0.00011390750522936044, "1cycle_pct_warmup": 0.3224811580590904, "1cycle_max_lr": 0.8364684323887323, "conv1_channels": 22, "conv2_channels": 104, "conv3_channels": 85, "dense1_units": 7}