{"accuracy": 0.11349999904632568, "loss": 17.24417495727539, "training_time": 41.95445156097412}