{"optimizer": "sgd", "nesterov": true, "epochs": 27, "batch_size": 3135, "conv1_weight_decay": 2.6021489223342545e-05, "conv2_weight_decay": 1.1624473033033473e-06, "conv3_weight_decay": 8.894735769204342e-07, "dense1_weight_decay": 2.101903858758098e-06, "dense2_weight_decay": 0.21202630305257403, "1cycle_initial_lr_pct": 0.03153781867252017, "1cycle_final_lr_pct": 0.0002488831052600438, "1cycle_pct_warmup": 0.06343073699623346, "1cycle_max_lr": 0.3215722526972739, "1cycle_max_momentum": 0.13991593489274382, "1cycle_min_momentum_pct": 0.3934232881292701, "conv1_channels": 18, "conv2_channels": 24, "conv3_channels": 56, "dense1_units": 57}