{"optimizer": "adam", "epochs": 2, "batch_size": 103, "conv1_weight_decay": 1.3012466842279747e-05, "conv2_weight_decay": 1.8442664618089883e-05, "conv3_weight_decay": 0.00013070467427300043, "dense1_weight_decay": 0.022636009013961966, "dense2_weight_decay": 0.014080834209064197, "1cycle_initial_lr_pct": 0.033484731202667324, "1cycle_final_lr_pct": 7.471727381470939e-05, "1cycle_pct_warmup": 0.39299397138235154, "1cycle_max_lr": 0.05326378722771204, "1cycle_beta1_max_damping_factor": 0.00021485282442143286, "1cycle_beta1_min_damping_factor_pct": 0.47169932760503086, "beta2_damping_factor": 0.01012664848303849, "conv1_channels": 11, "conv2_channels": 23, "conv3_channels": 18, "dense1_units": 59}