{"accuracy": 0.8159000277519226, "loss": 0.7349000573158264, "training_time": 21.41547179222107}