{"accuracy": 0.9531999826431274, "loss": 2.276840925216675, "training_time": 7.36907696723938}