{"optimizer": "adam", "epochs": 2, "batch_size": 259, "conv1_weight_decay": 0.002019064412421517, "conv2_weight_decay": 3.1984074889613246e-05, "conv3_weight_decay": 0.0025718572093458227, "dense1_weight_decay": 2.939660365140516e-06, "dense2_weight_decay": 9.156256989849555e-06, "1cycle_initial_lr_pct": 0.01708445240911201, "1cycle_final_lr_pct": 0.00010344208996316875, "1cycle_pct_warmup": 0.12469282109290361, "1cycle_max_lr": 0.3830218510763025, "conv1_channels": 21, "conv2_channels": 48, "conv3_channels": 97, "dense1_units": 11}