{"optimizer": "sgd", "nesterov": true, "epochs": 24, "batch_size": 27, "conv1_weight_decay": 0.0037578998630400343, "conv2_weight_decay": 3.405378076676973e-07, "conv3_weight_decay": 0.03816428876256534, "dense1_weight_decay": 0.03842756668744139, "dense2_weight_decay": 4.2148663482683234e-07, "1cycle_initial_lr_pct": 0.020492819560184384, "1cycle_final_lr_pct": 0.0004761062132962792, "1cycle_pct_warmup": 0.20908351802034064, "1cycle_max_lr": 0.049694080604483985, "1cycle_momentum_max_damping_factor": 0.0001835964308123729, "1cycle_momentum_min_damping_factor_pct": 0.2566487256797528, "conv1_channels": 19, "conv2_channels": 65, "conv3_channels": 63, "dense1_units": 202}