{"accuracy": 0.11349999904632568, "loss": 2.5564088821411133, "training_time": 6.104303359985352}