{"optimizer": "adam", "epochs": 17, "batch_size": 1742, "conv1_weight_decay": 4.4001397006316005e-07, "conv2_weight_decay": 0.031524748502777276, "conv3_weight_decay": 4.4577216263862704e-05, "dense1_weight_decay": 0.004403499136758228, "dense2_weight_decay": 0.0024576523000539446, "1cycle_initial_lr_pct": 0.2095651862743237, "1cycle_final_lr_pct": 0.00019917705494469051, "1cycle_pct_warmup": 0.013498378708240276, "1cycle_max_lr": 11.385720721373804, "1cycle_beta1_max_damping_factor": 0.0021373666300249115, "1cycle_beta1_min_damping_factor_pct": 0.2772367412458555, "beta2_damping_factor": 0.01147261671699131, "conv1_channels": 10, "conv2_channels": 114, "conv3_channels": 141, "dense1_units": 29}