{"optimizer": "sgd", "nesterov": true, "epochs": 2, "batch_size": 127, "conv1_weight_decay": 2.517602678738858e-07, "conv2_weight_decay": 0.0004933617871588924, "conv3_weight_decay": 2.3881533200948405e-06, "dense1_weight_decay": 1.1874795714085041e-05, "dense2_weight_decay": 0.0006044276348191536, "1cycle_initial_lr_pct": 0.41832908118064527, "1cycle_final_lr_pct": 5.865949636224598e-05, "1cycle_pct_warmup": 0.25546089693903923, "1cycle_max_lr": 10.449072846741313, "1cycle_max_momentum": 0.9356311320559122, "1cycle_min_momentum_pct": 0.05206248164176941, "conv1_channels": 59, "conv2_channels": 126, "conv3_channels": 56, "dense1_units": 76}