{"optimizer": "adam", "epochs": 4, "batch_size": 2199, "conv1_weight_decay": 4.784301120266287e-07, "conv2_weight_decay": 7.331863803997233e-07, "conv3_weight_decay": 0.02783718876048355, "dense1_weight_decay": 5.156177447890703e-05, "dense2_weight_decay": 7.860325377211856e-06, "1cycle_initial_lr_pct": 0.04092448133456185, "1cycle_final_lr_pct": 5.7007759773366764e-05, "1cycle_pct_warmup": 0.03450380904600024, "1cycle_max_lr": 0.8004329237318402, "conv1_channels": 23, "conv2_channels": 15, "conv3_channels": 19, "dense1_units": 90}