{"optimizer": "sgd", "nesterov": true, "epochs": 31, "batch_size": 72, "conv1_weight_decay": 1.6326754575296784e-07, "conv2_weight_decay": 1.6704170481157723e-05, "conv3_weight_decay": 0.0037860289220351833, "dense1_weight_decay": 0.0005357451717066414, "dense2_weight_decay": 6.072939528765564e-07, "1cycle_initial_lr_pct": 0.04827407647152241, "1cycle_final_lr_pct": 0.00020366560244840866, "1cycle_pct_warmup": 0.3523632003939984, "1cycle_max_lr": 0.6394956166156957, "1cycle_momentum_max_damping_factor": 0.13714071658737687, "1cycle_momentum_min_damping_factor_pct": 0.7480899128068887, "conv1_channels": 7, "conv2_channels": 97, "conv3_channels": 131, "dense1_units": 9}