{"accuracy": 0.11349999904632568, "loss": 10.217174530029297, "training_time": 6.085162878036499}