{"optimizer": "adam", "epochs": 6, "batch_size": 521, "conv1_weight_decay": 5.260936839164828e-06, "conv2_weight_decay": 0.012508968173883616, "conv3_weight_decay": 4.7362005943634016e-07, "dense1_weight_decay": 5.156389119771079e-07, "dense2_weight_decay": 1.2464523179374575e-05, "1cycle_initial_lr_pct": 0.08838280205093474, "1cycle_final_lr_pct": 0.0037740136790983757, "1cycle_pct_warmup": 0.3905311676673591, "1cycle_max_lr": 0.6150279341354349, "conv1_channels": 4, "conv2_channels": 7, "conv3_channels": 131, "dense1_units": 9}