{"optimizer": "sgd", "nesterov": true, "epochs": 34, "batch_size": 57, "conv1_weight_decay": 7.118684939648672e-06, "conv2_weight_decay": 0.00026301063224688694, "conv3_weight_decay": 1.4081479391214194e-05, "dense1_weight_decay": 0.06868257519457854, "dense2_weight_decay": 1.6229967589658356e-07, "1cycle_initial_lr_pct": 0.0804422708722175, "1cycle_final_lr_pct": 0.0013905729555487131, "1cycle_pct_warmup": 0.0422230630315796, "1cycle_max_lr": 1.05566155682752, "1cycle_momentum_max_damping_factor": 0.07834978637411154, "1cycle_momentum_min_damping_factor_pct": 0.2666408369904013, "conv1_channels": 15, "conv2_channels": 24, "conv3_channels": 103, "dense1_units": 181}