{"accuracy": 0.11349999904632568, "loss": 2.302189826965332, "training_time": 6.659963130950928}