{"optimizer": "adam", "epochs": 23, "batch_size": 542, "conv1_weight_decay": 1.7040267846290485e-05, "conv2_weight_decay": 1.7531532823251523e-07, "conv3_weight_decay": 0.0002871672040906913, "dense1_weight_decay": 0.00826691924928997, "dense2_weight_decay": 0.005428546449875767, "1cycle_initial_lr_pct": 0.019635533993697947, "1cycle_final_lr_pct": 0.0013599410906421977, "1cycle_pct_warmup": 0.12441143623419898, "1cycle_max_lr": 18.777782746803723, "1cycle_beta1_max_damping_factor": 0.007918295636871445, "1cycle_beta1_min_damping_factor_pct": 0.11075062134598826, "beta2_damping_factor": 0.0001403808506232001, "conv1_channels": 18, "conv2_channels": 30, "conv3_channels": 98, "dense1_units": 54}