{"optimizer": "sgd", "nesterov": true, "epochs": 2, "batch_size": 34, "conv1_weight_decay": 1.121138316847179e-05, "conv2_weight_decay": 0.00012721345131542488, "conv3_weight_decay": 0.23701585853173177, "dense1_weight_decay": 9.653535520165506e-07, "dense2_weight_decay": 0.00037599183419934187, "1cycle_initial_lr_pct": 0.02174596137293783, "1cycle_final_lr_pct": 0.0038391783762926446, "1cycle_pct_warmup": 0.15210450828075409, "1cycle_max_lr": 13.598822103975563, "1cycle_max_momentum": 0.6855428666188381, "1cycle_min_momentum_pct": 0.9523471789434552, "conv1_channels": 10, "conv2_channels": 57, "conv3_channels": 93, "dense1_units": 12}