{"optimizer": "adam", "epochs": 2, "batch_size": 2298, "conv1_weight_decay": 0.0138795741191672, "conv2_weight_decay": 1.213995406538333e-07, "conv3_weight_decay": 3.8975158927976265e-07, "dense1_weight_decay": 0.022495972691951045, "dense2_weight_decay": 0.006504091230768875, "1cycle_initial_lr_pct": 0.15190999226551058, "1cycle_final_lr_pct": 7.796623982134967e-05, "1cycle_pct_warmup": 0.06577349058352411, "1cycle_max_lr": 1.2905659154244604, "conv1_channels": 54, "conv2_channels": 9, "conv3_channels": 106, "dense1_units": 18}