{"optimizer": "sgd", "nesterov": true, "epochs": 17, "batch_size": 66, "conv1_weight_decay": 0.03329380268525305, "conv2_weight_decay": 3.56822230350198e-05, "conv3_weight_decay": 2.210781498509915e-05, "dense1_weight_decay": 3.3262827178829553e-06, "dense2_weight_decay": 0.00030582085216934984, "1cycle_initial_lr_pct": 0.154383037619509, "1cycle_final_lr_pct": 0.0003847500419362978, "1cycle_pct_warmup": 0.4336462719390124, "1cycle_max_lr": 2.9398682089903323, "1cycle_momentum_max_damping_factor": 0.000430847508423353, "1cycle_momentum_min_damping_factor_pct": 0.5703413329003842, "conv1_channels": 33, "conv2_channels": 118, "conv3_channels": 199, "dense1_units": 121}