{"optimizer": "sgd", "nesterov": true, "epochs": 59, "batch_size": 192, "conv1_weight_decay": 0.00019448878154565717, "conv2_weight_decay": 8.904379112468901e-07, "conv3_weight_decay": 0.02621025524381959, "dense1_weight_decay": 7.444331936296607e-07, "dense2_weight_decay": 5.75266790967413e-05, "1cycle_initial_lr_pct": 0.03751316497329556, "1cycle_final_lr_pct": 0.0023249581597232535, "1cycle_pct_warmup": 0.3710428766347468, "1cycle_max_lr": 7.834831370739625, "1cycle_max_momentum": 0.2526779716797173, "1cycle_min_momentum_pct": 0.8210710464045405, "conv1_channels": 13, "conv2_channels": 33, "conv3_channels": 72, "dense1_units": 17}