{"optimizer": "adam", "epochs": 4, "batch_size": 1316, "conv1_weight_decay": 0.0003317134215492889, "conv2_weight_decay": 1.204018720194046e-05, "conv3_weight_decay": 0.0039367659385516835, "dense1_weight_decay": 0.01008555931284083, "dense2_weight_decay": 2.2550241493905616e-06, "1cycle_initial_lr_pct": 0.036992176761661395, "1cycle_final_lr_pct": 0.00805037499233964, "1cycle_pct_warmup": 0.021888908794680292, "1cycle_max_lr": 9.098999427003697, "1cycle_beta1_max_damping_factor": 0.049709965005194784, "1cycle_beta1_min_damping_factor_pct": 0.15455034865440226, "beta2_damping_factor": 0.0003566981921564732, "conv1_channels": 27, "conv2_channels": 115, "conv3_channels": 242, "dense1_units": 11}