{"optimizer": "sgd", "nesterov": true, "epochs": 4, "batch_size": 19, "conv1_weight_decay": 2.7410364433963854e-07, "conv2_weight_decay": 1.4393165354446148e-07, "conv3_weight_decay": 0.008142066534994101, "dense1_weight_decay": 0.0026746028053221205, "dense2_weight_decay": 1.1313103281900608e-05, "1cycle_initial_lr_pct": 0.01820491293303814, "1cycle_final_lr_pct": 0.00047405368339048303, "1cycle_pct_warmup": 0.4656177659332752, "1cycle_max_lr": 0.019543129406289876, "1cycle_max_momentum": 0.12024786527501419, "1cycle_min_momentum_pct": 0.6441550040617585, "conv1_channels": 41, "conv2_channels": 34, "conv3_channels": 48, "dense1_units": 64}