{"optimizer": "adam", "epochs": 27, "batch_size": 326, "conv1_weight_decay": 1.353336259629905e-07, "conv2_weight_decay": 3.2259691968309235e-05, "conv3_weight_decay": 0.0011530035520581612, "dense1_weight_decay": 4.598544629071628e-06, "dense2_weight_decay": 1.8417065155038331e-07, "1cycle_initial_lr_pct": 0.0246115828838982, "1cycle_final_lr_pct": 3.713656682504871e-05, "1cycle_pct_warmup": 0.046138272355542444, "1cycle_max_lr": 0.0936828003854168, "1cycle_beta1_max_damping_factor": 0.0026148949236971036, "1cycle_beta1_min_damping_factor_pct": 0.15602001361766196, "beta2_damping_factor": 0.013099972819069357, "conv1_channels": 13, "conv2_channels": 15, "conv3_channels": 48, "dense1_units": 46}