{"accuracy": 0.9284999966621399, "loss": 1.9803601503372192, "training_time": 24.471770524978638}