{"optimizer": "sgd", "nesterov": false, "epochs": 57, "batch_size": 85, "conv1_weight_decay": 0.29927065782287876, "conv2_weight_decay": 1.114184540205363e-05, "conv3_weight_decay": 4.516001058993105e-06, "dense1_weight_decay": 5.443449796868477e-06, "dense2_weight_decay": 0.03671111253759242, "1cycle_initial_lr_pct": 0.32914023552514815, "1cycle_final_lr_pct": 0.003293009811903384, "1cycle_pct_warmup": 0.20631237773224712, "1cycle_max_lr": 0.6675200319368214, "1cycle_max_momentum": 0.22427580986162649, "1cycle_min_momentum_pct": 0.4811738096177578, "conv1_channels": 41, "conv2_channels": 29, "conv3_channels": 48, "dense1_units": 24}