{"optimizer": "adam", "epochs": 4, "batch_size": 3426, "conv1_weight_decay": 0.19273691388974395, "conv2_weight_decay": 2.5825858687884005e-06, "conv3_weight_decay": 1.82908811732296e-07, "dense1_weight_decay": 0.001303456757430791, "dense2_weight_decay": 0.07210066426390209, "1cycle_initial_lr_pct": 0.28466162013742874, "1cycle_final_lr_pct": 0.0016875859205248867, "1cycle_pct_warmup": 0.10668099220109704, "1cycle_max_lr": 0.9909619367407319, "1cycle_beta1_max_damping_factor": 0.002650701746639126, "1cycle_beta1_min_damping_factor_pct": 0.5103131988771473, "beta2_damping_factor": 0.01786459345134791, "conv1_channels": 40, "conv2_channels": 98, "conv3_channels": 62, "dense1_units": 7}