{"optimizer": "adam", "epochs": 6, "batch_size": 295, "conv1_weight_decay": 0.00013544236191169944, "conv2_weight_decay": 4.787311985584526e-06, "conv3_weight_decay": 6.124391883524289e-05, "dense1_weight_decay": 0.00020270625871659812, "dense2_weight_decay": 0.0048989723581977975, "1cycle_initial_lr_pct": 0.36786253019337883, "1cycle_final_lr_pct": 4.442790295893791e-05, "1cycle_pct_warmup": 0.09042870861478149, "1cycle_max_lr": 0.09238894826680231, "conv1_channels": 41, "conv2_channels": 108, "conv3_channels": 21, "dense1_units": 192}