{"optimizer": "sgd", "nesterov": true, "epochs": 32, "batch_size": 31, "conv1_weight_decay": 4.0295587847358755e-05, "conv2_weight_decay": 9.257768224593669e-07, "conv3_weight_decay": 2.1626586382168414e-06, "dense1_weight_decay": 8.607844297203885e-05, "dense2_weight_decay": 0.00042786529434440463, "1cycle_initial_lr_pct": 0.25758943312063326, "1cycle_final_lr_pct": 0.0001799240996079564, "1cycle_pct_warmup": 0.2766787369846482, "1cycle_max_lr": 0.012162945786875308, "1cycle_momentum_max_damping_factor": 0.5774536982503147, "1cycle_momentum_min_damping_factor_pct": 0.2913414260262446, "conv1_channels": 4, "conv2_channels": 78, "conv3_channels": 38, "dense1_units": 13}