{"accuracy": 0.9308000206947327, "loss": 0.28178831934928894, "training_time": 21.466801404953003}