{"optimizer": "adam", "epochs": 13, "batch_size": 19, "conv1_weight_decay": 1.2681496830447047e-05, "conv2_weight_decay": 0.001071467850687442, "conv3_weight_decay": 1.842668064121944e-05, "dense1_weight_decay": 1.8699582490318044e-07, "dense2_weight_decay": 2.377260925980542e-06, "1cycle_initial_lr_pct": 0.015962006700657172, "1cycle_final_lr_pct": 0.00014160738449963818, "1cycle_pct_warmup": 0.09960565801685728, "1cycle_max_lr": 0.06852173566407412, "1cycle_beta1_max_damping_factor": 0.18030970617085715, "1cycle_beta1_min_damping_factor_pct": 0.5628331846922612, "beta2_damping_factor": 0.1952705009313543, "conv1_channels": 37, "conv2_channels": 26, "conv3_channels": 175, "dense1_units": 11}