{"optimizer": "sgd", "nesterov": false, "epochs": 3, "batch_size": 404, "conv1_weight_decay": 2.674547173380847e-05, "conv2_weight_decay": 0.02720365768615712, "conv3_weight_decay": 2.863951743954337e-07, "dense1_weight_decay": 0.188644197598722, "dense2_weight_decay": 6.643688590806139e-05, "1cycle_initial_lr_pct": 0.023152816563516962, "1cycle_final_lr_pct": 3.781662661969287e-05, "1cycle_pct_warmup": 0.22119234830141069, "1cycle_max_lr": 0.02546512535009188, "1cycle_max_momentum": 0.9028485945194028, "1cycle_min_momentum_pct": 0.7351446943357587, "conv1_channels": 4, "conv2_channels": 13, "conv3_channels": 19, "dense1_units": 21}