{"accuracy": 0.8939999938011169, "loss": 0.5602778792381287, "training_time": 5.188167095184326}