{"optimizer": "adam", "epochs": 13, "batch_size": 183, "conv1_weight_decay": 7.647779975731092e-06, "conv2_weight_decay": 0.0007817669593392565, "conv3_weight_decay": 0.009517494799532749, "dense1_weight_decay": 2.3332086283402814e-07, "dense2_weight_decay": 8.926842560848258e-07, "1cycle_initial_lr_pct": 0.3240799613470715, "1cycle_final_lr_pct": 0.00025566342384257475, "1cycle_pct_warmup": 0.29922418409958484, "1cycle_max_lr": 0.014870143649348489, "conv1_channels": 36, "conv2_channels": 83, "conv3_channels": 18, "dense1_units": 48}