{"optimizer": "sgd", "nesterov": true, "epochs": 10, "batch_size": 1218, "conv1_weight_decay": 4.838159882256054e-06, "conv2_weight_decay": 0.027557238539738575, "conv3_weight_decay": 0.001721549931100656, "dense1_weight_decay": 0.18084634087312515, "dense2_weight_decay": 0.0001090725545279141, "1cycle_initial_lr_pct": 0.289211583384071, "1cycle_final_lr_pct": 7.640112074811295e-05, "1cycle_pct_warmup": 0.01174407452485052, "1cycle_max_lr": 0.14193844756158155, "1cycle_momentum_max_damping_factor": 0.001462233788305594, "1cycle_momentum_min_damping_factor_pct": 0.32859564074694825, "conv1_channels": 13, "conv2_channels": 27, "conv3_channels": 22, "dense1_units": 255}