{"accuracy": 0.9900000095367432, "loss": 0.04898325726389885, "training_time": 41.90120530128479}