{"optimizer": "adam", "epochs": 7, "batch_size": 538, "conv1_weight_decay": 0.01015181510683535, "conv2_weight_decay": 2.801535809791343e-05, "conv3_weight_decay": 0.04322583910296301, "dense1_weight_decay": 0.0018285747902688728, "dense2_weight_decay": 1.426142634899734e-07, "1cycle_initial_lr_pct": 0.04481525419528073, "1cycle_final_lr_pct": 6.818501718755044e-05, "1cycle_pct_warmup": 0.01682479826400047, "1cycle_max_lr": 1.1554005551048074, "1cycle_beta1_max_damping_factor": 0.15034281141103514, "1cycle_beta1_min_damping_factor_pct": 0.7901001009729502, "beta2_damping_factor": 0.00011869811639498795, "conv1_channels": 4, "conv2_channels": 9, "conv3_channels": 64, "dense1_units": 31}