{"optimizer": "sgd", "nesterov": false, "epochs": 12, "batch_size": 34, "conv1_weight_decay": 0.027662991004414623, "conv2_weight_decay": 1.393156273299482e-07, "conv3_weight_decay": 0.002409564030182036, "dense1_weight_decay": 8.78077972739154e-06, "dense2_weight_decay": 2.6359412979219682e-05, "1cycle_initial_lr_pct": 0.042508061833806905, "1cycle_final_lr_pct": 0.00027703750023823684, "1cycle_pct_warmup": 0.33152729822322724, "1cycle_max_lr": 0.5983923043902597, "1cycle_max_momentum": 0.07009290817994625, "1cycle_min_momentum_pct": 0.024695349857211113, "conv1_channels": 4, "conv2_channels": 10, "conv3_channels": 100, "dense1_units": 191}