{"accuracy": 0.11349999904632568, "loss": 2.3015828132629395, "training_time": 6.6212546825408936}