{"optimizer": "adam", "epochs": 11, "batch_size": 130, "conv1_weight_decay": 0.0015694931858087956, "conv2_weight_decay": 0.0030334571155022773, "conv3_weight_decay": 0.0020009948918187095, "dense1_weight_decay": 1.7661074649525638e-05, "dense2_weight_decay": 0.005636549054466952, "1cycle_initial_lr_pct": 0.09427126564737448, "1cycle_final_lr_pct": 0.0020009758496527374, "1cycle_pct_warmup": 0.48650536752305923, "1cycle_max_lr": 2.2199181784900617, "conv1_channels": 26, "conv2_channels": 15, "conv3_channels": 70, "dense1_units": 65}