{"optimizer": "sgd", "nesterov": false, "epochs": 6, "batch_size": 1764, "conv1_weight_decay": 0.006799520814955812, "conv2_weight_decay": 0.08973593304572841, "conv3_weight_decay": 0.030645789388990114, "dense1_weight_decay": 0.005882456519873604, "dense2_weight_decay": 0.00036120552178188253, "1cycle_initial_lr_pct": 0.09166095089011779, "1cycle_final_lr_pct": 0.009356418253753293, "1cycle_pct_warmup": 0.0669590201626614, "1cycle_max_lr": 1.2714278314000238, "1cycle_momentum_max_damping_factor": 0.0005318346802962547, "1cycle_momentum_min_damping_factor_pct": 0.1434308924076478, "conv1_channels": 12, "conv2_channels": 17, "conv3_channels": 56, "dense1_units": 13}