{"accuracy": 0.11349999904632568, "loss": 2.305241346359253, "training_time": 30.680171728134155}