{"optimizer": "sgd", "nesterov": true, "epochs": 4, "batch_size": 15, "conv1_weight_decay": 1.3606727681472155e-05, "conv2_weight_decay": 1.4977343731225678e-05, "conv3_weight_decay": 7.3418081271286746e-06, "dense1_weight_decay": 0.004608342606334509, "dense2_weight_decay": 0.004208227963018552, "1cycle_initial_lr_pct": 0.23043281632616933, "1cycle_final_lr_pct": 0.0011604800474392326, "1cycle_pct_warmup": 0.11867644842675927, "1cycle_max_lr": 0.016719614643266136, "1cycle_momentum_max_damping_factor": 0.0011257734671862264, "1cycle_momentum_min_damping_factor_pct": 0.3588696293112407, "conv1_channels": 4, "conv2_channels": 15, "conv3_channels": 57, "dense1_units": 24}