{"optimizer": "adam", "epochs": 19, "batch_size": 471, "conv1_weight_decay": 2.0719862355211737e-05, "conv2_weight_decay": 6.684385293909706e-07, "conv3_weight_decay": 1.2192108674485107e-07, "dense1_weight_decay": 2.536716885672282e-05, "dense2_weight_decay": 0.0001947400895520243, "1cycle_initial_lr_pct": 0.46543957122401297, "1cycle_final_lr_pct": 0.006924811141181109, "1cycle_pct_warmup": 0.16224702876992525, "1cycle_max_lr": 0.1259018979096144, "conv1_channels": 9, "conv2_channels": 10, "conv3_channels": 33, "dense1_units": 176}