{"accuracy": 0.11349999904632568, "loss": 2.3013572692871094, "training_time": 14.829034566879272}