{"optimizer": "sgd", "nesterov": false, "epochs": 2, "batch_size": 323, "conv1_weight_decay": 0.0013021183755163456, "conv2_weight_decay": 1.1362924340393198e-05, "conv3_weight_decay": 2.6809945207675e-07, "dense1_weight_decay": 7.781739376990291e-06, "dense2_weight_decay": 1.252022392098291e-06, "1cycle_initial_lr_pct": 0.05506673827874742, "1cycle_final_lr_pct": 0.0014678166177526065, "1cycle_pct_warmup": 0.01196737585652107, "1cycle_max_lr": 0.011747832022106344, "1cycle_momentum_max_damping_factor": 0.022582934062490085, "1cycle_momentum_min_damping_factor_pct": 0.9796543447931335, "conv1_channels": 9, "conv2_channels": 127, "conv3_channels": 179, "dense1_units": 119}