{"optimizer": "adam", "epochs": 34, "batch_size": 19, "conv1_weight_decay": 0.005469530733796494, "conv2_weight_decay": 9.461991630580453e-07, "conv3_weight_decay": 2.442435271344364e-05, "dense1_weight_decay": 0.0017594632546321322, "dense2_weight_decay": 0.0001694130869227543, "1cycle_initial_lr_pct": 0.05415239253901174, "1cycle_final_lr_pct": 0.004258818851701127, "1cycle_pct_warmup": 0.2986046738084406, "1cycle_max_lr": 0.08806360755391486, "conv1_channels": 15, "conv2_channels": 13, "conv3_channels": 85, "dense1_units": 70}