{"accuracy": 0.9750999808311462, "loss": 0.09202659130096436, "training_time": 5.718458890914917}