{"optimizer": "adam", "epochs": 13, "batch_size": 33, "conv1_weight_decay": 0.22493966674796642, "conv2_weight_decay": 1.9349915735473596e-05, "conv3_weight_decay": 4.1593271151989276e-05, "dense1_weight_decay": 1.6249600547776851e-06, "dense2_weight_decay": 0.0014083979742582976, "1cycle_initial_lr_pct": 0.04557301720605125, "1cycle_final_lr_pct": 0.000523690714630513, "1cycle_pct_warmup": 0.10750169447623192, "1cycle_max_lr": 1.6930248183191063, "conv1_channels": 4, "conv2_channels": 7, "conv3_channels": 43, "dense1_units": 13}