{"optimizer": "sgd", "nesterov": false, "epochs": 11, "batch_size": 546, "conv1_weight_decay": 0.29378286561836947, "conv2_weight_decay": 3.2443566825973505e-06, "conv3_weight_decay": 2.734082588969418e-06, "dense1_weight_decay": 0.012408199425922984, "dense2_weight_decay": 0.0007985658009592286, "1cycle_initial_lr_pct": 0.043601840530924814, "1cycle_final_lr_pct": 4.2872096011449115e-05, "1cycle_pct_warmup": 0.22317842953735573, "1cycle_max_lr": 2.0841448016499546, "1cycle_momentum_max_damping_factor": 0.003107483228819361, "1cycle_momentum_min_damping_factor_pct": 0.4019543954056766, "conv1_channels": 26, "conv2_channels": 68, "conv3_channels": 21, "dense1_units": 114}