{"accuracy": 0.11349999904632568, "loss": 4.1709747314453125, "training_time": 14.015978813171387}