{"optimizer": "adam", "epochs": 48, "batch_size": 1309, "conv1_weight_decay": 3.8100911256538047e-07, "conv2_weight_decay": 3.135716343194375e-06, "conv3_weight_decay": 0.057212654055371646, "dense1_weight_decay": 0.0028262857840927794, "dense2_weight_decay": 0.0002809503677061367, "1cycle_initial_lr_pct": 0.014972927388880416, "1cycle_final_lr_pct": 0.0004056743420892795, "1cycle_pct_warmup": 0.16062593661611718, "1cycle_max_lr": 0.557651829210305, "1cycle_beta1_max_damping_factor": 0.18492589772923967, "1cycle_beta1_min_damping_factor_pct": 0.7428368683896316, "beta2_damping_factor": 0.00039357376111975634, "conv1_channels": 6, "conv2_channels": 42, "conv3_channels": 180, "dense1_units": 227}