{"optimizer": "sgd", "nesterov": false, "epochs": 9, "batch_size": 189, "conv1_weight_decay": 1.5858779871944795e-07, "conv2_weight_decay": 1.953583440847954e-05, "conv3_weight_decay": 0.0001827951340545374, "dense1_weight_decay": 6.7526562498382456e-06, "dense2_weight_decay": 0.007192519083497849, "1cycle_initial_lr_pct": 0.030930031786447834, "1cycle_final_lr_pct": 0.0001074360796282951, "1cycle_pct_warmup": 0.1657951710000634, "1cycle_max_lr": 0.9862919661284167, "1cycle_max_momentum": 0.995124632138852, "1cycle_min_momentum_pct": 0.1550120785832405, "conv1_channels": 4, "conv2_channels": 13, "conv3_channels": 69, "dense1_units": 122}