{"accuracy": 0.11349999904632568, "loss": 2.301562786102295, "training_time": 26.803162813186646}