{"accuracy": 0.11349999904632568, "loss": 5.672582626342773, "training_time": 16.106351137161255}