{"optimizer": "sgd", "nesterov": false, "epochs": 3, "batch_size": 532, "conv1_weight_decay": 2.0500504503136873e-07, "conv2_weight_decay": 0.06410070931971848, "conv3_weight_decay": 0.014743545491309427, "dense1_weight_decay": 0.0008335667620587237, "dense2_weight_decay": 8.07991773420795e-06, "1cycle_initial_lr_pct": 0.2290445918444341, "1cycle_final_lr_pct": 0.0075487435076173936, "1cycle_pct_warmup": 0.015293571828302217, "1cycle_max_lr": 0.028981092047925365, "1cycle_momentum_max_damping_factor": 0.00045206016018354, "1cycle_momentum_min_damping_factor_pct": 0.12170960650249844, "conv1_channels": 40, "conv2_channels": 37, "conv3_channels": 48, "dense1_units": 48}