{"optimizer": "adam", "epochs": 43, "batch_size": 33, "conv1_weight_decay": 5.291246226410158e-07, "conv2_weight_decay": 0.005053565710022441, "conv3_weight_decay": 0.007152306041464406, "dense1_weight_decay": 2.7137863172725795e-05, "dense2_weight_decay": 3.854281064412955e-07, "1cycle_initial_lr_pct": 0.4543560500041302, "1cycle_final_lr_pct": 0.002149322671765382, "1cycle_pct_warmup": 0.2784618386439979, "1cycle_max_lr": 0.20052947607284288, "conv1_channels": 21, "conv2_channels": 17, "conv3_channels": 29, "dense1_units": 23}