{"accuracy": 0.2865999937057495, "loss": 17.610837936401367, "training_time": 6.407437562942505}